DEPTH_M,VSHALE,PHIE,TEMP_C,PRESSURE_PA,K_MINERAL_PA,MU_MINERAL_PA,RHO_MINERAL_KGM3,K_DRY_PA,MU_DRY_PA,RHO_BRINE_FLUID_KGM3,K_BRINE_FLUID_PA,VP_BRINE_MPS,VS_BRINE_MPS,RHO_BRINE_KGM3,AI_BRINE,VPVS_BRINE,VP_OIL_MPS,VS_OIL_MPS,RHO_OIL_KGM3,VP_GAS_MPS,VS_GAS_MPS,RHO_GAS_KGM3,AI_OIL,VPVS_OIL,AI_GAS,VPVS_GAS
2000.0,0.8485282011725438,0.28045108810188396,68.0,20000000.0,22815232644.55862,10243944439.630148,2590.6030259179215,5784549370.746825,2597238576.7611523,1012.0521156799999,2665254869.045542,2523.885572121904,1099.6367015901671,2147.896705517477,5421045.505463731,2.295199467671598,,,,,,,,,,
2000.1524,0.8452596316841525,0.2797118024846252,68.004572,20001524.000000004,22857675029.10268,10318825638.264061,2590.8318257821093,5828353107.340654,2631140717.343715,1012.0504143902493,2665264460.1191416,2530.843108704731,1106.4474432906843,2149.2280314724712,5439358.952487139,2.2873595343830817,,,,,,,,,,
2000.3048,0.8396937911752785,0.27878293476781907,68.00914399999999,20003048.0,22930063792.37133,10446521085.095963,2591.2214346177307,5888593232.253789,2682736250.5096173,1012.0487129841238,2665274048.526891,2541.1243435743695,1116.7894549547207,2150.9750287754296,5465895.008041824,2.275383540111773,,,,,,,,,,
2000.4571999999998,0.833417314682438,0.2784308725360891,68.013716,20004572.0,23011872056.961636,10590804242.606548,2591.660787972229,5925534140.057157,2727121546.429859,1012.0470114616271,2665283634.268927,2549.342123946411,1125.761773797786,2151.8475459083556,5485795.59309488,2.2645484891054175,,,,,,,,,,
2000.6095999999998,0.8285308484146257,0.27918414293544586,68.01828799999998,20006096.0,23075693711.919044,10703345679.954163,2592.0028406109764,5907811869.029788,2740257928.3543124,1012.0453098227622,2665293217.3453827,2550.655506937774,1128.717433522774,2150.9037515034656,5486214.498665432,2.2597821484665763,,,,,,,,,,
2000.7619999999997,0.8270655081281817,0.28104119494413965,68.02286,20007620.0,23094854849.168106,10737130882.645977,2592.1054144310274,5828864076.155275,2709922919.696847,1012.0436080675325,2665302797.756396,2542.9449941852804,1123.1997238471808,2148.042956285035,5462355.082979981,2.264018535790938,,,,,,,,,,
2000.9143999999997,0.8302912681111972,0.28347365902593175,68.02743199999999,20009143.999999996,23052687776.651142,10662779450.215488,2591.879611232216,5709498695.709929,2640868863.252867,1012.0419061959411,2665312375.5020957,2527.6293232550997,1109.8320344605575,2144.037236318453,5419331.3886693455,2.277488164669597,,,,,,,,,,
2001.0667999999996,0.8382388549953049,0.28566993752774866,68.032004,20010668.0,22949010822.752502,10479940076.370022,2591.3232801503286,5586985744.571644,2551363815.323773,1012.0402042079912,2665321950.5826216,2508.8521548190947,1091.8477972941357,2140.16958250725,5369369.068751597,2.297803925635643,,,,,,,,,,
2001.2191999999995,0.8496837988598143,0.28686516768812614,68.03657599999998,20012191.999999996,22800239242.869583,10217489354.721252,2590.522134079813,5498764423.772563,2464165676.7521257,1012.0385021036866,2665331522.9981103,2491.633492284456,1073.6445925491082,2137.710162300019,5326390.237183568,2.3207246695749455,,,,,,,,,,
2001.3715999999995,0.8625011241706311,0.286601663351528,68.04114799999999,20013715.999999996,22634358125.39821,9924718658.24454,2589.6249213080555,5470118546.954478,2398538863.1299434,1012.03679988303,2665341092.7486897,2480.1392119703646,1059.3068653627242,2137.4855416240307,5301261.706801471,2.341284941187579,,,,,,,,,,
2001.5239999999994,0.8742410526299523,0.2848975269432292,68.04571999999999,20015239.999999996,22483086246.417683,9657588168.25997,2588.8031263159032,5506825387.403462,2365451572.0471916,1012.0350975460251,2665350659.8345037,2476.4632386958315,1051.4585955541024,2139.5858143562145,5298605.615288249,2.3552646287424888,,,,,,,,,,
2001.6763999999994,0.8827017529615263,0.2822465789704213,68.05029199999998,20016763.999999996,22374456747.426132,9465665213.229477,2588.210877292693,5594626924.348891,2366844748.7511964,1012.0333950926749,2665360224.2556806,2480.3456171733615,1050.846624585642,2143.340175091526,5316224.409399851,2.360330764873878,,,,,,,,,,
2001.8287999999993,0.886523989398414,0.2794449758402965,68.05486399999998,20018287.999999993,22325487514.919632,9379120344.706408,2587.943320742111,5704324533.371197,2396433504.441763,1012.0316925229829,2665369786.0123587,2489.520093018169,1056.354682702503,2147.5627338679747,5346400.576981354,2.356708531503034,,,,,,,,,,
2001.9811999999993,0.8855904819005528,0.27730010990066983,68.05943599999998,20019811.999999996,22337441269.399963,9400248227.082453,2588.0086662669614,5801680862.42697,2441516894.588899,1012.029989836952,2665379345.1046696,2500.525659497874,1065.3951391803164,2150.9896060918077,5378604.70334579,2.347040612013403,,,,,,,,,,
2002.1335999999992,0.8810228596106281,0.2763145973155791,68.06400799999997,20021335.999999993,22395986889.656815,9503710569.755907,2588.3283998272564,5860589412.126955,2486934191.1766043,1012.028287034586,2665388901.5327525,2509.946276820183,1074.8131226133905,2152.7736689124476,5403346.255123323,2.335239702616665,,,,,,,,,,
2002.2859999999991,0.8747167492739418,0.2765103140051428,68.06857999999998,20022859.999999993,22476970041.64996,9646784438.414772,2588.769827550824,5873057654.545802,2520629830.568848,1012.0265841158878,2665398455.2967386,2515.6477810036617,1082.0673711796705,2152.7840582031426,5415646.438998793,2.3248531912214494,,,,,,,,,,
2002.438399999999,0.8686207056210249,0.27745304183773395,68.07315199999996,20024383.99999999,22555427080.67638,9785352898.777418,2589.1965506065285,5851482772.742896,2538583007.433295,1012.0248810808607,2665408006.396766,2517.549647571627,1086.2114191446665,2151.6054733963347,5416773.601262125,2.3177344697352407,,,,,,,,,,
2002.590799999999,0.8640614776370047,0.2784537568834221,68.07772399999998,20025907.999999993,22614216153.26184,9889158360.256905,2589.5156965654096,5822119801.254025,2546003112.236276,1012.0231779295084,2665417554.832968,2517.5170344582116,1088.13876468897,2150.256978295751,5413308.571322194,2.3135992542070776,,,,,,,,,,
2002.743199999999,0.8614758959459616,0.2788526607165574,68.08229599999997,20027431.99999999,22647598497.61483,9948092965.367945,2589.696687283783,5812951385.097654,2553373629.8003545,1012.0214746618336,2665427100.6054792,2518.2874328364715,1089.8391932568431,2149.757756497592,5413707.941830613,2.310696337971564,,,,,,,,,,
2002.895599999999,0.8605889113183556,0.2782766310830985,68.08686799999998,20028955.99999999,22659057433.658684,9968321512.073402,2589.7587762077155,5841564316.620839,2569859377.956022,1012.0197712778396,2665436643.714435,2521.9739984531875,1093.1094871238442,2150.7108811874295,5424036.92054504,2.307155896239568,,,,,,,,,,
2003.0479999999989,0.8608570967376703,0.27678625757664865,68.09143999999996,20030479.99999999,22655592368.02508,9962204687.756048,2589.740003228363,5907344263.628818,2597600263.958221,1012.0180677775303,2665446184.1599665,2528.856293249386,1098.3968488397263,2153.0482532183405,5444749.624820798,2.3023156848280313,,,,,,,,,,
2003.2003999999988,0.8618645502807726,0.27486853416702434,68.09601199999997,20032003.99999999,22642578626.23914,9939231101.619778,2589.669481480346,5990247167.697354,2629490745.659673,1012.0163641609083,2665455721.9422145,2537.012738935711,1104.3562692380929,2156.0222816987157,5469855.994098879,2.297277436280615,,,,,,,,,,
2003.3527999999988,0.8635843058780494,0.2731967170488679,68.10058399999997,20033527.999999985,22620374579.329765,9900031215.783531,2589.5490985885367,6060035800.74763,2652234753.4858947,1012.0146604279773,2665465257.0613127,2543.217608183171,1108.4668875938905,2158.571869051542,5489717.985900739,2.2943559583486004,,,,,,,,,,
2003.5051999999987,0.8663550323781157,0.27230646293215977,68.10515599999997,20035051.99999999,22584629929.18097,9836919874.443382,2589.3551477335322,6090878307.208431,2652931753.1822634,1012.0129565787406,2665474789.517393,2544.5302613069266,1108.2883914478598,2159.8346748265085,5495764.689516056,2.2959098741283133,,,,,,,,,,
2003.6575999999986,0.8706319560084688,0.27231046742316745,68.10972799999996,20036575.999999985,22529523241.10415,9739606800.029116,2589.055763079407,6075834851.654349,2626608730.4085546,1012.011252613201,2665484319.31059,2539.9402012494324,1102.8336863644574,2159.610035287214,5485280.3476477,2.30310357096768,,,,,,,,,,
2003.8099999999986,0.8765375146515544,0.2728830629481275,68.11429999999996,20038099.999999985,22453569282.552094,9605446731.398993,2588.6423739743914,6029490957.763298,2579365154.9756846,1012.009548531362,2665493846.4410415,2530.9118592925515,1093.1753911301166,2158.405979422937,5462735.290489466,2.3151928591038935,,,,,,,,,,
2003.9623999999985,0.8834603733697933,0.273510979597248,68.11887199999995,20039623.999999985,22364732346.097557,9448480374.71951,2588.1577738641145,5977451250.436408,2525307701.2766423,1012.0078443332272,2665503370.908882,2520.566613242341,1081.9960873076695,2157.0634626459882,5437022.146590396,2.329552428894883,,,,,,,,,,
2004.1147999999985,0.8899981386673089,0.2738318706226299,68.12344399999995,20041147.999999985,22281034483.654766,9300541579.090153,2587.700130293288,5940757024.716476,2479788708.202944,1012.0061400187999,2665512892.7142444,2512.098092770755,1072.4086561983654,2156.2248974075887,5416648.452362421,2.34248211094828,,,,,,,,,,
2004.2671999999984,0.8943637555476849,0.27379191809971876,68.12801599999995,20042671.99999998,22225250844.059753,9201912400.08731,2587.394537111662,5927661561.680345,2454227527.53884,1012.0044355880826,2665522411.8572617,2507.631187976765,1066.9066950597005,2156.0654594602106,5406616.989461877,2.350375341712938,,,,,,,,,,
2004.4195999999984,0.8951682032137162,0.27352342397907875,68.13258799999996,20044195.999999985,22214980856.807053,9183751715.609226,2587.33822577504,5936872802.052448,2454324229.7909164,1012.0027310410793,2665531928.3380713,2508.020243282106,1066.8333074661443,2156.4470673396313,5408412.898454126,2.350901706695821,,,,,,,,,,
2004.5719999999983,0.8921238160737796,0.27308162522030344,68.13715999999994,20045719.99999998,22253862127.94871,9252502082.155308,2587.5513328748357,5966987923.3427515,2480898275.881132,1012.0010263777932,2665541442.156813,2513.329518714575,1072.3818602052327,2157.2974945602764,5421999.473727338,2.3436889525840856,,,,,,,,,,
2004.7243999999982,0.8861860213854602,0.2723232079013088,68.14173199999996,20047243.999999985,22329814814.6801,9386768833.017006,2587.966978503018,6021404013.808783,2531213446.9948816,1011.9993215982271,2665550953.313612,2523.233487397072,1082.8261666716996,2158.794410625996,5447142.349297139,2.3302295096476806,,,,,,,,,,
2004.8767999999982,0.879044555061931,0.27106600530239444,68.14630399999994,20048767.99999998,22421372965.492996,9548565383.809093,2588.466881145665,6102979604.011405,2599069195.0328965,1011.997616702385,2665560461.8086066,2536.825999458052,1096.6486409709642,2161.139655151021,5482435.26564692,2.3132532195653535,,,,,,,,,,
2005.0291999999981,0.8722767393077462,0.26939588075412435,68.15087599999995,20050291.999999985,22508353029.07721,9702217015.434048,2588.940628248458,6202924038.408493,2673768048.3839064,1011.9959116902697,2665569967.6419334,2552.06086617221,1111.53047449224,2164.118217430702,5522961.412475256,2.2959882115135177,,,,,,,,,,
2005.181599999998,0.8668076837466299,0.2678053666016721,68.15544799999995,20051815.99999998,22578793707.11013,9826614588.56765,2589.323462137736,6295626569.574306,2739946903.065579,1011.9942065618843,2665579470.8137255,2565.6037303487137,1124.4781346122509,2166.9062225967027,5559422.688009941,2.281595036290679,,,,,,,,,,
2005.333999999998,0.8629352583253587,0.2669949250204442,68.16001999999995,20053339.99999998,22628752935.863,9914823042.38528,2589.594531917225,6347144991.669338,2781011379.4219775,1011.9925013172326,2665588971.3241186,2573.7252792342238,1132.487472300999,2168.38279604508,5580821.61723781,2.2726302428802185,,,,,,,,,,
2005.486399999998,0.8607421556331256,0.26744742134422705,68.16459199999994,20054863.99999998,22657077413.502625,9964826223.234205,2589.7480491056813,6334063273.96111,2785789122.756711,1011.9907959563177,2665598469.1732435,2573.9456719819786,1133.6171887908804,2167.7809402437333,5579750.368945382,2.270559848097714,,,,,,,,,,
2005.638799999998,0.8603065698796907,0.2691124699230655,68.16916399999994,20056387.99999998,22662705760.495712,9974761767.617247,2589.7785401084216,6258538313.47986,2754632626.404497,1011.9890904791426,2665607964.3612404,2566.3971355646386,1127.9381057972194,2165.175724300132,5556700.776837951,2.2752996129612324,,,,,,,,,,
2005.7911999999978,0.8615974011001161,0.2714376867834485,68.17373599999993,20057911.999999978,22646029058.304024,9945322361.318317,2589.688181922992,6147115832.854359,2699592427.11838,1011.9873848857111,2665617456.8882403,2553.812687449994,1117.5769486883949,2161.4407271387895,5519914.752138182,2.285133646007272,,,,,,,,,,
2005.9435999999978,0.8642421207043911,0.2737412107541997,68.17830799999993,20059435.99999998,22611885029.57333,9885042642.296309,2589.5030515506924,6033076470.100725,2637427976.180784,1011.985679176026,2665626946.7543783,2539.932393119107,1105.5990022419887,2157.6715360510675,5480339.828127167,2.2973360033506776,,,,,,,,,,
2006.0959999999977,0.8675799799599399,0.27560462736224395,68.18287999999993,20060959.999999978,22568838341.226707,9809035444.439327,2589.269401402804,5937649538.003706,2580665158.496209,1011.9839733500907,2665636433.959793,2527.4922045518874,1094.4257613023588,2154.5622387604385,5445639.262688871,2.309423164111369,,,,,,,,,,
2006.2483999999977,0.8710362598559741,0.27704376953881404,68.18745199999994,20062483.999999978,22524318252.110786,9730414278.756668,2589.027461810082,5861634999.978877,2532202584.879983,1011.9822674079087,2665645918.5046134,2517.0109743886455,1084.7166170611154,2152.1169164198323,5416901.896796169,2.3204318388779983,,,,,,,,,,
2006.4007999999976,0.8744102424444707,0.2783680039479049,68.19202399999992,20064007.999999978,22480910793.704765,9653745454.246258,2588.791283028887,5791593722.442752,2487024306.262951,1011.9805613494827,2665655400.3889737,2507.2105133710343,1075.5612930851516,2149.857629831336,5390145.6517640585,2.33107171993827,,,,,,,,,,
2006.5531999999976,0.8777912782833439,0.27987348080903185,68.19659599999993,20065531.999999978,22437464446.671,9576995164.377274,2588.554610520166,5714104506.844877,2438954337.3257155,1011.9788551748165,2665664879.613013,2496.5941482507155,1065.7471294662207,2147.3128661125347,5360968.736000027,2.342576469805867,,,,,,,,,,
2006.7055999999975,0.8811524012456424,0.28160862541446824,68.20116799999992,20067055.999999974,22394325195.4149,9500774351.75779,2588.319331912805,5627330840.555861,2387390557.7541203,1011.9771488839135,2665674356.1768646,2484.973599134958,1055.1350483071662,2144.407776567197,5328796.71054918,2.3551237380672654,,,,,,,,,,
2006.8579999999974,0.8839598497822925,0.28331600667338336,68.20573999999993,20068579.999999978,22358331200.28406,9437167974.334007,2588.1228105152395,5544329979.872932,2340191352.229901,1011.9754424767764,2665683830.0806613,2474.1090867532816,1045.3435348603691,2141.575032273819,5298490.247312608,2.366790441846238,,,,,,,,,,
2007.0103999999974,0.8851685482409039,0.2846048327511878,68.21031199999992,20070103.999999974,22342845494.85074,9409799675.484097,2588.038201623137,5485031177.226292,2310047957.113571,1011.9737359534089,2665693301.3245387,2466.864339058358,1039.097056948076,2139.4826379661135,5277813.423633109,2.374046122605492,,,,,,,,,,
2007.1627999999973,0.883613267267756,0.28519551910014945,68.21488399999993,20071627.999999974,22362772783.140686,9445017376.449196,2588.147071291257,5464577962.85879,2307989009.8903,1011.9720293138143,2665702769.9086323,2465.6771056425027,1038.8411425625618,2138.6290120018,5273168.592355684,2.373488115382389,,,,,,,,,,
2007.3151999999973,0.8785150108673925,0.28507405407501757,68.21945599999992,20073151.99999997,22428171197.16674,9560576447.144056,2588.5039492392825,5485780934.956573,2338453168.5563,1011.9703225579957,2665712235.8330717,2471.3843911308522,1045.5656828240158,2139.0751168956576,5286476.855352331,2.3636816239566873,,,,,,,,,,
2007.4675999999972,0.8699442360180168,0.28446894098865855,68.22402799999992,20074675.999999974,22538378630.496277,9755245879.529713,2589.1039034787386,5538918522.137364,2397400140.266503,1011.9686156859564,2665721699.097998,2482.883570543901,1058.3197923635103,2140.457898364483,5314507.749290101,2.346061737160712,,,,,,,,,,
2007.6199999999972,0.8589718104844084,0.2836862801265693,68.22859999999991,20076199.99999997,22679958097.735725,10005215616.220766,2589.8719732660916,5607882867.723357,2473905683.6125383,1011.9669086976996,2665731159.703543,2497.702384553858,1074.6259134166146,2142.24195510581,5350682.839559101,2.3242528896523456,,,,,,,,,,
2007.772399999997,0.8475130143999497,0.2829311807901012,68.23317199999991,20077723.99999997,22828409456.20166,10267193291.201046,2590.674088992004,5677873301.422171,2553652403.181964,1011.9652015932288,2665740617.6498427,2512.9486091947547,1091.3591101576917,2144.0081193564415,5387782.221639032,2.3025863675904588,,,,,,,,,,
2007.924799999997,0.8377982216780805,0.2822532322694997,68.2377439999999,20079247.99999997,22954750999.55446,10490064350.5934,2591.3541244825346,5739430627.250355,2622855574.2901087,1011.9634943725473,2665750072.937025,2526.113393086063,1105.6463789139175,2145.5660141178287,5419943.044013328,2.2847389918352357,,,,,,,,,,
2008.077199999997,0.8316174045139582,0.28163324141773954,68.24231599999992,20080771.99999997,23035367121.584126,10632236691.548565,2591.786781684023,5787312112.872691,2671199979.889748,1011.9617870356578,2665759525.565232,2535.4492097578727,1115.4543194047521,2146.8555475684407,5443243.201546708,2.2730193120870092,,,,,,,,,,
2008.229599999997,0.8296139182418691,0.28110338954224084,68.2468879999999,20082295.999999966,23061537909.570732,10678385076.427591,2591.927025723069,5817661411.757891,2693802514.0657454,1011.9600795825643,2665768975.5345926,2540.1114187330704,1119.9191463920126,2147.79296179827,5455633.427338307,2.268120361113943,,,,,,,,,,
2008.3819999999969,0.8310564301008663,0.28078754040870624,68.25145999999991,20083819.99999997,23042692968.665115,10645155029.096806,2591.8260498929394,5827091247.311654,2691972235.219133,1011.9583720132699,2665778422.8452487,2540.2029283898896,1119.4276311664535,2148.218890449893,5456911.916343298,2.269197988031594,,,,,,,,,,
2008.5343999999968,0.8342686854141568,0.28082447222502704,68.2560319999999,20085343.999999966,23000764142.72043,10571215171.394096,2591.601192021009,5814831814.25778,2672512874.466462,1011.9566643277775,2665787867.497326,2536.740192943312,1115.4315675404466,2147.998351228405,5448913.751937062,2.2742230601711273,,,,,,,,,,
2008.6867999999968,0.8375725537318169,0.28123423481068266,68.26060399999992,20086867.999999966,22957691158.67679,10495250019.112116,2591.369921238773,5785615231.997212,2644929664.5078616,1011.9549565260908,2665797309.490965,2531.352692901,1109.8707244721934,2147.1843621892604,5435280.9173827,2.2807635493807643,,,,,,,,,,
2008.8391999999967,0.8401976258323539,0.2818707194206719,68.2651759999999,20088391.999999966,22923504913.5374,10434952081.099825,2591.186166191735,5748632387.294014,2616820757.5381103,1011.9532486082128,2665806748.826296,2525.5587169129994,1104.2500031320058,2146.046647579661,5419966.8176967325,2.287125840841936,,,,,,,,,,
2008.9915999999967,0.842571838962686,0.2825339026942313,68.26974799999991,20089915.999999966,22892613843.86113,10380461607.231361,2591.019971272612,5711443041.619332,2589805411.465352,1011.9515405741471,2665816185.503457,2519.9053431631532,1098.834046371602,2144.8796049261196,5404893.576895002,2.2932537915838984,,,,,,,,,,
2009.1439999999966,0.8457644359132507,0.28314150971251417,68.2743199999999,20091439.999999963,22851116853.808353,10307255622.705517,2590.7964894860725,5674230760.729858,2559426188.5416,1011.9498324238965,2665825619.522579,2513.7102563578396,1092.6555535505581,2143.759463400932,5388790.150315101,2.3005513935197586,,,,,,,,,,
2009.2963999999965,0.8504557428298845,0.28385884321904314,68.2788919999999,20092963.999999966,22790227084.47042,10199822765.534527,2590.4680980019084,5627568363.322205,2518632205.553098,1011.9481241574646,2665835050.883797,2505.489604691415,1084.2588703282327,2142.3912442282704,5367738.991595838,2.310785434416543,,,,,,,,,,
2009.4487999999965,0.856152030915698,0.28504159236550175,68.2834639999999,20094487.999999963,22716432139.710983,10069593975.190662,2590.0693578359014,5557701645.735782,2463582250.223924,1011.9464157748548,2665844479.5872493,2494.0502175898323,1072.8831601372294,2140.2386814822903,5337862.749245082,2.324624255702574,,,,,,,,,,
2009.6011999999964,0.8611855422644702,0.2870077523881947,68.28803599999989,20096011.999999966,22651349170.286163,9954714142.308218,2589.717012041487,5456709886.445484,2398090580.331895,1011.9447072760698,2665853905.633065,2479.5933260334405,1059.3569126185396,2136.884129070423,5298603.624949802,2.34065903237874,,,,,,,,,,
2009.7535999999964,0.8634607368468326,0.289813150791507,68.29260799999989,20097535.999999963,22621969544.526093,9902847128.983698,2589.5577484207215,5329575901.10151,2333040688.921564,1011.9429986611135,2665863329.0213795,2463.9650477551418,1046.0019571767382,2132.3442470577347,5254021.6945320135,2.355602712642742,,,,,,,,,,
2009.9059999999963,0.8614535690231933,0.29316185231632746,68.29717999999988,20099059.999999966,22647886894.038464,9948602083.35693,2589.6982501683765,5194019141.831364,2281591651.2291074,1011.9412899299889,2665872749.752328,2449.980972639432,1035.663977131278,2127.1600971999123,5211501.763897629,2.3656137769952377,,,,,,,,,,
2010.0583999999963,0.8548580078984994,0.2964932274619915,68.30175199999988,20100583.999999963,22733182798.915764,10099157130.98123,2590.159939447105,5074094498.452004,2254153238.9278207,1011.9395810826994,2665882167.8260484,2440.3980023549702,1030.6131232859225,2122.2282917494213,5179081.683726489,2.3679089148158767,,,,,,,,,,
2010.2107999999962,0.8447340577783626,0.299213947178181,68.30632399999989,20102107.999999963,22864504313.71099,10330873723.550196,2590.8686159555145,4990309070.051459,2254772381.5413604,1011.937872119248,2665891583.2426662,2436.8566858527224,1031.6781706978613,2118.430515771284,5162311.565871684,2.3620318380918652,,,,,,,,,,
2010.3631999999961,0.8332158147906916,0.30089314450642285,68.31089599999987,20103631.999999963,23014501554.46572,10595441349.757177,2591.674892964652,4953458554.690047,2280478656.9226117,1011.9361630396384,2665900996.0023255,2439.4112052215287,1038.0542378802843,2116.342339018932,5162629.215887521,2.3499843420540603,,,,,,,,,,
2010.515599999996,0.8229707204225557,0.30135604178572484,68.31546799999988,20105155.999999963,23148454500.842865,10831631608.165232,2592.392049570421,4963085718.357859,2322328522.581973,1011.9344538438735,2665910406.1051536,2446.5886900283467,1047.5928935743766,2116.1116043120855,5177254.717947689,2.33543841795319,,,,,,,,,,
2010.667999999996,0.8165065382147132,0.3006532622923391,68.32003999999988,20106679.99999996,23233235398.971893,10981088248.989681,2592.84454232497,5010540852.345859,2368210467.889144,1011.9327445319568,2665919813.551289,2456.013876684603,1057.5344310161822,2117.538252922054,5200703.333587036,2.322396136383593,,,,,,,,,,
2010.820399999996,0.8153841031353756,0.29891136813847,68.32461199999989,20108203.999999963,23247977569.789864,11007074399.15006,2592.9231127805233,5086725961.565203,2408380296.26258,1011.9310351038913,2665929218.3408613,2465.6926110090153,1065.7592307215127,2120.346607826119,5228122.963694892,2.313555013114694,,,,,,,,,,
2010.972799999996,0.8196032452904284,0.2962457053075245,68.32918399999987,20109727.99999996,23192595047.994213,10909447881.92557,2592.62777282967,5187140183.585013,2439952725.081386,1011.9293255596806,2665938620.4740086,2474.9571508560916,1071.7102881987664,2124.352646439663,5257681.773245907,2.309352796282077,,,,,,,,,,
2011.1251999999959,0.8276071102321038,0.2927718917121308,68.33375599999988,20111251.99999996,23087771520.395203,10724641609.720581,2592.0675022837527,5311614910.929299,2467330648.9646664,1011.9276158993277,2665948019.950864,2484.4905504474095,1076.4162943667272,2129.446958577193,5290590.846264012,2.3081131003401194,,,,,,,,,,
2011.2775999999958,0.8368425592777043,0.28876799768689804,68.33832799999988,20112775.99999996,22967203701.05655,10512027386.272778,2591.4210208505606,5456157150.011617,2497268458.593053,1011.9259061228363,2665957416.7715597,2495.1716227442166,1081.4384467765922,2135.3133792143985,5327973.349481828,2.307271051978494,,,,,,,,,,
2011.4299999999957,0.8447511017550864,0.28478695747131677,68.34289999999987,20114299.99999996,22864282824.524746,10330482980.404564,2590.8674228771442,5605044442.469691,2532457136.8246226,1011.9241962302092,2665966810.936234,2506.7470949796207,1087.5317097693166,2141.2049853404196,5367459.376757978,2.304987590211363,,,,,,,,,,
2011.5823999999957,0.8495120639413876,0.2816168894751414,68.34747199999987,20115823.999999955,22802467035.299053,10221420253.404978,2590.534155524103,5729523977.487893,2568312995.9229927,1011.92248622145,2665976202.4450183,2517.333902189739,1093.9868613533465,2145.970447525929,5402124.160654308,2.3010641088281463,,,,,,,,,,
2011.7347999999956,0.8503372666185897,0.27999084381313927,68.35204399999986,20117347.999999955,22791763546.149433,10202533907.136444,2590.4763913366987,5799099631.017368,2595916305.3142896,1011.9207760965617,2665985591.298043,2524.37758135487,1099.2035996511495,2148.4952726196434,5423613.299847947,2.296551414274865,,,,,,,,,,
2011.8871999999956,0.847368318528588,0.2802059330641541,68.35661599999986,20118871.999999955,22830287959.22127,10270507605.09569,2590.684217702999,5799300286.4828825,2608892091.1967187,1011.9190658555477,2665994977.495451,2526.3845776770554,1101.996215676353,2148.304855240413,5427444.2544281185,2.292552861559947,,,,,,,,,,
2012.0395999999955,0.8414505012744572,0.2819181277094804,68.36118799999987,20120395.999999955,22907200317.5014,10406192051.9118,2591.098464910788,5742434990.333924,2608650578.280318,1011.9173554984113,2666004361.037374,2524.0835151660426,1102.5628332437932,2145.8986832310707,5416427.491560063,2.2892876841676832,,,,,,,,,,
2012.1919999999955,0.8339581460466562,0.28426739818903496,68.36575999999985,20121919.99999995,23004815376.007263,10578359676.795835,2591.622929776734,5662462645.970762,2603783840.3159566,1011.9156450251559,2666013741.9239397,2520.136513345946,1102.3908437036664,2142.563650040138,5399552.886633916,2.2860644459628543,,,,,,,,,,
2012.3443999999954,0.826629419169701,0.28626239313054525,68.37033199999986,20123443.999999955,23100559260.13916,10747188724.932314,2592.135940658121,5597732525.292227,2604261100.5013866,1011.9139344357843,2666023120.1552877,2517.6153012428217,1103.2093209612838,2139.777807479363,5387137.349369861,2.2820830584073497,,,,,,,,,,
2012.4967999999953,0.8212677560067079,0.2871756154910953,68.37490399999986,20124967.99999995,23170769874.009445,10870972619.734732,2592.5112570795304,5574440827.373914,2615346573.904199,1011.9122237303004,2666032495.731552,2518.4010133544393,1105.8587643849348,2138.601756832835,5385856.831569395,2.277326087617656,,,,,,,,,,
2012.6491999999953,0.8193016493913468,0.28672194523178723,68.37947599999987,20126491.99999995,23196551044.190147,10916421687.081318,2592.6488845426056,5600669741.252175,2635705304.1684155,1011.9105129087071,2666041868.6528625,2522.608969409546,1109.9431989239952,2139.4165037252064,5396911.261600017,2.2727369939786306,,,,,,,,,,
2012.8015999999952,0.8213237527618918,0.28500167397448745,68.38404799999985,20128015.99999995,23170035876.39149,10869678640.365128,2592.5073373066675,5670452119.991452,2660159553.4293776,1011.9088019710078,2666051238.919357,2529.170810906904,1114.3988414627695,2142.0341088543814,5417570.144081484,2.269538262967945,,,,,,,,,,
2012.9539999999952,0.8268111702203942,0.28235452455724924,68.38861999999986,20129539.99999995,23098181691.22739,10742996682.765198,2592.1232180845723,5770757399.766736,2683987355.865433,1011.9070909172059,2666060606.531171,2536.8073823850596,1118.3590032723914,2145.942044800533,5443841.621420482,2.2683300934335,,,,,,,,,,
2013.1063999999951,0.8341354000588016,0.27924401409943506,68.39319199999986,20131063.999999948,23002502899.607376,10574281544.243189,2591.610521995884,5886371678.113221,2705972983.4656763,1011.9053797473043,2666069971.488433,2544.7124303994256,1121.742786327358,2150.4873169808716,5472371.806937533,2.2685346956684618,,,,,,,,,,
2013.258799999995,0.8408801035945289,0.27616267240698955,68.39776399999985,20132587.99999995,22914622399.510082,10419284174.874706,2591.138392748383,6003214082.260449,2729662849.9982877,1011.9036684613066,2666079333.791285,2552.869513533885,1125.458761754342,2155.0127109313485,5501466.25101465,2.268292362444737,,,,,,,,,,
2013.411199999995,0.8444135535695863,0.2735301675253452,68.40233599999985,20134111.999999948,22868669572.68979,10338221877.01856,2590.891051250129,6111259604.254329,2762712432.2217746,1011.9019570592159,2666088693.439851,2562.0457710019978,1131.2081767806756,2158.9898997953956,5531430.94240682,2.264875576035321,,,,,,,,,,
2013.563599999995,0.8425913980925014,0.27158517623856526,68.40690799999985,20135635.999999948,22892359469.679596,10380012883.939407,2591.018602133525,6207162203.129683,2814494666.9444203,1011.9002455410355,2666098050.434274,2573.5098959106217,1140.924633589343,2162.1534649568002,5564323.338543765,2.2556353155548696,,,,,,,,,,
2013.715999999995,0.8344035684384509,0.2703676161227664,68.41147999999984,20137159.999999948,22999004630.425865,10568112182.688892,2591.5917502093084,6292738782.861042,2891532501.613364,1011.8985339067688,2666107404.774683,2588.2725367675425,1155.8084358808708,2164.4938611122852,5602300.016718867,2.239361174756399,,,,,,,,,,
2013.8683999999948,0.8204600869038653,0.2697847710704718,68.41605199999984,20138683.999999948,23181358391.960335,10889639142.246803,2592.5677939167294,6370060247.291732,2992389670.8070483,1011.8968221564186,2666116756.4612117,2606.1436607205255,1175.3497841449278,2166.126837662634,5645237.726291073,2.217334529581342,,,,,,,,,,
2014.0207999999948,0.8030114753101416,0.2696937949325391,68.42062399999983,20140207.999999944,23410894257.22277,11294213075.17835,2593.7891967282903,6437463813.202776,3105651888.869254,1011.8951102899889,2666126105.493996,2625.328294661081,1197.100689271614,2167.1621773754027,5689512.183382962,2.1930722437880177,,,,,,,,,,
2014.1731999999947,0.7855037529444389,0.2699556039883513,68.42519599999984,20141731.999999948,23642741547.68144,11702765015.6646,2595.014737293889,6488639557.022983,3211768984.3220696,1011.8933983074827,2666135451.8731723,2642.729110627215,1217.2459696259798,2167.6422600409664,5728491.302036029,2.1710723851804907,,,,,,,,,,
2014.3255999999947,0.7716739964838799,0.2704493003009556,68.42976799999983,20143255.999999944,23826994477.874626,12027430822.265217,2595.9828202461285,6515338168.855311,3288823488.9355364,1011.8916862089031,2666144795.598871,2654.9177059431954,1231.7826126436653,2167.566481432814,5754710.63036497,2.155345982880195,,,,,,,,,,
2014.4779999999946,0.7644709461694211,0.2711084130485538,68.43433999999985,20144779.999999948,23923355888.305496,12197235090.235128,2596.4870337681405,6509759473.271655,3318976946.507466,1011.8899739942533,2666154136.6712255,2659.111671157362,1237.609804945442,2166.8894395714374,5762000.998872044,2.1485864612025956,,,,,,,,,,
2014.6303999999946,0.7651929852453602,0.27199831589326157,68.43891199999983,20146303.999999944,23913684210.288437,12180191500.936676,2596.436491032825,6464158904.511311,3292453503.068281,1011.8882616635372,2666163475.090371,2653.649534450672,1233.0666253596944,2165.4420411927294,5746324.264490999,2.1520731158193365,,,,,,,,,,
2014.7827999999945,0.7731357921894673,0.27329960849907936,68.44348399999984,20147827.999999948,23807472049.853992,11993030354.05037,2595.8804945467373,6373145874.454517,3210476600.0803795,1011.886549216757,2666172810.8564415,2638.4305465141942,1218.3131935097215,2162.9755694231417,5706860.81372995,2.165642267168915,,,,,,,,,,
2014.9351999999944,0.7859167623146162,0.2751893548484383,68.44805599999984,20149351.999999944,23637254257.611244,11693096067.765106,2594.985826637977,6238279199.851047,3086009787.194752,1011.8848366539171,2666182143.9695697,2615.200489345761,1195.4703514733746,2159.3332865443394,5647089.4676313475,2.1875912573846934,,,,,,,,,,
2015.0875999999944,0.80022965546958,0.27769507486841805,68.45262799999983,20150875.999999944,23447629067.82731,11358950176.341106,2593.9839241171294,6071739600.670872,2941388547.5683365,1011.8831239750201,2666191474.429892,2587.466404959464,1168.392082397675,2154.6423239722826,5575064.627982067,2.2145531829090155,,,,,,,,,,
2015.2399999999943,0.8127779340270554,0.2806331593577273,68.45719999999983,20152399.999999944,23282231196.295036,11067451262.277195,2593.1055446181063,5894677484.839488,2802096380.7233996,1011.8814111800696,2666200802.2375407,2559.6994822600827,1141.791458248799,2149.3616203987053,5501719.826924259,2.2418274928995996,,,,,,,,,,
2015.3923999999943,0.8211331242826212,0.28367023903937355,68.46177199999983,20153923.999999944,23172534670.472572,10874083808.321333,2592.5206813002164,5730394830.356358,2689079745.750384,1011.8796982690685,2666210127.3926497,2536.0222210250213,1119.8897867020562,2144.1398758083405,5437586.3700357815,2.2645283947925883,,,,,,,,,,
2015.5447999999942,0.8242972763159456,0.28646297755582206,68.46634399999982,20155447.99999994,23131081320.217697,10801002313.135578,2592.2991906578836,5596278279.849264,2613168567.8165874,1011.8779852420204,2666219449.8953533,2518.970048280398,1105.1488210912553,2139.567026362094,5389505.255694471,2.279303927405085,,,,,,,,,,
2015.6971999999942,0.8228102457092848,0.2887896803271904,68.47091599999982,20156971.999999944,23150556732.05527,10835337818.45831,2592.40328280035,5498766880.64947,2573631270.572806,1011.8762720989286,2666228769.7457848,2508.8924896734316,1097.6812850850615,2135.9633926313973,5358902.513990296,2.285629283985663,,,,,,,,,,
2015.849599999994,0.8183822800511156,0.29057527730241545,68.47548799999981,20158495.99999994,23208613048.75482,10937684827.39296,2592.713240396422,5434568141.357358,2561186805.0144715,1011.8745588397959,2666238086.944076,2504.3426178876502,1095.692004733116,2133.3606021327205,5342665.875243431,2.2856264416181875,,,,,,,,,,
2016.001999999994,0.8130998510409032,0.2918086215154282,68.48005999999982,20160019.99999994,23277998333.64048,11059990411.309784,2593.0830104271367,5397122621.166952,2564315177.9294024,1011.8728454646262,2666247401.490362,2503.3077879427656,1096.7950593736543,2131.6722518632437,5336231.7494307505,2.2823842672780885,,,,,,,,,,
2016.154399999994,0.8086043874151524,0.2924279539514262,68.4846319999998,20161543.99999994,23337155308.764538,11164256575.371317,2593.3976928809398,5383911823.894724,2575608388.678034,1011.8711319734224,2666256713.3847795,2504.539232322675,1099.4028040928767,2130.9151165549188,5336960.51016124,2.2780906352055235,,,,,,,,,,
2016.306799999994,0.805577658129413,0.29225392952165685,68.48920399999982,20163067.99999994,23377041397.27113,11234552631.141043,2593.609563930941,5400685512.644265,2595464695.6789675,1011.8694183661878,2666266022.6274614,2508.3292935353265,1103.5225606496756,2131.3397909074843,5346102.032010701,2.2730204011946986,,,,,,,,,,
2016.4591999999939,0.8037962168761642,0.29106170303936424,68.49377599999981,20164591.999999937,23400538517.115707,11275962911.3859,2593.734264818668,5458188976.599736,2630124790.4383717,1011.8677046429257,2666275329.2185388,2516.0632122383536,1110.3524050263711,2133.3134898328954,5367551.591940367,2.266004199071012,,,,,,,,,,
2016.6115999999938,0.8026462823985642,0.2887590568642987,68.49834799999982,20166115.999999937,23415714530.205475,11302707888.82465,2593.8147602321005,5563102191.235034,2685295763.3259187,1011.8659908036396,2666284633.1581473,2528.825535824225,1120.9661779563846,2137.0127255643,5404132.350788329,2.255933841317573,,,,,,,,,,
2016.7639999999938,0.801746298373079,0.2855522125625261,68.5029199999998,20167639.999999933,23427596501.047424,11323647425.747355,2593.8777591138846,5708775310.745928,2759316724.991742,1011.8642768483326,2666293934.4464183,2545.969041585401,1134.9528862496365,2142.13030894921,5453797.449626459,2.243237646628978,,,,,,,,,,
2016.9163999999937,0.8013704731292819,0.2819050777691021,68.50749199999981,20169163.999999937,23432559508.74488,11332393637.109867,2593.9040668809503,5874727068.073573,2841120263.5012536,1011.8625627770077,2666303233.0834885,2564.8764420072657,1150.1008015210766,2147.918533632581,5509145.646264997,2.230131862020324,,,,,,,,,,
2017.0687999999936,0.8023975630434759,0.278315218175037,68.51206399999981,20170687.999999933,23418997822.275627,11308494042.455029,2593.8321705869566,6035699732.81926,2914500227.0640154,1011.8608485896688,2666312529.0694933,2582.089636294211,1163.335612499969,2153.5454769586295,5560647.45734315,2.2195569434562286,,,,,,,,,,
2017.2211999999936,0.8058011531047797,0.2750328950193929,68.5166359999998,20172211.999999937,23374094629.565212,11229359301.831497,2593.5939192826654,6176114445.915286,2967122761.396332,1011.8591342863183,2666321822.404558,2595.239083032622,1172.4253766614138,2158.564822212243,5601991.789864577,2.213564406480861,,,,,,,,,,
2017.3735999999935,0.8119894689940247,0.27196534701169317,68.5212079999998,20173735.999999933,23292600828.450188,11085728599.647953,2593.160737170418,6297820655.166889,2997343708.700928,1011.8574198669603,2666331113.0888257,2604.250255387953,1177.1447531174979,2163.1010317492414,5633256.4143629065,2.2123449545954075,,,,,,,,,,
2017.5259999999935,0.8203760014435054,0.2688314981613126,68.5257799999998,20175259.999999933,23182460933.160316,10891582794.18833,2592.5736798989547,6415349549.641256,3014059248.284094,1011.855705331598,2666340401.1224265,2611.0472393506975,1179.189563395018,2167.626898625497,5659776.229598418,2.2142726838874,,,,,,,,,,
2017.6783999999934,0.8295715889354854,0.26546201936392955,68.5303519999998,20176783.999999933,23062091050.293907,10679360431.149519,2591.929988774516,6541451313.417632,3029149272.130422,1011.853990680234,2666349686.5054965,2617.875033685722,1180.816632379366,2172.4798235719313,5687280.691314921,2.217003861480727,,,,,,,,,,
2017.8307999999934,0.8381228363592006,0.2619655261921625,68.5349239999998,20178307.999999933,22950522119.910446,10482605650.711632,2591.331401454856,6676422810.831283,3049442932.8317666,1011.8522759128721,2666358969.23816,2625.741388089254,1183.3819985934274,2177.5623212227133,5717715.511978186,2.2188451330257015,,,,,,,,,,
2017.9831999999933,0.8453069617025396,0.25870449200455514,68.53949599999979,20179831.99999993,22857060088.9747,10317740762.14288,2590.8285126808223,6805804317.778514,3072159077.1239586,1011.8505610295155,2666368249.3205633,2633.7054243011344,1186.4806532003745,2182.339823812478,5747640.231643304,2.2197626376772877,,,,,,,,,,
2018.1355999999932,0.851418259862488,0.2561132572573787,68.5440679999998,20181355.999999933,22777747098.54326,10177800921.868273,2590.400721809626,6907393815.116812,3086436899.7976637,1011.8488460301674,2666377526.7528296,2639.40492138671,1188.207889517623,2186.1126591540037,5770036.511276865,2.221332600693495,,,,,,,,,,
2018.2879999999932,0.8572457153547183,0.25453042006429555,68.54863999999979,20182879.99999993,22702280870.060314,10044617237.866104,2589.9927999251695,6961263698.169261,3080008997.3416286,1011.8471309148312,2666386801.5350986,2640.3902478475825,1186.3747519102162,2188.3067198693197,5777983.722442283,2.22559544831531,,,,,,,,,,
2018.4403999999931,0.8630649225683429,0.25413726083009686,68.5532119999998,20184403.99999993,22627078984.512245,9911867747.755236,2589.585455420216,6957267839.78314,3047654483.4108977,1011.8454156835099,2666396073.6675034,2635.5626293410637,1180.0418034350741,2188.622923419561,5768252.786683784,2.2334485284072163,,,,,,,,,,
2018.592799999993,0.8679157678835709,0.254980129158593,68.55778399999978,20185927.99999993,22564510684.387352,9801393489.597408,2589.24589624815,6897303540.84522,2995996100.539992,1011.8437003362071,2666405343.1501737,2625.910214894317,1170.421498848643,2187.0396805994747,5742969.837665365,2.243559450571828,,,,,,,,,,
2018.745199999993,0.8697116047298318,0.2570113844281672,68.5623559999998,20187451.99999993,22541374583.706284,9760536773.547186,2589.120187668912,6792646381.615595,2941252519.9499226,1011.8419848729261,2666414609.983252,2614.128626916604,1160.5544446970925,2183.7417331399442,5708581.778393608,2.2524825430304545,,,,,,,,,,
2018.897599999993,0.8662623689383186,0.26012854303401295,68.56692799999979,20188975.999999925,22585824793.364475,9839029674.699425,2589.3616341743177,6657271297.262866,2900097315.2655354,1011.8402692936696,2666423874.166859,2603.1258617487115,1153.6586897036916,2179.003299922887,5672219.842865051,2.2564090098582836,,,,,,,,,,
2019.049999999993,0.8565202113248946,0.2642127760121538,68.57149999999979,20190499.99999993,22711667602.847702,10061184779.74389,2590.0435852072574,6500735777.683463,2879801915.354054,1011.8385535984415,2666433135.7011375,2594.3349736606883,1151.185429459802,2173.0616526895433,5637649.845493378,2.253620404905654,,,,,,,,,,
2019.2023999999928,0.8413655124156936,0.269140118636477,68.57607199999978,20192023.999999933,22908306104.552002,10408142612.46363,2591.1044141309017,6325073166.32035,2873728998.070611,1011.8368377872451,2666442394.5862207,2586.8773270841716,1151.8280454196172,2166.0601512750286,5603331.894433882,2.2458884703938238,,,,,,,,,,
2019.3547999999928,0.8234298484154566,0.2747368820018837,68.58064399999978,20193547.99999993,23142440581.629883,10821029053.577297,2592.359910610918,6128567374.772622,2865618489.342141,1011.8351218600832,2666451650.822237,2578.267574553968,1152.312406146792,2158.1314582228283,5564240.36036079,2.237472720766251,,,,,,,,,,
2019.5071999999927,0.8061123536373667,0.2806620511128042,68.58521599999979,20195071.99999993,23369991884.74492,11222128670.284203,2593.5721352453843,5915579655.6121025,2840625550.14957,1011.8334058169592,2666460904.4093227,2566.392048745648,1149.5406123416485,2149.638099119442,5516814.125260845,2.2325370858519133,,,,,,,,,,
2019.6595999999927,0.7923787578844841,0.2863426819778841,68.58978799999977,20196595.99999993,23551513165.561188,11542012709.144657,2594.533486948086,5703399936.312351,2795094909.0826035,1011.8316896578765,2666470155.3476152,2551.269159584448,1142.4984671316054,2141.3384095407905,5463130.644495031,2.2330613414210956,,,,,,,,,,
2019.8119999999926,0.7840270008439474,0.29105650500241986,68.59435999999978,20198119.99999993,23662369018.27218,11737349765.11904,2595.1181099409237,5519491247.65792,2737857703.480478,1011.8299733828384,2666479403.637241,2535.255044295419,1132.605166819699,2134.2917985025333,5410974.048151889,2.238427934612283,,,,,,,,,,
2019.9643999999926,0.7817312893257821,0.2941570469551252,68.59893199999978,20199643.999999925,23692903556.78779,11791153249.46178,2595.2788097471953,5390037027.748981,2682438328.5118256,1011.8282569918482,2666488649.2783384,2521.505759231366,1122.345299914941,2129.495671149222,5369535.599061026,2.246639923936477,,,,,,,,,,
2020.1167999999925,0.7856034175694999,0.2953282939502787,68.60350399999979,20201167.99999993,23641417311.792576,11700431630.320257,2595.007760770135,5327305598.667903,2636549835.780971,1011.826540484909,2666497892.271038,2511.818538738113,1113.2388579754725,2127.4495519691786,5343767.224866276,2.256315902686048,,,,,,,,,,
2020.2691999999925,0.795636178397372,0.2946942643609166,68.60807599999977,20202691.999999925,23508372689.15113,11465993032.98775,2594.305467512184,5324756623.761639,2597101175.7262945,1011.8248238620242,2666507132.6154766,2505.5392186962904,1104.747327530025,2127.95749836631,5331680.967875637,2.2679749081612464,,,,,,,,,,
2020.4215999999924,0.8114630452976227,0.2927349325513557,68.61264799999978,20204215.999999925,23299525892.041435,11097934448.069273,2593.1975868291665,5361931525.017144,2553973194.7937336,1011.8231071231967,2666516370.311783,2500.294472972254,1094.9402744043057,2130.274035174004,5326312.396061863,2.2834984988861797,,,,,,,,,,
2020.5739999999923,0.8315108957146444,0.2900617829956782,68.61721999999978,20205739.999999925,23036757919.017395,10634689228.446564,2591.794237299975,5416529465.500902,2500486733.6290026,1011.8213902684305,2666525605.360095,2494.141548378498,1082.5937017431197,2133.5044962052475,5321262.207637844,2.3038574345690344,,,,,,,,,,
2020.7263999999923,0.8522815297458166,0.28724436573160117,68.62179199999977,20207263.999999925,22766557643.092575,10158055608.009556,2590.340292917793,5474219699.276874,2442504878.755232,1011.8196732977283,2666534837.7605443,2487.417755780896,1069.1131603600916,2136.919138740773,5315410.608371819,2.3266178436556713,,,,,,,,,,
2020.8787999999922,0.8687158223513423,0.284734570894572,68.62636399999977,20208787.99999992,22554201610.901543,9783188820.77848,2589.189892435406,5531298169.170083,2399275103.8840337,1011.8179562110936,2666544067.5132656,2482.994790939005,1058.832578674309,2140.057571033436,5313751.801185601,2.345030594022514,,,,,,,,,,
2021.0311999999922,0.8758958138394612,0.28288813586760686,68.63093599999976,20210311.999999925,22461814806.176346,9620012970.683043,2588.6872930312375,5588563873.466432,2393486786.9828014,1011.8162390085295,2666553294.61839,2484.463435959026,1056.9246736274758,2142.609180055165,5323234.165397206,2.3506532659816597,,,,,,,,,,
2021.183599999992,0.8713011889957694,0.2819686744107682,68.63550799999976,20211835.99999992,22520907971.066254,9724391291.361494,2589.008916770296,5643388374.0390005,2436780827.3441176,1011.8145216900396,2666562519.076051,2493.498535316346,1066.0228764873427,2144.2895039014224,5346782.737272412,2.3390666282253583,,,,,,,,,,
2021.335999999992,0.8562491374090948,0.28206792884954396,68.64007999999977,20213359.99999992,22715175445.952316,10067375979.098858,2590.0625603813633,5687693279.016436,2520788220.627873,1011.8128042556269,2666571740.8863845,2508.3814088050253,1084.091096053199,2144.888920463679,5380199.492042973,2.3138105440928123,,,,,,,,,,
2021.488399999992,0.8354855246801695,0.28296107705973444,68.64465199999975,20214883.999999918,22984893962.613853,10543226838.884247,2591.516013272388,5715465334.460985,2621697868.5660577,1011.8110867052948,2666580960.049523,2525.113182571116,1105.6716347688043,2144.521005814395,5415158.262082597,2.2837821855664378,,,,,,,,,,
2021.640799999992,0.8151540190636423,0.28406519436015837,68.64922399999976,20216407.99999992,23251000282.34707,11012402485.245401,2592.939218665545,5732106399.374712,2714905251.0266056,1011.8093690390461,2666590176.5655932,2540.117759539828,1125.3449995988935,2143.7952606227454,5445492.41432515,2.257190248719461,,,,,,,,,,
2021.7931999999919,0.8002692629935932,0.28458477985348746,68.65379599999976,20217931.999999918,23447105765.061905,11358027984.944145,2593.9811515904485,5757023535.116403,2788763571.8037434,1011.807651256885,2666599390.4347405,2552.405726196955,1140.5700276900507,2143.7186543079993,5471639.768610968,2.237833420334775,,,,,,,,,,
2021.9455999999918,0.793018120970158,0.2838659024089228,68.65836799999977,20219455.999999918,23543041347.775425,11527084310.782173,2594.488731532089,5813139847.428158,2846214817.441308,1011.8059333588141,2666608601.65709,2563.3349157949024,1151.855539041516,2145.2190508015533,5498914.89494802,2.225396179392347,,,,,,,,,,
2022.0979999999918,0.7925227267712727,0.2817837943214983,68.66293999999975,20220979.999999918,23549605338.60176,11538650886.37274,2594.523409126011,5909618170.339497,2895548352.4617295,1011.8042153448365,2666617810.232779,2574.5062310058365,1160.8973274769278,2148.538789356889,5531426.500757047,2.217686413837492,,,,,,,,,,
2022.2503999999917,0.7958094639344694,0.2788950378626646,68.66751199999976,20222503.999999918,23506079245.629715,11461951599.674229,2594.2933375245875,6031340455.90994,2940980997.4859905,1011.8024972149561,2666627016.161936,2585.956805542077,1168.7717140943978,2152.944494699113,5567421.468021519,2.2125422564198174,,,,,,,,,,
2022.4027999999917,0.7993633993999975,0.2762773798383156,68.67208399999976,20224027.999999914,23459076196.395073,11379122795.696049,2594.0445620420005,6140511075.830244,2978532870.4009833,1011.8007789691759,2666636219.4446993,2595.6679038166253,1175.1290150316931,2156.9063953891764,5598612.702048496,2.2088365367666634,,,,,,,,,,
2022.5551999999916,0.8006717883477146,0.2750550285656982,68.67665599999975,20225551.999999918,23441787964.810696,11348656655.48412,2593.95297481566,6192966804.861223,2998143915.16053,1011.7990606074991,2666645420.0811987,2600.5434516787222,1178.481285484086,2158.7735847478034,5613984.509472901,2.206690495395092,,,,,,,,,,
2022.7075999999915,0.7992446123895862,0.2759184763340046,68.68122799999975,20227075.999999914,23460646200.294495,11381889508.014399,2594.052877132729,6157638932.462329,2987367243.04952,1011.7973421299289,2666654618.071569,2597.6271877887234,1176.7141731106267,2157.479340743711,5604326.992608354,2.2075260476568697,,,,,,,,,,
2022.8599999999915,0.7967085213587556,0.27886000397802524,68.68579999999974,20228599.999999914,23494182611.463577,11440987623.997284,2594.230403504887,6029904892.990492,2936389334.988967,1011.795623536469,2666663813.4159436,2585.2184599322095,1167.8567664756479,2152.9526344679284,5565852.893986171,2.213643431406292,,,,,,,,,,
2023.0123999999914,0.7957754447371355,0.28324504465820793,68.69037199999974,20230123.999999914,23506529479.564392,11462744988.115538,2594.2957188684004,5832276837.40355,2844056675.630059,1011.7939048271219,2666673006.1144557,2563.7522356523823,1151.1931620600778,2146.0599218785833,5501965.9225601945,2.227039145250401,,,,,,,,,,
2023.1647999999914,0.7986014776643875,0.28814227072191045,68.69494399999974,20231647.999999914,23469147725.017212,11396871109.68082,2594.0978965634927,5603176147.789346,2720962734.1142073,1011.7921860018914,2666682196.167238,2535.9868143263607,1128.0810643672337,2138.168736146027,5422367.7216711845,2.248053703258332,,,,,,,,,,
2023.3171999999913,0.8053026737921395,0.2927176822163816,68.69951599999973,20233171.99999991,23380667391.371483,11240942992.61396,2593.6288128345504,5381354137.080562,2587244156.2687798,1011.7904670607809,2666691383.574425,2506.3290554800915,1101.9656989049322,2130.5967586186575,5339976.561637645,2.2744165793642503,,,,,,,,,,
2023.4695999999913,0.8136865349988842,0.2964474516212425,68.70408799999974,20234695.999999914,23270285387.22698,11046395438.67657,2593.041942550078,5195925147.77315,2466503650.340744,1011.7887480037934,2666700568.33615,2479.6682859925636,1077.5430923473139,2124.283462658883,5267518.3328137,2.301224242077287,,,,,,,,,,
2023.6219999999912,0.8203942348019706,0.2990941211794536,68.70865999999972,20236219.99999991,23182221851.68586,10891161321.672672,2592.5724035638623,5064674460.856668,2379417596.287656,1011.7870288309323,2666709750.4525414,2460.2571248523823,1059.4759130139237,2119.7687911347834,5215176.271429072,2.322145406641302,,,,,,,,,,
2023.7743999999911,0.8228290356055303,0.30054957407287247,68.71323199999975,20237743.999999914,23150310576.465786,10834903849.648348,2592.4019675076124,4996968991.914445,2338702039.794955,1011.7853095422007,2666718929.923739,2450.8259544956577,1050.9723600988227,2117.3483041836207,5189252.178600584,2.331960427832,,,,,,,,,,
2023.926799999991,0.8206651941554328,0.30072203318845975,68.71780399999973,20239267.99999991,23178669139.885197,10884898287.410868,2592.55343640912,4995910663.777044,2346121733.7378926,1011.783590137602,2666728106.7498703,2451.975922626154,1052.679742798055,2117.1811142353404,5191277.115943868,2.3292705491878536,,,,,,,,,,
2024.079199999991,0.8159501629770429,0.29960157152344274,68.72237599999974,20240791.999999914,23240542110.056473,10993967927.423857,2592.883488591607,5056113956.521979,2391801121.168757,1011.7818706171394,2666737280.931074,2461.8805305655246,1062.3761345543792,2119.1829591081982,5217175.267734709,2.3173341818321034,,,,,,,,,,
2024.231599999991,0.8118679307416168,0.29740667359403883,68.72694799999974,20242315.99999991,23294199533.083508,11088546425.044044,2593.1692448480867,5160478767.205996,2456500310.489231,1011.7801509808164,2666746452.4674807,2476.605606150286,1075.717891549158,2122.8535747831306,5257471.064344076,2.3022816907727433,,,,,,,,,,
2024.383999999991,0.8109220570357295,0.2946499203433868,68.73151999999973,20243839.99999991,23306643981.436413,11110480392.685562,2593.235456007499,5280968933.499359,2517483934.4849367,1011.778431228636,2666755621.3592205,2491.2694886954896,1087.8603336384135,2127.2592696299175,5299576.112973665,2.2900637257020766,,,,,,,,,,
2024.5363999999909,0.8137466544936149,0.2919557591618842,68.73609199999973,20245363.99999991,23269495111.474392,11045002476.138182,2593.037734185447,5388766272.258492,2557809550.0265346,1011.7767113606013,2666764787.60643,2502.0338960700415,1095.4781330189726,2131.3794718335216,5332783.683915333,2.283965166127792,,,,,,,,,,
2024.6887999999908,0.8191078466761585,0.28969222812127393,68.74066399999973,20246887.99999991,23199093365.65387,10920903378.477352,2592.6624507326687,5470819966.462471,2575372033.4276257,1011.7749913767162,2666773951.2092443,2508.1206708731997,1098.3794855378276,2134.691640222863,5354064.228783178,2.283473702756825,,,,,,,,,,
2024.8411999999907,0.8248425119574039,0.2877132963810124,68.74523599999972,20248411.999999907,23123943149.147915,10788417263.059975,2592.261024162982,5539561999.043419,2584468657.2183185,1011.7732712769833,2666783112.167791,2512.321729748144,1099.5858724121797,2137.5336828903323,5370172.31959396,2.2847890217403597,,,,,,,,,,
2024.9935999999907,0.828969870467577,0.2854552637441958,68.74980799999972,20249935.99999991,23069954978.110054,10693226792.903221,2591.9721090672697,5625907261.021556,2607681823.177656,1011.7715510614065,2666792270.482207,2519.401024521285,1103.645408838617,2140.8955420129805,5393774.421940555,2.282799352350398,,,,,,,,,,
2025.1459999999906,0.8302948024119672,0.28238119131331696,68.75437999999971,20251459.999999907,23052641603.912773,10662698032.058474,2591.879363831162,5758188448.281213,2663374796.2875,1011.7698307299887,2666801426.1526246,2533.263120329911,1114.1227532337434,2145.686151468524,5435587.595317831,2.273773794653336,,,,,,,,,,
2025.2983999999906,0.8284457290764483,0.2784924443756284,68.75895199999972,20252983.999999907,23076806468.277306,10705307745.816948,2592.0087989646486,5939458936.8730955,2755309139.081921,1011.7681102827329,2666810579.1791744,2554.412390743469,1131.5447431362318,2151.9237068717953,5496900.5807679305,2.257455930256513,,,,,,,,,,
2025.4507999999905,0.8236338899669484,0.274534041827668,68.7635239999997,20254507.999999907,23139768259.088493,10816317703.142868,2592.345627702314,6137229542.424014,2868750620.348138,1011.7663897196429,2666819729.561994,2579.1225707102717,1152.8641551662506,2158.4228210700358,5566837.014957868,2.2371435169986227,,,,,,,,,,
2025.6031999999905,0.8164776450877761,0.2717259126195232,68.76809599999972,20256031.999999907,23233614806.356346,10981757041.332254,2592.846564843856,6293092364.128247,2974535471.8807015,1011.7646690407219,2666828877.301214,2600.7616619774894,1172.623692886022,2163.225643780543,5626034.32055101,2.2178996363075205,,,,,,,,,,
2025.7555999999904,0.8080083053016239,0.2711805066981,68.77266799999971,20257555.999999903,23345006840.758972,11178094546.613428,2593.4394186288864,6348982186.134507,3040030085.896888,1011.7629482459729,2666838022.396967,2612.5355448710866,1185.1086834187067,2164.5195919579855,5654884.371560098,2.204469160866034,,,,,,,,,,
2025.9079999999904,0.799708779143417,0.2733196948755513,68.77723999999972,20259079.999999903,23454511727.77534,11371079118.244656,2594.020385459961,6277714971.990088,3043525035.0470257,1011.7612273353993,2666847164.849387,2610.445213848077,1186.6018284115432,2161.5577951473088,5642628.2007982945,2.1999335845812547,,,,,,,,,,
2026.0603999999903,0.7934439059262375,0.27763775688761577,68.7818119999997,20260603.9999999,23537400678.78193,11517144710.082018,2594.458926585163,6097648479.457259,2983655709.800966,1011.7595063090043,2666856304.658603,2594.873031024693,1176.6478447110112,2155.0418097123606,5592059.872753252,2.2053098067434123,,,,,,,,,,
2026.2127999999902,0.7910546864553467,0.28290078973942945,68.78638399999971,20262127.999999903,23569064259.39126,11572939713.203096,2594.626171948126,5863473899.739778,2879097328.8042164,1011.7577851667913,2666865441.824757,2570.29726729134,1158.0550328478084,2146.8314552741094,5517995.022826134,2.2194949241493678,,,,,,,,,,
2026.3651999999902,0.7937651214448042,0.28769258438256984,68.79095599999971,20263651.9999999,23533145923.24125,11509647249.626547,2594.436441498864,5638515172.058267,2757698475.7471642,1011.7560639087635,2666874576.347974,2543.0644316634325,1135.4204856169833,2139.111033418387,5439897.1844651075,2.2397556358000186,,,,,,,,,,
2026.5175999999901,0.8015755715740734,0.29096693131142826,68.7955279999997,20265175.999999903,23429850967.414593,11327620432.882248,2593.889709989815,5469181933.9004545,2644183145.32871,1011.7543425349243,2666883708.2283883,2518.793989180676,1113.2566721529536,2133.5406372021866,5373949.332657577,2.262545603530514,,,,,,,,,,
2026.66999999999,0.8131046330812367,0.2923782837403234,68.8000999999997,20266699.9999999,23277935458.811684,11059879587.67886,2593.0826756843135,5372401189.137861,2552550691.349013,1011.7526210452768,2666892837.4661345,2500.562350935803,1094.5166056758019,2130.7361082819602,5328038.492149342,2.2846271477003746,,,,,,,,,,
2026.82239999999,0.8260823686005088,0.2922399684646634,68.8046719999997,20268223.9999999,23107716446.543716,10759807890.16819,2592.1742341979643,5339065356.293637,2486066404.686408,1011.7508994398244,2666901964.061347,2488.742320260755,1080.2762293342905,2130.311368687427,5301796.058585012,2.3038017987255146,,,,,,,,,,
2026.97479999999,0.8382203157124805,0.2912395520896833,68.8092439999997,20269747.9999999,22949252317.275345,10480366016.846134,2591.3245779001263,5345291691.598381,2441064859.9905553,1011.7491777185701,2666911088.0141563,2481.904529289785,1070.208538829103,2131.2897458593675,5289657.673477239,2.319084962642136,,,,,,,,,,
2027.12719999999,0.8480193968394354,0.2900954375185584,68.8138159999997,20271271.9999999,22821836161.61504,10255595638.04927,2590.6386422212395,5364552821.9309635,2410703684.448268,1011.7474558815173,2666920209.324695,2477.9138038080896,1063.2031258562138,2132.6095127258222,5284422.549715758,2.3306118497465738,,,,,,,,,,
2027.2795999999898,0.8549927279826471,0.28933707518185664,68.81838799999969,20272795.999999896,22731438532.26938,10096078756.449743,2590.1505090412147,5375740780.320644,2387614062.14257,1011.7457339286696,2666929327.9930954,2474.733815545171,1057.888421348287,2133.4594879570745,5279744.338943059,2.33931458706307,,,,,,,,,,
2027.4319999999898,0.859378544394616,0.28922755194874755,68.8229599999997,20274319.9999999,22674700013.081818,9995934222.802296,2589.843501892377,5367003959.940833,2365994633.9372296,1011.7440118600298,2666938444.0194955,2470.9480145242433,1053.0993457560776,2133.4136496587544,5271554.221783219,2.346357942849366,,,,,,,,,,
2027.5843999999897,0.8615530642353408,0.2897759887786617,68.82753199999969,20275843.999999896,22646601734.075794,9946333334.141668,2589.691285503526,5336962139.343301,2343981011.0551505,1011.7422896756015,2666947557.4040217,2466.1940773883225,1048.428165826863,2132.439554995193,5259009.800917734,2.3522775882726417,,,,,,,,,,
2027.7367999999897,0.8616220675919921,0.29079833883886996,68.8321039999997,20277367.999999896,22645710458.24096,9944759920.042381,2589.6864552685606,5293291015.771886,2324524480.5120416,1011.7405673753879,2666956668.1468105,2461.254433578925,1044.4639002617616,2130.8224122916,5244496.10942204,2.3564763061337874,,,,,,,,,,
2027.8891999999896,0.859486372951888,0.2919849482629201,68.83667599999968,20278891.999999896,22673306179.517933,9993473847.820465,2589.835953893368,5249466700.1023445,2313752029.241664,1011.738844959392,2666965776.2479906,2457.675904429507,1042.473274972627,2129.055351187417,5232528.035810017,2.357543318790633,,,,,,,,,,
2028.0415999999896,0.8552622589551048,0.2930231428854982,68.8412479999997,20280415.999999896,22727949077.31933,10089920329.992147,2590.1316418731426,5218229720.262338,2316598033.6336727,1011.7371224276172,2666974881.707701,2456.799968794132,1043.4646632618567,2127.6255190719694,5227150.308861613,2.354463984543768,,,,,,,,,,
2028.1939999999895,0.8497503848228581,0.29373257016520304,68.84581999999969,20281939.999999892,22799375508.777702,10215965304.878183,2590.5174730624,5204654836.232856,2332106561.88152,1011.7353997800673,2666983984.5260715,2458.6991058402696,1047.160232064698,2126.7777569464324,5229106.569325168,2.347968372512031,,,,,,,,,,
2028.3463999999894,0.8444359571994137,0.29414409747870074,68.85039199999969,20283463.999999896,22868378400.279053,10337708207.127687,2590.889482996041,5203007980.2883625,2352032897.047108,1011.7336770167449,2666993084.703236,2461.8102089847253,1051.720217733446,2126.3901236680103,5234768.914730201,2.340746300656037,,,,,,,,,,
2028.4987999999894,0.8408042503091966,0.2945050195050598,68.85496399999968,20284987.999999892,22915609527.925552,10421025393.033113,2591.1437024783563,5198488118.72194,2364046944.7066183,1011.7319541376532,2667002182.239324,2463.5357156022665,1054.4998413823766,2125.999014726757,5237474.504114595,2.3362125046626283,,,,,,,,,,
2028.6511999999893,0.8393756268894232,0.2950994776242405,68.85953599999968,20286511.999999896,22934206251.998016,10453827741.155136,2591.24370611774,5177593712.444017,2360041249.688433,1011.7302311427962,2667011277.1344724,2462.0119064521264,1053.8214522733697,2125.130104752185,5232095.620659734,2.3362704385462263,,,,,,,,,,
2028.8035999999893,0.8392179378930775,0.2960137759206537,68.86410799999967,20288035.999999892,22936259521.950108,10457449362.033289,2591.2547443474846,5139552898.565975,2343303367.700794,1011.7285080321767,2667020369.388813,2457.7204044207283,1050.4330272039904,2123.6932189700515,5219444.156992633,2.339721182380005,,,,,,,,,,
2028.9559999999892,0.8384148938870087,0.2969724586186864,68.86867999999967,20289559.999999896,22946717804.540665,10475895709.7603,2591.310957427909,5101666235.130089,2329070496.289136,1011.7267848057978,2667029459.0024767,2453.8236277515684,1047.6020122993189,2122.2179620891575,5207548.578613157,2.342324278631174,,,,,,,,,,
2029.1083999999892,0.8352532070728365,0.29739449105438515,68.87325199999967,20291083.999999892,22987923331.70065,10548569455.5591,2591.5322755049015,5093138038.066268,2337110645.710398,1011.725061463663,2667038545.975597,2454.749251459243,1049.5351847811455,2121.7063131210616,5208256.983950277,2.3388918133041154,,,,,,,,,,
2029.260799999989,0.8292858303839439,0.29664818581814195,68.87782399999968,20292607.999999892,23065825443.538406,10685945267.564068,2591.9499918731235,5141806794.47987,2382098404.269035,1011.7233380057758,2667047630.3083067,2464.0204348645134,1059.2210007533574,2123.1786218219017,5231555.511036641,2.3262571579604354,,,,,,,,,,
2029.413199999989,0.82163496938604,0.29437802146030806,68.88239599999966,20294131.999999892,23165956771.616364,10862487471.686396,2592.485552142977,5260707900.001918,2466739199.2195854,1011.7216144321388,2667056712.000741,2482.4665335740783,1076.8698905768347,2127.143391763855,5280562.282167025,2.3052613461449125,,,,,,,,,,
2029.565599999989,0.8143760511950539,0.2907111593154565,68.88696799999967,20295655.999999892,23261222710.563076,11030421206.950691,2592.9936764163463,5440962557.4672365,2580092608.496352,1011.719890742756,2667065791.0530305,2507.6947141615947,1099.744267788171,2133.2997409880363,5349664.4841979975,2.2802525892725254,,,,,,,,,,
2029.717999999989,0.8095426359256842,0.2862497283398343,68.89153999999967,20297179.99999989,23324800375.14599,11142481279.676994,2593.332015485202,5652634409.490412,2700317776.5979366,1011.7181669376303,2667074867.4653034,2534.822048952511,1123.1561399338236,2140.59548099994,5426028.623126754,2.2568741413832836,,,,,,,,,,
2029.8703999999889,0.8082652817842391,0.28187230995954554,68.89611199999968,20298703.999999892,23341621756.324257,11172128504.706863,2593.4214302751034,5853413372.398613,2801651362.116195,1011.7164430167649,2667083941.2376995,2558.180913126809,1142.173573997358,2147.5825918420624,5493904.795813766,2.2397479431902236,,,,,,,,,,
2030.0227999999888,0.8103504567105456,0.27842794007286453,68.90068399999966,20300227.99999989,23314166427.240963,11123738899.355354,2593.275468030262,6003509177.851649,2864415881.336243,1011.7147189801632,2667093012.3703475,2573.445469671423,1153.462844644012,2152.924766572146,5540434.487078494,2.231060568288746,,,,,,,,,,
2030.1751999999888,0.8142976324909421,0.27648138008856954,68.90525599999967,20301751.99999989,23262253290.901703,11032237759.630806,2592.9991657256337,6079580341.462965,2883270806.445467,1011.7129948278285,2667102080.8633866,2579.171258014593,1156.4801505928601,2155.802982880839,5560185.091388386,2.2301906839407506,,,,,,,,,,
2030.3275999999887,0.817704029895289,0.2761969774111093,68.90982799999966,20303275.99999989,23217514258.7217,10953375775.87574,2592.7607179073298,6080985436.1870985,2868839352.3937984,1011.7112705597642,2667111146.7169385,2577.054149873791,1153.5082781309554,2156.0796394124272,5556333.982206183,2.2341011319393616,,,,,,,,,,
2030.4799999999886,0.8179807186989246,0.27741006232758375,68.91439999999966,20304799.99999989,23213882781.405815,10946974278.732603,2592.7413496910754,6024274702.378078,2840868149.2859073,1011.7095461759731,2667120209.931145,2570.684365923662,1148.385892176023,2154.1472185360585,5537632.576588588,2.2385196330238712,,,,,,,,,,
2030.6323999999886,0.8132310758166843,0.279773707292248,68.91897199999966,20306323.999999885,23276273015.846844,11056949349.874405,2593.073824692832,5932267867.833274,2818010654.019368,1011.7078216764588,2667129270.5061336,2563.7083997463624,1144.686411551213,2150.6491954430176,5513637.407265021,2.239660027301427,,,,,,,,,,
2030.7847999999885,0.8030648075253936,0.28285925295661174,68.92354399999965,20307847.999999885,23410190367.85972,11292972600.654512,2593.785463473222,5825830251.075066,2810354822.7348256,1011.7060970612248,2667138328.44204,2558.450369669545,1144.2934741854742,2146.2796757718547,5491150.029892733,2.2358340997187716,,,,,,,,,,
2030.9371999999885,0.7889253700107642,0.28618570450768005,68.92811599999965,20309371.99999988,23597307944.1929,11622707746.826002,2594.7752240992468,5721558624.129808,2818118232.040013,1011.7043723302738,2667147383.7389946,2555.6053357593278,1147.0912232391665,2141.72297710017,5473398.667995547,2.227900696984488,,,,,,,,,,
2031.0895999999884,0.7283125710324063,0.29297071709324085,68.93268799999966,20310895.999999885,24411285892.163628,13057400046.287846,2599.0181200277316,5607091353.591146,2999187966.7192774,1011.7026474836097,2667156436.39713,2578.8219387537524,1185.5136293122182,2133.9811677832836,5503157.452366884,2.1752781874383587,,,,,,,,,,
2031.2419999999884,0.7075450079637957,0.2958998241609708,68.93725999999964,20312419.99999988,24694801422.985313,13557717770.14853,2600.471849442534,5538764664.484872,3040842759.985208,1011.7009225212353,2667165486.416581,2582.5660105707757,1194.7334168010434,2130.3548115344593,5501781.9267248055,2.161625325158914,,,,,,,,,,
2031.3943999999883,0.6906070465893376,0.2978962977681109,68.94183199999965,20313943.999999885,24927868524.315536,13969457102.910036,2601.657506738746,5500184264.85601,3082276692.492164,1011.6991974431539,2667174533.7974772,2587.4059231543442,1203.5066318807592,2128.014812793944,5506038.131183234,2.1498892109226855,,,,,,,,,,
2031.5467999999883,0.6785333658327559,0.29898733837887054,68.94640399999965,20315467.99999988,25095032967.150043,14265088658.259937,2602.502664391707,5487417545.15657,3119282524.514627,1011.697472249369,2667183578.539954,2592.543690799247,1211.0349408502793,2126.8720541137814,5514008.725029918,2.1407670442431637,,,,,,,,,,
2031.6991999999882,0.67087232392796,0.29937367467721393,68.95097599999966,20316991.99999988,25201555584.908386,14453635914.73264,2603.0389373250428,5493111334.091784,3150417877.7598476,1011.6957469398837,2667192620.644143,2597.4770195034007,1217.1324465343237,2126.632678746876,5523879.511969969,2.134095617037805,,,,,,,,,,
2031.8515999999881,0.6662913520229504,0.2992395939069569,68.95554799999964,20318515.99999988,25265421486.065582,14566746077.430964,2603.3596053583933,5513151973.055158,3178600638.9038057,1011.6940215147015,2667201660.1101775,2602.4897201546682,1222.4386349154315,2127.0702424133274,5535678.439927583,2.128932811694641,,,,,,,,,,
2032.003999999988,0.6633800286294621,0.29862610827587444,68.96011999999965,20320039.99999988,25306076496.221645,14638775776.053352,2603.5633979959375,5550116079.098623,3210569004.054177,1011.6922959738253,2667210696.9381866,2608.688342856181,1228.2475156435078,2128.1891259222466,5551782.16418665,2.1239109459866707,,,,,,,,,,
2032.156399999988,0.661170781833871,0.29752676020946,68.96469199999964,20321563.999999877,25336962114.997986,14693511485.023119,2603.7180452716293,5607481100.132023,3251912663.1234064,1011.6905703172586,2667219731.1283083,2617.023996695833,1235.5912270182182,2130.047268484008,5574384.815719061,2.1180338120491093,,,,,,,,,,
2032.308799999988,0.6591317358333721,0.296052614978789,68.96926399999964,20323087.99999988,25365494979.78018,14744089225.185589,2603.860778491664,5682090340.082691,3302803553.6671534,1011.6888445450045,2667228762.6806684,2627.3731474685746,1244.5073075071987,2132.4941139509197,5602857.772129437,2.1111753475608874,,,,,,,,,,
2032.461199999988,0.6566540902694368,0.29459173141399914,68.97383599999964,20324611.999999877,25400199858.16033,14805622934.202602,2604.0342136811396,5758064892.5316925,3356341214.067464,1011.6871186570667,2667237791.5954065,2638.100309322051,1253.8339353194945,2134.941925945946,5632190.955222616,2.1040268850673804,,,,,,,,,,
2032.6135999999879,0.6525969295121654,0.29377221929938335,68.97840799999963,20326135.999999877,25457111611.105904,14906568317.983353,2604.3182149341483,5809496849.026731,3401786620.417144,1011.6853926534479,2667246817.87265,2646.6859591610882,1261.849264968442,2136.4469362037066,5654504.108543076,2.097466022795742,,,,,,,,,,
2032.7659999999878,0.6453128952665858,0.29424524359454035,68.98297999999963,20327659.999999877,25559546467.18653,15088382323.146185,2604.828097331339,5810527499.561401,3430086700.6810975,1011.6836665341515,2667255841.5125303,2650.9086703848848,1267.2040264644468,2136.052926210135,5662481.222491452,2.091935169888177,,,,,,,,,,
2032.9183999999877,0.6332974641809641,0.29640787763701243,68.98755199999962,20329183.999999877,25729251997.89105,15389973980.019888,2605.6691775073323,5746840147.707146,3437477325.3336744,1011.6819402991813,2667264862.515188,2649.729784358806,1269.4168400055012,2133.198803545979,5652400.40571435,2.0873598812091725,,,,,,,,,,
2033.0707999999877,0.6160953869413867,0.30021032578652784,68.99212399999962,20330707.999999873,25973832856.180565,15825558471.113308,2606.873322914103,5622267088.025158,3425582856.193134,1011.6802139485399,2667273880.8807454,2643.4960807627526,1268.771689512842,2127.979879979127,5625306.472666815,2.0835080910244383,,,,,,,,,,
2033.2231999999876,0.5947556236724345,0.30515663095625506,68.99669599999963,20332231.999999877,26279963213.446316,16372551057.110188,2608.367106342929,5457181382.879947,3399851822.220117,1011.6784874822309,2667282896.609343,2633.6718785471517,1266.0377631786996,2121.1269867252026,5586352.495765624,2.0802474895651373,,,,,,,,,,
2033.3755999999876,0.5716634912314484,0.31050401715052794,69.00126799999961,20333755.999999873,26614734632.637245,16973417761.516312,2609.9835556137987,5279259918.067173,3366822374.8170943,1011.6767609002577,2667291909.7011075,2622.168128103509,1262.0836287168631,2113.70287521626,5542484.311672825,2.0776500609309214,,,,,,,,,,
2033.5279999999875,0.5497115607889461,0.3155562682074021,69.00583999999964,20335279.999999877,26936470756.901554,17554033151.31785,2611.5201907447736,5112179050.618003,3331518866.7404904,1011.675034202623,2667300920.156173,2610.5878956559404,1257.540419924426,2106.6790234366454,5499670.758615984,2.075947503789046,,,,,,,,,,
2033.6803999999875,0.5313335522427909,0.3198622656730275,69.01041199999962,20336803.999999873,27208534624.749947,18047809127.163914,2612.806651343005,4969486275.169282,3296331132.538536,1011.6733073893307,2667309927.974676,2599.8213866676406,1252.6711250531037,2100.664512301352,5461352.525294803,2.0754221396756694,,,,,,,,,,
2033.8327999999874,0.5176640483194874,0.32326299137453124,69.01498399999963,20338327.999999877,27412542490.711273,18419974435.962578,2613.763516617636,4855060331.2724695,3262378424.6717806,1011.6715804603838,2667318933.1567416,2590.2295574501427,1247.6287147899684,2095.866484878428,5428775.3176012365,2.076122108079401,,,,,,,,,,
2033.9851999999873,0.5080512527735822,0.3257911354646062,69.01955599999962,20339851.999999873,27556867624.752457,18684345027.41195,2614.4364123058494,4768957525.664343,3233489707.3188586,1011.6698534157855,2667327935.702508,2582.445275348865,1243.1597849599548,2092.269275200356,5403170.904498753,2.077323692892826,,,,,,,,,,
2034.1375999999873,0.5000563446093113,0.32758164806775597,69.02412799999962,20341375.999999873,27677452725.11798,18905966091.801567,2614.996055877348,4711276458.483572,3218187521.005465,1011.6681262555392,2667336935.6121044,2577.8219626563846,1240.9545693769105,2089.775250298773,5387068.537235919,2.077289552953354,,,,,,,,,,
2034.2899999999872,0.49019255419213736,0.32881910099302736,69.02869999999962,20342899.999999873,27826925189.976387,19181666938.73423,2615.6865212065504,4682569839.762121,3227790870.5498385,1011.6663989796482,2667345932.8856664,2578.1517364204824,1243.257324606978,2088.2540666411746,5383835.847998078,2.07370725705195,,,,,,,,,,
2034.4423999999872,0.47536060548076775,0.32972300258041776,69.03327199999961,20344423.999999873,28053164236.297546,19601195918.448727,2616.7247576163463,4680988816.750627,3270681984.9747567,1011.6646715881154,2667354927.5233197,2584.6427042779956,1251.7164696829616,2087.4995267291342,5395440.421944225,2.0648787220420943,,,,,,,,,,
2034.5947999999871,0.45438306690948704,0.3304616450634408,69.03784399999961,20345947.99999987,28376259635.75428,20205470065.5608,2618.193185316336,4702268120.930055,3348275600.001131,1011.6629440809446,2667363919.525207,2597.2747365299865,1266.538863096326,2087.296558953522,5421282.620215956,2.0506869644571277,,,,,,,,,,
2034.747199999987,0.42868153626350747,0.3310599262974658,69.0424159999996,20347471.999999873,28777262015.049698,20965016034.996048,2619.9922924615544,4742008698.84425,3454681976.255021,1011.6612164581387,2667372908.891452,2614.8606760564066,1286.4319223214095,2087.5383249779397,5458621.875745474,2.0326459804711647,,,,,,,,,,
2034.899599999987,0.4015273711570406,0.3314161605230541,69.0469879999996,20348995.99999987,29207350124.017296,21793370281.441395,2621.893084019007,4796779433.067142,3579167226.720538,1011.659488719701,2667381895.622188,2635.5286586809607,1309.1856681256443,2088.2356483196772,5503604.897225725,2.013105339332225,,,,,,,,,,
2035.051999999987,0.3762120623260983,0.33145087260240097,69.05155999999961,20350519.99999987,29614527854.838577,22592948232.667328,2623.665155637173,4862061943.487138,3709271150.0135975,1011.6577608656352,2667390879.71755,2657.1759581228525,1332.4080493831268,2089.3638979986235,5551807.517531791,1.9942659152750253,,,,,,,,,,
2035.204399999987,0.35443359259230495,0.3313386451171558,69.0561319999996,20352043.99999987,29969828316.04457,23304843459.29448,2625.1896485185384,4925594903.636587,3830192717.910751,1011.6560328959441,2667399861.177673,2677.161483822637,1353.5634549112058,2090.563606467162,5596776.366715231,1.9778618239942505,,,,,,,,,,
2035.3567999999868,0.3359050614625221,0.3315597346220658,69.0607039999996,20353567.99999987,30275900120.32322,23930227998.52233,2626.4866456976233,4965551999.818426,3924797975.3509927,1011.6543048106308,2667408840.0026793,2692.252158205262,1370.010920111741,2091.073263294003,5629696.506068599,1.965131896894425,,,,,,,,,,
2035.5091999999868,0.3193261617497482,0.33269683216127893,69.0652759999996,20355091.999999866,30552823072.232086,24506931790.080055,2627.6471686775176,4957465944.866129,3976466576.435523,1011.652576609699,2667417816.1927114,2699.254341400047,1379.3497293536923,2090.0108871067964,5641470.960596384,1.9569035205196357,,,,,,,,,,
2035.6615999999867,0.3038849470835184,0.3350328640013905,69.06984799999961,20356615.999999866,30813420010.156773,25060128298.92584,2628.728053704154,4889930891.167435,3976913158.7841945,1011.6508482931521,2667426789.7478957,2696.620556519261,1380.4370620500997,2086.954046263941,5627723.181666392,1.9534541853827692,,,,,,,,,,
2035.8139999999867,0.29005555012910383,0.338234845602714,69.07441999999959,20358139.999999862,31049068538.60614,25570018894.076706,2629.6961114909627,4777933704.35607,3934799362.5999823,1011.649119860993,2667435760.668369,2686.12265752255,1374.6037535474786,2082.416237099064,5593625.436864646,1.9541068839586664,,,,,,,,,,
2035.9663999999866,0.27929968761754914,0.34133418792109876,69.0789919999996,20359663.999999866,31233853905.52262,25976843326.073055,2630.4490218667715,4663441537.252656,3878531625.970558,1011.647391313225,2667444728.954258,2673.405002051347,1366.223319178203,2077.8966818964263,5555059.383127802,1.9567847836614491,,,,,,,,,,
2036.1187999999865,0.27312540668522156,0.3430981807347146,69.0835639999996,20361187.999999862,31340535750.13338,26214705627.81378,2630.8812215320345,4598864931.895706,3846708026.0811667,1011.6456626498511,2667453694.6057005,2666.1619776896737,1361.4497320318346,2075.3244470985983,5533151.132224128,1.95832568398297,,,,,,,,,,
2036.2711999999865,0.27240234879348824,0.34255271061087095,69.0881359999996,20362711.999999866,31353058373.100945,26242775834.166847,2630.9318355844557,4625519674.120229,3871599206.685623,1011.6439338708751,2667462657.6228223,2670.8200224862335,1365.5461431170888,2076.240375593079,5545264.366628333,1.955862155188427,,,,,,,,,,
2036.4235999999864,0.277271978165545,0.33940492754205037,69.09270799999959,20364235.999999862,31268840244.09677,26054602240.01339,2630.5909615284118,4757439714.268927,3964112466.867744,1011.6422049763003,2667471618.005759,2689.399146571323,1380.1467922859545,2081.1117761165497,5596940.234607379,1.9486326828444367,,,,,,,,,,
2036.5759999999864,0.287610690603249,0.33410966723631125,69.09727999999959,20365759.999999862,31090954036.89956,25661676591.57555,2629.8672516577726,4977597206.064072,4108381156.5752788,1011.6404759661295,2667480575.7546463,2718.535029682591,1402.3135919944837,2089.202042118549,5679568.935583679,1.9386070599344836,,,,,,,,,,
2036.7283999999863,0.303392346298515,0.32759980734000693,69.10185199999958,20367283.999999862,30821776836.23023,25078048442.68174,2628.7625357591037,5245622659.367748,4268085511.8326497,1011.6387468403663,2667489530.8696094,2751.1098897337,1425.9721748073814,2098.9930940643835,5774560.659563264,1.929287217757469,,,,,,,,,,
2036.8807999999863,0.3246818936026285,0.3209057758598516,69.10642399999959,20368807.999999862,30463043104.364998,24318757688.31434,2627.272267447816,5511872461.7600155,4400147757.635803,1011.6370175990139,2667498483.3507886,2779.166792321934,1444.492724416302,2108.805584088561,5860722.450761988,1.9239742404690572,,,,,,,,,,
2037.0331999999862,0.35122437781963145,0.3148765817143024,69.11099599999957,20370331.99999986,30022587843.28497,23411803037.889236,2625.4142935526256,5732143004.438659,4469961207.38967,1011.6352882420754,2667507433.1983066,2796.5810317722826,1452.9927239988738,2117.2730767181324,5921125.72543207,1.9247040852865622,,,,,,,,,,
2037.1855999999862,0.38195913507537477,0.3101174775201102,69.11556799999958,20371855.999999862,29521549972.86738,22408922861.755005,2623.2628605447235,5875463707.913058,4459888221.6100855,1011.6335587695544,2667516380.412303,2800.1669606387227,1449.2358910583237,2123.4684467807115,5946066.186634175,1.9321678257594517,,,,,,,,,,
2037.337999999986,0.41486967748212417,0.3070530779238295,69.12013999999958,20373379.99999986,28995181495.630325,21382811457.879272,2620.9591225762515,5924647143.281602,4369195372.629259,1011.6318291814537,2667525324.992906,2789.3703640303147,1433.2975642961749,2126.810223752553,5932461.408052054,1.9461209127220163,,,,,,,,,,
2037.490399999986,0.44729394200526446,0.3059829776062733,69.12471199999959,20374903.99999986,28486290985.757027,20412766411.684883,2618.6894240596316,5873984475.180459,4209192170.987565,1011.630099477777,2667534266.9402504,2765.415167085296,1406.7601588748782,2126.9566267341493,5881918.115303195,1.965804298365306,,,,,,,,,,
2037.642799999986,0.47665091594230974,0.3070216347989659,69.12928399999957,20376427.99999986,28033410938.396206,19564453601.32985,2616.634435884038,5729664660.95071,3998719908.065623,1011.6283696585275,2667543206.2544656,2730.7623048509704,1372.1363141354852,2123.8628495692246,5799764.6102770055,1.9901538037578197,,,,,,,,,,
2037.795199999986,0.5012809894047413,0.3100028440033953,69.13385599999958,20377951.99999986,27658949004.49936,18871913317.93782,2614.910330741668,5510219198.075189,3759664875.624729,1011.6266397237082,2667552142.9356837,2688.670282684812,1332.3646159325754,2117.8878267818395,5694302.06192825,2.0179688431630285,,,,,,,,,,
2037.9475999999859,0.5209406583107923,0.31442291977698095,69.13842799999958,20379475.999999855,27363511291.49961,18330369351.527588,2613.5341539182446,5245350935.578792,3513774931.998895,1011.6249096733226,2667561076.9840374,2642.9207613469325,1290.507229499591,2109.857172125019,5576185.323685941,2.0479705196008515,,,,,,,,,,
2038.0999999999858,0.5366295435575721,0.3195147075852342,69.14299999999957,20380999.99999986,27129876040.578217,17904763831.47742,2612.43593195097,4970607140.159791,3280425860.05563,1011.6231795073738,2667570008.399662,2597.4964542194975,1249.5595974735918,2100.9527134552404,5457217.223682819,2.078729545570469,,,,,,,,,,
2038.2523999999858,0.5498841027115512,0.32440268092847124,69.14757199999957,20382523.999999862,26933928317.523376,17549431530.193657,2611.5081128101915,4720916841.02955,3076023886.477929,1011.6214492258655,2667578937.1826863,2556.337181106691,1212.445028961559,2092.500589961729,5349137.059606854,2.1084149137022363,,,,,,,,,,
2038.4047999999857,0.5619532259911799,0.3283010201224383,69.15214399999957,20384047.99999986,26756624731.618164,17229066273.856464,2610.6632741806175,4524222915.061045,2913227554.78855,1011.6197188288003,2667587863.333242,2522.9068174876306,1181.8483072814531,2085.695643738405,5262015.758791875,2.1347128916154627,,,,,,,,,,
2038.5571999999856,0.5733616369943604,0.3306425350827192,69.15671599999958,20385571.99999986,26589989465.48854,16928896182.620802,2609.8646854103945,4398792625.326075,2800554087.4573994,1011.6179883161818,2667596786.851463,2499.8186843623785,1159.9586341425468,2081.4163457955815,5203163.47115706,2.1550929583021468,,,,,,,,,,
2038.7095999999856,0.5839846870259674,0.3311625514859657,69.16128799999956,20387095.99999986,26435651100.182507,16651608039.476284,2609.1210719081823,4351949621.993321,2741258728.1604524,1011.6162576880134,2667605707.7374773,2488.3543001392145,1147.9797633448725,2080.0873016199175,5175994.1816508975,2.1675942203797116,,,,,,,,,,
2038.8619999999855,0.5935314568172213,0.3299052262164226,69.16585999999957,20388619.99999986,26297617761.61091,16404163875.78129,2608.4527980227945,4380584122.303522,2732560054.1206822,1011.6145269442982,2667614625.991423,2488.174532288075,1145.7273022773772,2081.647506971602,5179502.312047704,2.17169873436925,,,,,,,,,,
2039.0143999999855,0.6020772162841288,0.32715113842382815,69.17043199999956,20390143.999999855,26174586199.569862,16184018889.562387,2607.854594860111,4473255081.764017,2765860143.465783,1011.6127960850396,2667623541.6134276,2497.411252470792,1151.5828742250599,2085.642273191147,5208706.481696333,2.1686769648701025,,,,,,,,,,
2039.1667999999854,0.6104169736593837,0.3232715558193466,69.17500399999957,20391667.99999986,26054995229.726273,15970372472.038868,2607.270811843843,4614263928.278554,2828306548.098183,1011.6110651102408,2667632454.603625,2513.1996030446053,1162.8952498771237,2091.4394029589666,5256204.677308321,2.161157338384657,,,,,,,,,,
2039.3191999999854,0.6199867845728202,0.31855713383496687,69.17957599999956,20393191.999999855,25918335524.854813,15726617294.112179,2606.6009250799025,4789531377.337225,2906171459.8644724,1011.6093340199048,2667641364.962146,2532.6082543459534,1176.8080082237605,2098.5049753409558,5314691.022334556,2.152099778933862,,,,,,,,,,
2039.4715999999853,0.6323163750289299,0.3131568270338514,69.18414799999957,20394715.999999855,25743149608.811035,15414694302.46032,2605.737853747975,4989841221.989008,2987858060.2448688,1011.6076028140353,2667650272.6891236,2553.3249256716554,1190.9585971406627,2106.525082486825,5378642.99966615,2.143924173184406,,,,,,,,,,
2039.6239999999852,0.6483512685590171,0.3071810640429233,69.18871999999956,20396239.999999855,25516777552.609093,15012450938.356987,2604.615411200869,5208200748.470278,3064174465.303103,1011.6058714926353,2667659177.784689,2573.596943325898,1203.5760216778406,2115.2730457627663,5443860.244874718,2.13829197073749,,,,,,,,,,
2039.7763999999852,0.6679623867957317,0.3008732158226999,69.19329199999956,20397763.999999855,25242109835.591385,14525453829.1032,2603.242632924299,5433813774.833844,3126862675.757975,1011.6041400557081,2667668080.2489715,2591.7583095109326,1213.2218398632713,2124.3612411477307,5505830.899147589,2.136260842289998,,,,,,,,,,
2039.9287999999851,0.689859184600391,0.2947137932012201,69.19786399999956,20399287.99999985,24938197815.833275,13987716254.89444,2601.7098570779726,5647721250.161003,3167779922.085367,1011.6024085032572,2667676980.082109,2605.9419044456854,1218.6348598965567,2133.0832593110044,5558691.051110129,2.138410766180519,,,,,,,,,,
2040.081199999985,0.7119689798294764,0.2893149039965821,69.20243599999955,20400811.99999985,24634200734.8965,13450731680.375301,2600.1621714119365,5826752927.321288,3181515448.2449365,1011.6006768352854,2667685877.284227,2614.6066328829966,1219.1370751567347,2140.567655115826,5596742.389200641,2.1446371258513794,,,,,,,,,,
2040.233599999985,0.7321277923879762,0.28518435169974726,69.20700799999955,20402335.999999847,24359464807.550713,12966002429.389835,2598.7510545328414,5953011942.894428,3168656122.9305105,1011.5989450517964,2667694771.855463,2617.3093026699967,1215.0958654267167,2146.1201091416033,5617060.126303467,2.153994081570553,,,,,,,,,,
2040.385999999985,0.7487807659976803,0.28251672372599707,69.21157999999956,20403859.99999985,24134211568.052795,12568855204.503288,2597.5853463801623,6022010371.8985,3136202572.476084,1011.5972131527933,2667703663.7959466,2614.9957244921566,1207.9017029915974,2149.5171751124553,5620978.222641529,2.1649077222224493,,,,,,,,,,
2040.538399999985,0.761554310118925,0.28113915046519183,69.21615199999954,20405383.999999847,23962452204.379044,12266132787.858963,2596.6911982916754,6043263349.5456295,3093484343.141706,1011.5954811382792,2667712553.1058073,2609.4074686684808,1199.2171386997918,2151.0587349651555,5612988.728562651,2.1759257639510032,,,,,,,,,,
2040.6907999999848,0.7713901720919634,0.2806404448754957,69.22072399999955,20406907.99999985,23830786278.251553,12034112390.144363,2596.0026879535626,6033223831.684625,3046667987.268657,1011.5937490082579,2667721439.7851806,2602.0454957209668,1190.026630336273,2151.35345846324,5597919.5762979975,2.1865439221185254,,,,,,,,,,
2040.8431999999848,0.780209994778081,0.2805563780330263,69.22529599999955,20408431.999999847,23713152808.569977,11826833484.69396,2595.385300365534,6007332908.893248,2996131580.399796,1011.5920167627319,2667730323.8341947,2593.5145651515777,1180.2010500131307,2151.0419931648985,5578758.739525844,2.19751928294143,,,,,,,,,,
2040.9955999999847,0.7899938254436571,0.28053983315364667,69.22986799999956,20409955.999999847,23583132841.697746,11597729954.209438,2594.700432218944,5975156091.067543,2938466540.625323,1011.590284401705,2667739205.2529836,2583.6415606460896,1168.915401731362,2150.574975486451,5556314.88595224,2.2102896042085494,,,,,,,,,,
2041.1479999999847,0.8175236048162997,0.27910670156123507,69.23443999999954,20411479.999999847,23219882499.11225,10957550442.713013,2592.773347662859,5948255774.364327,2807004415.1277676,1011.5885519251804,2667748084.0416827,2562.7510553858588,1142.2351165612824,2151.45407476574,5513641.200720107,2.243628319799047,,,,,,,,,,
2041.3003999999846,0.8241447154121879,0.2794035341718756,69.23901199999955,20413003.999999847,23133078891.380585,10804524126.794786,2592.309869921147,5912549352.067276,2761512309.9363303,1011.5868193331612,2667756960.2004156,2554.4645973217866,1133.153112419335,2150.650263039915,5493759.958156251,2.2542978255320545,,,,,,,,,,
2041.4527999999846,0.8303860969424308,0.2796253231336587,69.24358399999954,20414527.999999844,23051448936.696182,10660594953.43613,2591.8729732140296,5881666702.230033,2720092196.190315,1011.5850866256508,2667765833.7293224,2546.953410436759,1124.7970057723294,2149.9844622825476,5475910.258596576,2.264367167912153,,,,,,,,,,
2041.6051999999845,0.8335500215747464,0.2798524269423998,69.24815599999954,20416051.999999847,23010140388.654762,10587750437.781445,2591.6514984897676,5860894847.510094,2696797626.585182,1011.5833538026524,2667774704.6285295,2542.584248139825,1120.105500105897,2149.4655934647035,5465197.359861876,2.269950685805439,,,,,,,,,,
2041.7575999999844,0.8319535080489946,0.28010355028847417,69.25272799999954,20417575.999999844,23030978622.33162,10624497946.70282,2591.76325443657,5854888760.242815,2700938359.217479,1011.5816208641695,2667783572.898169,2542.983828783448,1121.047712267537,2149.1487687723,5465250.564637817,2.2683992848437904,,,,,,,,,,
2041.9099999999844,0.8257677044557833,0.2803764947067083,69.25729999999953,20419099.999999844,23111833926.625244,10767067526.05064,2592.196260688095,5863116085.79881,2731439097.7924204,1011.5798878102052,2667792438.538374,2547.9670227787115,1127.3912632704378,2149.0285825845613,5475653.959434339,2.26005567524742,,,,,,,,,,
2042.0623999999843,0.8167650626098601,0.2807599267169809,69.26187199999953,20420623.999999844,23229840792.84075,10975104460.47263,2592.8264456173097,5875668586.1580305,2776001655.9423,1011.5781546407625,2667801301.549277,2555.2504699523565,1136.591108671467,2148.875291321383,5490914.598017971,2.2481703846329792,,,,,,,,,,
2042.2147999999843,0.8071897474261469,0.2815153514180037,69.26644399999952,20422147.999999844,23355791682.356613,11197102122.896297,2593.4967176801697,5873167149.205063,2815680720.605457,1011.5764213558449,2667810161.931008,2561.192614819231,1144.875342232,2148.161869545155,5501856.315715323,2.2370930007331973,,,,,,,,,,
2042.3671999999842,0.7986264456109906,0.28302167979370063,69.27101599999952,20423671.99999984,23468817637.66635,11396289423.393427,2594.0961488072307,5833048976.775464,2832486722.870633,1011.5746879554557,2667819019.683699,2562.2068203841036,1148.809477407941,2146.2082666473802,5499029.458768662,2.2303148352894957,,,,,,,,,,
2042.5195999999842,0.7915623572124375,0.28555501170685277,69.27558799999953,20425195.999999844,23562333826.04933,11561079963.597889,2594.590634995129,5741481530.498745,2817111733.228756,1011.5729544395981,2667827874.8074837,2556.333578016654,1146.6644555616413,2142.5520026919394,5477077.627128233,2.2293649773634523,,,,,,,,,,
2042.671999999984,0.7857212727829436,0.2890530624123878,69.28015999999951,20426719.99999984,23639851444.853756,11697672475.333736,2594.9995109051943,5603231146.098339,2772638521.166169,1011.5712208082755,2667836727.3024898,2544.1373003777185,1138.9729357312794,2137.304714542269,5437596.646540138,2.2337118122514923,,,,,,,,,,
2042.824399999984,0.7806798943101717,0.29301069148195297,69.28473199999954,20428243.999999844,23706896914.673054,11815810272.065699,2595.352407398288,5443539375.680912,2713127268.5357127,1011.569487061491,2667845577.168852,2528.6405497675937,1128.272770684969,2131.2870787530965,5389258.930530799,2.241160662091019,,,,,,,,,,
2042.976799999984,0.7763198987828026,0.29665804576689236,69.28930399999952,20429767.99999984,23764986628.535995,11918167700.548096,2595.657607085204,5297234764.258973,2656569231.720247,1011.5677531992479,2667854424.4067025,2513.964267365753,1117.910587451077,2125.724606712234,5343995.703534676,2.2488062064943737,,,,,,,,,,
2043.129199999984,0.7728370148334213,0.2993159357224616,69.29387599999953,20431291.999999844,23811461342.193474,12000059861.15108,2595.9014089616603,5192599803.19165,2616870404.4588084,1011.5660192215495,2667863269.016173,2503.486786859257,1110.5821727947953,2121.6845792833883,5311609.310119004,2.254211212988588,,,,,,,,,,
2043.2815999999839,0.7705366066254602,0.3007154596657865,69.29844799999952,20432815.99999984,23842192176.718872,12054210912.550705,2596.0624375362177,5139207242.950811,2598296648.6751404,1011.564285128399,2667872110.9973907,2498.3747467536914,1107.1833010788955,2119.579347295311,5295503.515023277,2.256514114979108,,,,,,,,,,
2043.4339999999838,0.7695772430889279,0.3010854176326611,69.30301999999952,20434339.99999984,23855016381.967392,12076808808.5564,2596.129592983775,5126139231.731182,2595152417.2691426,1011.5625509197998,2667880950.3504896,2497.3430437942766,1106.654112418631,2119.0395633569924,5291968.713074447,2.256660880549431,,,,,,,,,,
2043.5863999999838,0.7697815901809304,0.3009471280647841,69.30759199999952,20435863.99999984,23852284385.540684,12071994665.979431,2596.115288687335,5131466527.876457,2597111268.3332353,1011.5608165957552,2667889787.0756087,2497.8728178450306,1107.0172027869248,2119.2481710491643,5293612.400731503,2.2563992786712035,,,,,,,,,,
2043.7387999999837,0.7706369599026058,0.30075733091918694,69.31216399999951,20437387.99999984,23840850992.53045,12051847583.327435,2596.055412806818,5137126042.3955965,2596881298.3517804,1011.5590821562681,2667898621.172867,2498.070463611891,1106.9007211327357,2119.506525549113,5294676.648906901,2.2568152824541623,,,,,,,,,,
2043.8911999999837,0.7713791092719596,0.30066925713507037,69.31673599999951,20438911.999999836,23830934082.430984,12034372837.567488,2596.0034623509628,5138757599.369828,2595018921.993985,1011.5573476013421,2667907452.642402,2497.8449614165415,1106.4769313326956,2119.6092260586456,5294455.225482604,2.2574758593548023,,,,,,,,,,
2044.0435999999836,0.7712094414676528,0.300519283225499,69.3213079999995,20440435.99999984,23833200999.881584,12038367401.018566,2596.015339097264,5145667336.962642,2599123547.2769628,1011.5556129309804,2667916281.48435,2498.7780497955155,1107.287560801334,2119.854637890102,5297046.237917008,2.2566658727631443,,,,,,,,,,
2044.1959999999835,0.7696044407807967,0.30002002623505375,69.3258799999995,20441959.999999836,23854652752.698395,12076168044.765736,2596.1276891453444,5171723672.004444,2618130927.818844,1011.5538781451864,2667925107.698835,2502.8431496175763,1111.1012189349115,2120.723812797698,5307839.067091586,2.2525788892723675,,,,,,,,,,
2044.3483999999835,0.7665260875896375,0.2990183296812904,69.33045199999951,20443483.999999836,23895834611.647125,12148737001.944378,2596.3431738687254,5223854593.734469,2655828374.571453,1011.5521432439631,2667933931.28599,2510.8922572645147,1118.6135654810148,2122.461606997418,5329272.415351016,2.2446467079851713,,,,,,,,,,
2044.5007999999834,0.7625434737132505,0.29762789809505624,69.33502399999949,20445007.999999836,23949187811.995056,12242757250.43279,2596.6219568400725,5295935218.185688,2707267144.057026,1011.5504082273139,2667942752.2459493,2521.848625443195,1128.7567240310104,2124.8604434961817,5358576.388689464,2.234182593780865,,,,,,,,,,
2044.6531999999834,0.7586270488867731,0.29619147474821084,69.3395959999995,20446531.999999836,24001736414.456917,12335364391.729774,2596.896106577926,5370491878.630562,2760090900.999603,1011.5486730952418,2667951570.5788436,2533.0445043222917,1139.053937697988,2127.3297122663985,5388620.836537923,2.2238143607505885,,,,,,,,,,
2044.8055999999833,0.7558069693652597,0.29509804774585835,69.3441679999995,20448055.999999832,24039625490.711823,12402140366.247349,2597.0935121444318,5427214821.592725,2799922155.242277,1011.5469378477507,2667960386.284805,2541.456022888205,1146.7389523095005,2129.2018134593477,5411272.772760748,2.2162463547346873,,,,,,,,,,
2044.9579999999833,0.754795818062763,0.2945712442632826,69.34873999999951,20449579.999999832,24053221150.259117,12426102258.93668,2597.1642927356065,5453621896.167603,2817388279.9320936,1011.5452024848432,2667969199.3639593,2545.191744218629,1150.0712090026036,2130.0865043928247,5421478.585452136,2.213073176943487,,,,,,,,,,
2045.1103999999832,0.755841523195229,0.29452798210991255,69.35331199999949,20451103.99999983,24039160986.39074,12401321700.824894,2597.091093376334,5452351754.744002,2812759071.5381894,1011.5434670065229,2667978009.8164477,2544.429086144161,1149.121552121701,2130.1029504424723,5419895.903587321,2.2142384166811677,,,,,,,,,,
2045.2627999999831,0.7587212703071773,0.29461777578162374,69.3578839999995,20452627.999999832,24000471239.832874,12333134693.023376,2596.8895110784974,5439602878.796927,2795251572.786509,1011.5417314127931,2667986817.642394,2541.2259549357505,1145.6163851613542,2129.817874393052,5412348.461693714,2.2182171867049822,,,,,,,,,,
2045.415199999983,0.762793898965046,0.2944172610230662,69.3624559999995,20454151.99999983,23945830507.34098,12236840797.256578,2596.604427072447,5436073979.795158,2777952171.3589945,1011.5399957036568,2667995622.841934,2538.413587255809,1142.0346974243582,2129.9340986437637,5406653.655956784,2.2227114403622914,,,,,,,,,,
2045.567599999983,0.7671404126034066,0.29366829083655627,69.3670279999995,20455675.999999832,23887612253.746056,12134247738.611969,2596.3001711177612,5455919792.055778,2771456673.674828,1011.5382598791176,2668004425.4151974,2538.1931539575376,1140.4386204010411,2130.9058492614345,5408650.638323446,2.2256289015054302,,,,,,,,,,
2045.719999999983,0.7708745662539579,0.29241523299326666,69.37159999999949,20457199.99999983,23837675682.766636,12046252309.248838,2596.038780362223,5499946732.686464,2779371064.154037,1011.5365239391784,2668013225.362314,2541.150985317048,1141.5836807520404,2132.7061838719214,5419528.420537894,2.2259874840213336,,,,,,,,,,
2045.872399999983,0.7736311960409958,0.29094896081870547,69.37617199999949,20458723.99999983,23800858417.759003,11981376539.897388,2595.8458162771303,5556586125.195403,2797191154.780376,1011.5347878838428,2668022022.683416,2546.1197878454655,1144.651023758538,2134.8921689524886,5435691.196286256,2.224363351797049,,,,,,,,,,
2046.0247999999829,0.7760258035136274,0.2895931405547635,69.38074399999948,20460247.99999983,23768908515.731316,11925078332.277538,2595.6781937540463,5609627011.717709,2814401068.7457275,1011.5330517131138,2668030817.378638,2550.8355892354875,1147.621822459816,2136.920626975841,5450933.186661387,2.2227144337217455,,,,,,,,,,
2046.1771999999828,0.7796392845267391,0.28849040870742815,69.38531599999949,20461771.99999983,23720752358.708275,11840224295.703888,2595.425250083128,5647617683.276435,2819010927.4433627,1011.531315426995,2668039609.44811,2553.0209490342836,1148.140583289241,2138.487041524964,5459602.216251581,2.223613541923832,,,,,,,,,,
2046.3295999999827,0.786409542387538,0.2875158843546113,69.38988799999947,20463295.999999825,23630708270.62725,11681561614.310993,2594.9513320328724,5669816023.307992,2802806604.845026,1011.5295790254893,2668048398.891958,2551.402079988445,1144.5134253380515,2139.692426410626,5459215.707279595,2.2292460913989234,,,,,,,,,,
2046.4819999999827,0.7976233395984444,0.28637829067998527,69.39445999999948,20464819.99999983,23482081620.20291,11419663346.593979,2594.166366228109,5684990892.205549,2764690250.526407,1011.5278425086001,2668057185.710321,2546.1508533046363,1136.3750690249456,2140.933051041021,5451138.514776194,2.2405902089081677,,,,,,,,,,
2046.6343999999826,0.8130818821527597,0.2848522165655534,69.39903199999948,20466343.999999825,23278234591.70547,11060406841.40311,2593.084268249307,5703606571.475343,2710008308.2028847,1011.5261058763307,2668065969.903327,2538.484492506508,1124.6500425604072,2142.5739200700214,5438890.670146628,2.2571327937065018,,,,,,,,,,
2046.7867999999826,0.8308286471323544,0.2829969331027552,69.40360399999949,20467867.999999825,23045668052.716667,10650401207.112991,2591.841994700735,5728979908.291129,2647609710.910387,1011.5243691286846,2668074751.471108,2529.886298097961,1111.0973588944132,2144.6169533356165,5425637.044912371,2.2769258497880873,,,,,,,,,,
2046.9391999999825,0.8477760270360796,0.28123353206367907,69.40817599999947,20469391.999999825,22824995167.461975,10261169286.682177,2590.6556781074746,5752205465.730392,2585952532.4141073,1011.5226322656645,2668083530.4137945,2521.3052463780673,1097.5889291073358,2146.550514026907,5412109.072631578,2.297130719447611,,,,,,,,,,
2047.0915999999825,0.8606874961339859,0.28020664347662494,69.41274799999948,20470915.999999825,22657783638.72123,9966072910.745918,2589.751875270621,5755449653.146725,2531546412.128456,1011.520895287274,2668092306.7315183,2513.029054546211,1085.735980410981,2147.521069738663,5396782.843503419,2.3145857739696165,,,,,,,,,,
2047.2439999999824,0.8672061125081327,0.2804523782425075,69.41731999999948,20472439.99999982,22573657377.550762,9817544957.342932,2589.2955721244307,5723243773.468816,2489104982.3296075,1011.5191581935165,2668101080.424412,2505.1510433444078,1076.7759978046442,2146.8044245025712,5378069.343899007,2.326529425295482,,,,,,,,,,
2047.3963999999823,0.8663990110399012,0.2820449187795339,69.42189199999947,20473963.999999825,22584062852.784203,9835918570.954206,2589.352069227207,5655872124.742902,2463272354.0194488,1011.5174209843949,2668109851.4926023,2498.3913985235727,1071.791283694376,2144.3318240160283,5357380.184702009,2.3310428406469437,,,,,,,,,,
2047.5487999999823,0.8588253435817713,0.2844326394204505,69.42646399999947,20475487.99999982,22681851748.010807,10008558184.29438,2589.882225949276,5575760441.697404,2460351272.1270437,1011.5156836599128,2668118619.936223,2494.656800784474,1072.0029471173852,2140.943264352982,5340918.674511879,2.3270988270065893,,,,,,,,,,
2047.7011999999822,0.8462576527837327,0.2865807954854494,69.43103599999947,20477011.999999825,22844710378.237774,10295953032.120537,2590.761964305139,5521863569.695533,2488665735.833603,1011.5139462200733,2668127385.755409,2496.87672772851,1078.8502633925962,2138.1798110135014,5338771.409818555,2.3143867248794385,,,,,,,,,,
2047.8535999999822,0.8312471392595516,0.2874202814980678,69.43560799999946,20478535.99999982,23040202299.71045,10640763028.042137,2591.8127002518313,5532316387.900018,2555015225.7360144,1011.5122086648798,2668136148.9502897,2507.664791332372,1093.2847579429547,2137.602288108375,5360389.995760889,2.2936977517647024,,,,,,,,,,
2048.005999999982,0.8166241249130842,0.2863743879678167,69.44017999999946,20480059.999999825,23231691362.632027,10978366527.337992,2592.836311256084,5624544573.783397,2657934410.2197313,1011.5104709943355,2668144909.520996,2527.3436771538577,1114.4658263196688,2139.9850915734323,5408477.790391633,2.2677623821808646,,,,,,,,,,
2048.158399999982,0.8049927309361,0.2836733150985261,69.44475199999945,20481583.99999982,23384754807.804836,11248146521.919981,2593.650508834473,5782736590.778604,2781515949.4012094,1011.5087332084433,2668153667.467655,2552.5480209266125,1138.7894040191172,2144.8391063867684,5474804.81621355,2.241457473978887,,,,,,,,,,
2048.310799999982,0.7982324801679219,0.28028963193891987,69.44932399999946,20483107.99999982,23474026402.54608,11405468390.862467,2594.1237263882454,5958981941.582525,2895326903.486315,1011.5069953072071,2668162422.7904024,2576.5925981473115,1160.3146646399614,2150.5326653331645,5541046.547571441,2.22059815037054,,,,,,,,,,
2048.463199999982,0.7971402649042125,0.2775189514428523,69.45389599999945,20484631.99999982,23488471086.770546,11430922841.711134,2594.2001814567047,6090481959.739401,2964000044.678379,1011.5052572906297,2668171175.48937,2591.8693252680196,1172.7845938365217,2154.9723456482106,5585406.719486469,2.2100131080246,,,,,,,,,,
2048.615599999982,0.8011876019730443,0.27641910720075297,69.45846799999946,20486155.99999982,23434974693.486267,11336649854.94494,2593.916867861887,6127614515.753635,2964228513.994733,1011.5035191587148,2668179925.5646873,2593.2898832444944,1172.4122445472904,2156.5075827908026,5592449.297591427,2.2119266455169573,,,,,,,,,,
2048.767999999982,0.8085140330609896,0.27743229118589813,69.46303999999945,20487679.999999817,23338345333.32814,11166353948.87644,2593.4040176857307,6055549366.071959,2897309411.2157087,1011.5017809114648,2668188673.016483,2580.5470892924454,1159.6337260331056,2154.533255705349,5559874.521794214,2.225312209675053,,,,,,,,,,
2048.920399999982,0.816202750924041,0.2803086283215877,69.46761199999946,20489203.99999982,23237224758.650955,10988120387.859674,2592.865807435317,5898006402.165924,2788973514.198979,1011.500042548884,2668197417.8448925,2558.1508556320164,1139.0527557943192,2149.5953390052828,5498989.155738958,2.24585809798431,,,,,,,,,,
2049.0727999999817,0.8209729625370578,0.28432720270515655,69.47218399999944,20490727.999999817,23174634238.12471,10877785157.512218,2592.531892622406,5701596632.779549,2676233962.913657,1011.4983040709751,2668206160.050044,2533.2319565283487,1117.5085344125482,2143.0010350066823,5428718.704752254,2.266856921911579,,,,,,,,,,
2049.2251999999817,0.8202750807041642,0.28860958519250046,69.47675599999945,20492251.999999817,23183784266.73563,10893915672.35937,2592.5807443507083,5514548390.386472,2591251904.556914,1011.4965654777415,2668214899.632073,2512.6042555129934,1101.3548928745008,2136.2646953317562,5367587.764392739,2.2813756689773057,,,,,,,,,,
2049.3775999999816,0.8133798901510874,0.2924063683281557,69.48132799999945,20493775.999999817,23274316536.90967,11053500832.223894,2593.063407689424,5370349617.312537,2550500843.71583,1011.4948267691864,2668223636.5911083,2500.3806166258014,1094.1112938342637,2130.6026826806224,5327317.649505561,2.285307382088462,,,,,,,,,,
2049.5299999999816,0.8018225963509528,0.2952717369066652,69.48589999999945,20495299.999999814,23426589025.082405,11321871965.457617,2593.8724182554333,5281332063.84024,2552423033.922878,1011.493087945313,2668232370.9272776,2497.0387359813913,1095.542638244266,2126.6405249495583,5310303.768306848,2.2792711564227064,,,,,,,,,,
2049.6823999999815,0.7887764913610734,0.2971222499283889,69.49047199999944,20496823.99999981,23599283566.98391,11626188959.33957,2594.785645604725,5240299784.934159,2581634113.1841183,1011.4913490061248,2668241102.640717,2499.956158776551,1102.3866206183025,2124.3536819005626,5310791.0704869535,2.2677671445017946,,,,,,,,,,
2049.8347999999814,0.7774960454328235,0.2982004801498885,69.49504399999944,20498347.999999814,23749306704.199738,11890538673.632446,2595.5752768197026,5227018984.511527,2617005715.4617724,1011.4896099516249,2668249831.7315545,2504.9788528572644,1110.2144238891335,2123.2001703610854,5318571.52713746,2.256301844901461,,,,,,,,,,
2049.9871999999814,0.7697422046490838,0.29893377772897317,69.49961599999943,20499871.99999981,23852810929.096176,12072922505.437239,2596.118045674564,5218097987.074653,2641101411.9465632,1011.4878707818167,2668258558.199923,2508.4030771901703,1115.5191269099305,2122.418561190552,5323881.249975914,2.2486419252519947,,,,,,,,,,
2050.1395999999813,0.765147114787521,0.2997349975382382,69.50418799999944,20501395.999999814,23914298560.782913,12181274115.282528,2596.4397019648736,5196938280.736376,2647174852.1894507,1011.4861314967029,2668267282.045949,2508.4987335001356,1117.0760210686515,2121.3736474223747,5321463.10783959,2.2455935730321905,,,,,,,,,,
2050.2919999999813,0.7618894460379975,0.30079342911433493,69.50875999999943,20502919.99999981,23957957548.229057,12258211922.548176,2596.66773877734,5160807329.676805,2640553553.5016623,1011.4843920962877,2668276003.269772,2505.988733849438,1116.0776509340944,2119.855004154209,5312332.757804802,2.24535338715193,,,,,,,,,,
2050.444399999981,0.758215778169372,0.3019767356264099,69.51333199999944,20504443.999999814,24007259379.011757,12345097907.17548,2596.9248955281437,5120574202.074693,2633119793.791773,1011.4826525805738,2668284721.871517,2503.1771987480806,1114.9518434198521,2118.158222478623,5302125.365849253,2.245098937251114,,,,,,,,,,
2050.596799999981,0.7537245993912102,0.3028787371624444,69.51790399999943,20505967.99999981,24067630445.834137,12451498654.876984,2597.2392780426153,5094769265.42378,2635802174.131903,1011.4809129495643,2668293437.8513155,2502.546536755427,1115.838739815101,2116.9467869784494,5297757.850248448,2.242749285770549,,,,,,,,,,
2050.749199999981,0.7495084984930966,0.30299724127733146,69.52247599999944,20507491.99999981,24124402540.41384,12551564915.91647,2597.534405105483,5101704758.822274,2654340490.0878124,1011.479173203263,2668302151.209301,2505.7549050784905,1119.7512991477688,2116.9640453256325,5304593.040449508,2.2377780735647237,,,,,,,,,,
2050.901599999981,0.7473028121634272,0.3019528691472702,69.52704799999943,20509015.99999981,24154141576.273403,12603986571.768341,2597.68880314856,5152932405.776618,2688875969.4708548,1011.4774333416727,2668310861.945604,2513.271024408977,1126.543094296373,2118.727728961349,5324937.009810396,2.2309586176805243,,,,,,,,,,
2051.053999999981,0.7481611105231812,0.29964820567825756,69.53161999999944,20510539.99999981,24142566097.341843,12583581893.027744,2597.6287222633773,5250323344.046026,2736572139.775676,1011.4756933647968,2668319570.06035,2524.659373131666,1135.5228757043244,2122.340813222784,5358187.627082785,2.223345233415672,,,,,,,,,,
2051.206399999981,0.7517517467904673,0.29633222663566167,69.53619199999943,20512063.999999806,24094184049.314793,12498300816.045986,2597.3773777246674,5384969398.527389,2793328352.1967425,1011.4739532726389,2668328275.55368,2538.8342693363575,1145.8666008123873,2127.423084727677,5401174.632883892,2.2156455799797246,,,,,,,,,,
2051.358799999981,0.7566421661385815,0.29257340722192415,69.54076399999943,20513587.99999981,24028399799.82583,12382355793.661358,2597.035048370299,5536882063.418814,2853275468.5266457,1011.4722130652017,2668336978.425717,2554.026205732926,1156.5436168385181,2133.1415272806325,5448099.361211893,2.2083267492448844,,,,,,,,,,
2051.511199999981,0.7612243705976763,0.2891631518896944,69.54533599999942,20515111.999999806,23966877752.56907,12273931900.985914,2596.7142940581625,5675767353.92232,2906677403.167967,1011.4704727424886,2668345678.676594,2567.5545637918194,1165.9020031821308,2138.3201941728585,5490253.773396732,2.20220443637983,,,,,,,,,,
2051.6635999999808,0.7645736782973902,0.2869442903076272,69.54990799999942,20516635.999999806,23921979628.158066,12194809813.4598,2596.479842519183,5765693467.593854,2939202205.3748574,1011.4687323045033,2668354376.306443,2575.9318109746587,1171.4896619404922,2141.6699543689274,5516795.764067566,2.198851509033212,,,,,,,,,,
2051.8159999999807,0.7665764708736125,0.28657144784316263,69.55447999999942,20518159.999999806,23895160187.794216,12147548543.28006,2596.339647038847,5776196651.060759,2936436862.64693,1011.4669917512484,2668363071.3153934,2575.9126677119866,1170.8043862657703,2142.160395566042,5518018.099209488,2.200122153562943,,,,,,,,,,
2051.9683999999806,0.7674897328809239,0.28824406092263394,69.55905199999941,20519683.999999806,23882937706.96431,12126010391.22159,2596.2757186983354,5697364050.476454,2892705098.774516,1011.4652510827278,2668371763.7035823,2566.2569901775114,1162.7855826375205,2139.463513720114,5490413.197313982,2.2069907199541707,,,,,,,,,,
2052.1207999999806,0.7674280580888527,0.2915525525533126,69.56362399999941,20521207.999999803,23883762982.175293,12127464664.655472,2596.2800359337803,5548986922.483333,2817610561.504693,1011.4635102989445,2668380453.4711313,2549.0240566011835,1149.0015446717969,2134.2227325562717,5440185.08743105,2.218468781370779,,,,,,,,,,
2052.2731999999805,0.7664378900144005,0.29551997040009453,69.56819599999942,20522731.999999806,23897015244.765644,12150817495.755703,2596.349347698992,5376486412.085073,2733760032.059468,1011.4617693999015,2668389140.618174,2529.268183969249,1133.4335799056457,2127.983417472567,5382240.753827516,2.231509837726708,,,,,,,,,,
2052.4255999999805,0.7649910117013604,0.29891316747149865,69.5727679999994,20524255.999999803,23916389358.152138,12184958542.674086,2596.450629180905,5232898551.93019,2666065138.781264,1011.4600283856023,2668397825.144848,2512.9438949913947,1120.7106945769115,2122.676068284627,5334165.86684019,2.2422770721752383,,,,,,,,,,
2052.5779999999804,0.7642701254574421,0.3006835903288355,69.57733999999942,20525779.999999806,23926046362.30413,12201976312.815807,2596.501091217979,5158651210.6518,2630845854.149304,1011.4582872560502,2668406507.051275,2504.395297436479,1114.0111289032614,2119.904730097822,5309079.4370703325,2.248088221436391,,,,,,,,,,
2052.7303999999804,0.765816409923137,0.30035461155307147,69.5819119999994,20527303.999999803,23905335685.239048,12165479704.102926,2596.39285130538,5168317878.674336,2630168724.055556,1011.4565460112485,2668415186.3375916,2504.6846058123115,1113.7508158671776,2120.349922992401,5310807.811054387,2.2488734195558266,,,,,,,,,,
2052.8827999999803,0.770691186075586,0.29814298550953383,69.58648399999942,20528827.999999806,23840126301.908485,12050570591.270735,2596.051616974709,5249496122.565645,2653485253.9147487,1011.4548046512007,2668423863.003926,2511.648246994892,1117.8162722161626,2123.6151925196878,5333774.375583794,2.246924033423975,,,,,,,,,,
2053.0351999999803,0.7787674691445444,0.2948123638888053,69.59105599999941,20530351.999999803,23732364668.11077,11860685820.076788,2595.486277159882,5370327983.207872,2683920201.3941464,1011.453063175909,2668432537.0504117,2521.2745197472495,1122.9194776511922,2128.493700866885,5366516.9334382005,2.2452852318680883,,,,,,,,,,
2053.18759999998,0.7886869184826857,0.2913373974944821,69.59562799999941,20531875.999999803,23600472255.559837,11628283526.784882,2594.791915706212,5492655552.6405735,2706308390.3343186,1011.451321585378,2668441208.4771776,2529.63632439309,1126.2680123183088,2133.505587667681,5396993.232859792,2.246034067136551,,,,,,,,,,
2053.33999999998,0.7984677679521346,0.28856515785607967,69.6001999999994,20533399.999999803,23470915480.341827,11399986279.475708,2594.1072562433505,5584817272.564216,2712584446.6499596,1011.4495798796102,2668449877.2843513,2534.260551167268,1126.5435358681805,2137.4073940313115,5416747.240466786,2.2495895369140957,,,,,,,,,,
2053.49239999998,0.8062458264509321,0.2870185941965403,69.6047719999994,20534923.999999803,23368232380.026566,11219027728.290413,2593.5627921484347,5628925038.742729,2702432304.8113694,1011.4478380586089,2668458543.4720736,2534.438580853501,1123.8922553565276,2139.466382168249,5422346.141406271,2.255054760609158,,,,,,,,,,
2053.64479999998,0.8107593508367494,0.2868184667644902,69.6093439999994,20536447.9999998,23308785082.886,11114254153.658367,2593.2468454414275,5623483508.333821,2681427827.245207,1011.4460961223779,2668467207.0404644,2530.9838134707334,1119.4922909284778,2139.557179794816,5415184.590055771,2.260831837771389,,,,,,,,,,
2053.79719999998,0.8114385295947972,0.28771575620976647,69.61391599999939,20537971.999999803,23299848427.683784,11098502933.973438,2593.1993029283644,5581593062.550536,2658700856.9274645,1011.4443540709198,2668475867.9896607,2525.8072390647544,1115.1168477643612,2138.103481679304,5400437.251895142,2.2650606025087074,,,,,,,,,,
2053.94959999998,0.8083404700501196,0.2891717426000005,69.61848799999939,20539495.9999998,23340631382.96629,11170383016.418549,2593.4161670964913,5527083337.009387,2645157143.568809,1011.4426119042379,2668484526.3197885,2521.5328915575496,1112.8324450482357,2135.9541173944294,5385878.561867829,2.2658693164254875,,,,,,,,,,
2054.10199999998,0.8021990408171467,0.2905095805698606,69.6230599999994,20541019.9999998,23421618695.258427,11313112799.692177,2593.8460671427997,5487331380.417561,2650491397.869181,1011.440869622336,2668493182.0309863,2520.771273376222,1114.426737204043,2134.1421969195626,5379684.343294853,2.261944360470497,,,,,,,,,,
2054.25439999998,0.7943721810069314,0.29114060161520533,69.62763199999938,20542543.999999795,23525106366.02888,11495480399.174988,2594.393947329515,5483771922.874444,2679630505.0496755,1011.439127225217,2668501835.123378,2525.1558266944553,1120.6962636862258,2133.5315286746604,5387499.571069147,2.2532026816870445,,,,,,,,,,
2054.4067999999797,0.7866091215282736,0.29082327227595833,69.63220399999939,20544067.999999795,23628057457.777985,11676890705.04489,2594.937361493021,5521804858.519959,2728853691.960972,1011.4373847128842,2668510485.597097,2534.2928310029447,1130.7076109501304,2134.4187165969174,5409242.051830074,2.241333485739417,,,,,,,,,,
2054.5591999999797,0.7805237301776976,0.2897897638784954,69.63677599999939,20545591.99999979,23708975841.370132,11819473449.406641,2595.363338887561,5586709858.29705,2785104227.254734,1011.4356420853408,2668519133.4522734,2545.521476177092,1141.783548530549,2136.3573056306363,5438143.402270612,2.2294256029990307,,,,,,,,,,
2054.7115999999796,0.776993983704232,0.2886482916375396,69.6413479999994,20547115.999999795,23755999113.641026,11902331114.086365,2595.6104211407037,5648918809.009122,2830245184.7966905,1011.4338993425899,2668527778.6890383,2554.873185268653,1150.4654791399007,2138.3405744713787,5463188.994688892,2.2207299841614554,,,,,,,,,,
2054.8639999999796,0.7759021182669958,0.28810933790779186,69.64591999999938,20548639.99999979,23770558046.335052,11927984919.454435,2595.68685172131,5676619432.384398,2848508261.816038,1011.4321564846356,2668536421.3075204,2558.7403448413256,1153.9264969777137,2139.248280399361,5473780.882690274,2.217420564951932,,,,,,,,,,
2055.0163999999795,0.7763570860854674,0.28863677482387434,69.65049199999939,20550163.999999795,23764490751.88833,11917293932.702122,2595.6550039740173,5651455290.982995,2834062574.8446684,1011.43041351148,2668545061.3078547,2555.5588345463675,1151.2279050629593,2138.389527586238,5464780.2489244435,2.219854837871227,,,,,,,,,,
2055.1687999999795,0.7772710788708354,0.2902316355888718,69.65506399999938,20551687.99999979,23752305313.56958,11895822407.261574,2595.5910244790416,5577195080.075521,2793216124.808257,1011.4286704231272,2668553698.690171,2546.402908575384,1143.589742943171,2135.8169934230764,5438650.604237254,2.226675190371941,,,,,,,,,,
2055.3211999999794,0.7780213757454805,0.29243066706621507,69.65963599999938,20553211.999999795,23742305530.14569,11878202187.324234,2595.5385036978164,5477260652.867431,2740256601.652605,1011.4269272195802,2668562333.4545946,2534.3034948850677,1133.631489202328,2132.2956986809722,5403884.441295586,2.2355620137795507,,,,,,,,,,
2055.4735999999793,0.7787356467290423,0.2944952999291502,69.66420799999938,20554735.99999979,23732788607.320625,11861432824.685808,2595.488504728967,5384293571.506392,2691021167.5298343,1011.4251839008422,2668570965.601263,2522.963393976059,1124.2730942654923,2128.989301954923,5371362.074998913,2.2440841169683563,,,,,,,,,,
2055.6259999999793,0.7802794140567073,0.2957324908989015,69.66877999999937,20556259.99999979,23712228539.84276,11825204874.576729,2595.3804410160305,5325662010.465615,2655888891.2819033,1011.4234404669164,2668579595.1303034,2515.129254063494,1117.4446372861748,2126.9528917668886,5349561.440097846,2.2507864552213834,,,,,,,,,,
2055.7783999999792,0.7838629811981014,0.2957950680535905,69.67335199999937,20557783.99999979,23664549691.06852,11741192231.639395,2595.129591316133,5312236931.26329,2635672168.041165,1011.4216969178062,2668588222.041847,2511.426075048947,1113.2558047696639,2126.676606915571,5340991.083804385,2.255929018549846,,,,,,,,,,
2055.930799999979,0.7904458053398618,0.29482065150158454,69.67792399999938,20559307.99999979,23577138219.453896,11587166852.583368,2594.6687936262097,5334842333.250914,2621849508.291821,1011.4199532535149,2668596846.3360214,2510.1792227884894,1110.015007160681,2127.8943390184036,5341396.158093243,2.261392149291119,,,,,,,,,,
2056.083199999979,0.8002035482044875,0.2933001900230013,69.68249599999936,20560831.999999788,23447974006.70733,11359558045.369339,2593.985751625686,5371494540.04703,2602263376.8100595,1011.4182094740456,2668605468.0129633,2508.601266773428,1105.3615114705856,2129.818390788376,5342865.1131290635,2.269484906739657,,,,,,,,,,
2056.235599999979,0.8122202138898166,0.29173341997342056,69.68706799999937,20562355.99999979,23289565829.34693,11080379190.091684,2593.144585027713,5403072200.235584,2570597030.822023,1011.4164655794018,2668614087.0727987,2504.9298802522458,1098.1300903814772,2131.7016312729306,5339763.111958019,2.281086641913312,,,,,,,,,,
2056.387999999979,0.8245933047176738,0.29027293531397513,69.69163999999937,20563879.999999788,23127205566.292854,10794169134.084747,2592.278468669763,5428624332.277441,2533703825.1354713,1011.4147215695864,2668622703.5156593,2500.1959704331257,1089.788281311865,2133.396508467545,5333909.353806656,2.2942033909774113,,,,,,,,,,
2056.540399999979,0.8349381492959813,0.2886380265404986,69.69621199999938,20565403.999999788,22992032027.072117,10555815517.708454,2591.554329549281,5467701781.853322,2510263174.961279,1011.412977444603,2668631317.341677,2498.1236588233146,1084.209861483236,2135.4654480227514,5334656.758305364,2.3040960496391323,,,,,,,,,,
2056.692799999979,0.8410260952924504,0.2863684665966031,69.70078399999936,20566927.999999788,22912722591.044933,10415933047.045326,2591.1281733295286,5547578938.250968,2521883227.295062,1011.4112332044549,2668639928.5509815,2503.2012801262454,1085.8823503936449,2138.7470555292334,5353714.367267015,2.3052232861311412,,,,,,,,,,
2056.845199999979,0.841435944671628,0.2832272139165377,69.70535599999937,20568451.999999788,22907389710.513145,10406526133.400677,2591.099483872986,5684411347.900067,2582353379.9563713,1011.409488849145,2668648537.1437035,2518.1271958499224,1097.5568352632433,2143.6882877305543,5398079.776759262,2.2943023221626264,,,,,,,,,,
2056.997599999979,0.8359607004927179,0.27944879492254004,69.70992799999937,20569975.999999784,22978698582.493435,10532300501.392914,2591.4827509655097,5871052693.503907,2691000580.624944,1011.4077443786769,2668657143.1199718,2542.2369641752816,1118.7794064708435,2149.9326944875947,5465638.3664153265,2.272330854028403,,,,,,,,,,
2057.1499999999787,0.8256454246924676,0.27565066693650664,69.71449999999936,20571499.999999788,23113434125.779343,10769888862.411528,2592.2048202715273,6078811155.541468,2832470510.6347556,1011.4059997930535,2668665746.4799213,2571.7365788328143,1146.0731560427705,2156.456571114193,5545838.244598757,2.2439549912438914,,,,,,,,,,
2057.3023999999787,0.8123362183359316,0.272500592006429,69.71907199999936,20573023.99999979,23288040116.60501,11077690000.162117,2593.1364647164846,6271482072.631768,2983228038.698387,1011.4042550922784,2668674347.223676,2601.540489928909,1174.637825319957,2162.1135011982515,5624825.817189208,2.214759676430717,,,,,,,,,,
2057.4547999999786,0.7978372504850579,0.2704147249443173,69.72364399999935,20574547.999999788,23479252669.340645,11414678161.718273,2594.1513924660458,6421896259.160583,3122070366.4891872,1011.4025102763546,2668682945.3513703,2627.5714304046987,1200.5404585380425,2166.1527888327946,5691721.181828514,2.188657126644797,,,,,,,,,,
2057.6071999999785,0.7831914285261189,0.2694613883610145,69.72821599999936,20576071.999999788,23673479558.31686,11756927143.605804,2595.1766000031716,6520857832.892317,3238444533.101705,1011.4007653452857,2668691540.8631387,2648.1549192604552,1222.0740276966128,2168.410164743633,5742286.044740225,2.1669349476739517,,,,,,,,,,
2057.7595999999785,0.7685588262194017,0.2694816774423238,69.73278799999935,20577595.999999788,23868635269.879154,12100807228.895176,2596.200882164642,6573628225.105662,3332666784.129493,1011.3990202990748,2668700133.759105,2663.7164260691125,1239.520103016582,2169.1258180153905,5777936.071658196,2.1489900967209064,,,,,,,,,,
2057.9119999999784,0.7538142392815642,0.27029702878611017,69.73735999999936,20579119.999999788,24066424435.407814,12449373040.32203,2597.2330032502905,6588239997.004192,3408044997.378333,1011.3972751377249,2668708724.039403,2675.1398735172565,1253.6153563261257,2168.5863177986066,5801271.727907018,2.1339399362154303,,,,,,,,,,
2058.0643999999784,0.7394756436293943,0.27184342182632404,69.74193199999935,20580643.999999784,24259888085.370857,12790412609.255348,2598.2367049459426,6565319123.006148,3461398510.9568744,1011.3955298612398,2668717311.7041607,2682.060017046644,1263.8919187827025,2166.864370016012,5811660.289182911,2.1220643768573404,,,,,,,,,,
2058.2167999999783,0.7270298019107589,0.27418970320628105,69.74650399999936,20582167.999999788,24428727600.662308,13088165330.786606,2599.107913866247,6495902205.962876,3480305787.271479,1011.3937844696221,2668725896.7535124,2682.414257371859,1268.2440935173736,2163.7730479505676,5804135.673539566,2.115061502027104,,,,,,,,,,
2058.3691999999783,0.7182919265031803,0.2774250047262242,69.75107599999934,20583691.999999784,24547781310.054977,13298208788.811756,2599.7195651447773,6369712400.598007,3450648527.3738146,1011.3920389628756,2668734479.1875854,2673.7765803967823,1264.201256017012,2159.0777936869713,5772891.640014979,2.1149928207006954,,,,,,,,,,
2058.521599999978,0.7141957882826334,0.2814672768973588,69.75564799999935,20585215.999999784,24603739693.21082,13396964825.78236,2600.0062948202158,6189282789.380626,3370121975.7674785,1011.3902933410035,2668743059.0065093,2655.7339205853277,1251.1651111482117,2152.8628748482915,5717430.963103453,2.122608676442491,,,,,,,,,,
2058.673999999978,0.7140061792949884,0.28588318320518635,69.76021999999935,20586739.999999784,24606332298.6406,13401540791.068539,2600.0195674493507,5980431493.801656,3257169562.682109,1011.3885476040087,2668751636.2104173,2631.6397496566606,1232.0258728825115,2145.8566745574626,5647121.721831475,2.1360263672868656,,,,,,,,,,
2058.826399999978,0.7156955100453779,0.2899063200635832,69.76479199999935,20588263.999999784,24583240558.871086,13360785315.613503,2599.9013142968233,5787330292.283098,3145365534.725584,1011.3868017518947,2668760210.7994375,2607.9170573238775,1212.5272370926643,2139.3809175973265,5579327.987115277,2.1508111137998083,,,,,,,,,,
2058.978799999978,0.7173387776903561,0.29266516515856433,69.76936399999934,20589787.99999978,24560794019.53591,13321171958.894302,2599.786285561675,5655372333.777649,3067335172.059269,1011.3850557846647,2668768782.773707,2591.250626581079,1198.643853007852,2134.9165773109194,5532103.918655252,2.161818642025026,,,,,,,,,,
2059.131199999978,0.718512743985647,0.2935470438079853,69.77393599999934,20591311.99999978,24544767369.04445,13292890323.291683,2599.704107921005,5611523370.533974,3039074014.821277,1011.3833097023222,2668777352.133345,2585.320064924666,1193.5171609012684,2133.4572329851712,5515669.792095222,2.166135644813348,,,,,,,,,,
2059.283599999978,0.7206145499320997,0.2924949947818305,69.77850799999933,20592835.999999776,24516093586.31744,13242294770.94648,2599.556981504753,5652836826.998927,3053362938.578412,1011.3815635048702,2668785918.87849,2589.0433791295854,1195.880743624864,2135.023620904246,5527668.769987412,2.164967864004459,,,,,,,,,,
2059.435999999978,0.7258166193257212,0.29002597715257156,69.78307999999934,20594359.99999978,24445231606.373222,13117278103.686083,2599.1928366471993,5749342308.121953,3085089279.7130275,1011.3798171923121,2668794483.009269,2597.449189836203,1201.048026445345,2138.685814144221,5555127.735263087,2.162652227591336,,,,,,,,,,
2059.588399999978,0.7354486935725352,0.2869915795049563,69.78765199999933,20595883.999999776,24314423672.616142,12886573186.963623,2598.5185914499225,5858092698.566281,3104771937.535671,1011.3780707646509,2668803044.525812,2604.4468663737343,1203.653474906726,2143.0226265221377,5581388.564213591,2.1637846113272423,,,,,,,,,,
2059.7407999999778,0.7489538216874746,0.2842014474890019,69.79222399999934,20597407.99999978,24131878709.369705,12564743068.18843,2597.573232481877,5942942617.607749,3094311386.13488,1011.3763242218903,2668811603.428254,2606.01436075659,1200.5738151312592,2146.7737751518093,5594523.287341254,2.1706406785755807,,,,,,,,,,
2059.8931999999777,0.7639509694060717,0.2821300410468087,69.79679599999933,20598931.999999776,23930322660.747482,12209512139.289455,2596.523432141575,5989072461.387536,3055690220.188248,1011.3745775640331,2668820159.7167187,2601.938177703418,1192.3550768716157,2149.3053207343114,5592359.569559695,2.18218400556496,,,,,,,,,,
2060.0455999999776,0.7773763072135744,0.2808192387991087,69.80136799999934,20600455.999999776,23750902678.185677,11893350877.286179,2595.58365849505,6004716975.168903,3006883859.2005777,1011.372830791083,2668828713.3913426,2595.2061045978944,1182.408994827345,2150.706779761916,5581527.364038204,2.194846382217217,,,,,,,,,,
2060.1979999999776,0.7868126994787129,0.2799861853109643,69.80593999999932,20601979.999999776,23625353743.17592,11672126576.102892,2594.92311103649,6011412264.6683,2969943460.618568,1011.3710839030427,2668837264.4522533,2589.9125316530703,1174.8930287034225,2151.5504197179516,5572327.394510946,2.204381563580492,,,,,,,,,,
2060.3503999999775,0.7913125169629086,0.2792515435013942,69.81051199999933,20603503.999999776,23565645913.278084,11566916223.3936,2594.608123812596,6030132665.626955,2959818696.0772166,1011.3693368999161,2668845812.899576,2589.0936894120086,1172.6336747420353,2152.486248835955,5572988.563407297,2.2079305286722017,,,,,,,,,,
2060.5027999999775,0.7915318048509686,0.27841513792184,69.81508399999933,20605027.999999773,23562738836.142456,11561793636.16748,2594.592773660432,6068111389.9769535,2977508350.7939444,1011.3675897817061,2668854358.73345,2593.1676743556595,1175.7741752555896,2153.798915729506,5585161.7253320245,2.20549807006261,,,,,,,,,,
2060.6551999999774,0.7891266870548244,0.2776432679856991,69.81965599999933,20606551.999999776,23594636643.026886,11618000686.83468,2594.7611319061625,6112219491.855948,3009657293.2583566,1011.365842548416,2668862901.9540014,2599.619133522366,1181.7362792320591,2155.142089255716,5602548.610688527,2.199830181410446,,,,,,,,,,
2060.8075999999774,0.7858807673033272,0.2774718320131949,69.82422799999932,20608075.999999773,23637732456.632088,11693938684.765182,2594.9883462887674,6131384549.545812,3033287355.572395,1011.3640952000491,2668871442.561358,2603.856871376255,1186.2466098467658,2155.577224118657,5612814.566803519,2.1950384091825645,,,,,,,,,,
2060.9599999999773,0.7829076899259777,0.2785585804793012,69.82879999999932,20609599.999999773,23677253226.64803,11763576548.552847,2595.1964617051817,6090920255.920643,3026153667.2257466,1011.3623477366087,2668879980.555655,2601.298251968234,1185.2829756582678,2154.005879203404,5603211.728301114,2.1946643167835576,,,,,,,,,,
2061.1123999999772,0.7802203697047567,0.2812988522447926,69.83337199999931,20611123.999999773,23713014672.154327,11826590081.057497,2595.384574120667,5972983423.869756,2978955965.392706,1011.3606001580979,2668888515.937019,2589.8373696254307,1177.1531448984313,2149.800448316761,5567633.538288252,2.2000853337132193,,,,,,,,,,
2061.264799999977,0.7768159454263501,0.2855042101606915,69.83794399999931,20612647.999999773,23758372652.615917,11906513441.048351,2595.6228838201555,5791560721.911698,2902441871.2658243,1011.3588524645198,2668897048.7055793,2571.4260307050554,1163.6955898740928,2143.3088328619715,5511360.124661344,2.209706776480328,,,,,,,,,,
2061.417199999977,0.771160282476397,0.29036625143690126,69.8425159999993,20614171.99999977,23833857837.28145,12039524823.247297,2596.0187802266523,5590321533.39473,2823916099.9760623,1011.3571046558785,2668905578.861471,2551.6908780735466,1149.8384002899152,2135.886509695448,5450122.12339022,2.21917347466407,,,,,,,,,,
2061.569599999977,0.7618324753212345,0.2947602759909807,69.84708799999932,20615695.999999773,23958721565.620262,12259558336.416933,2596.6717267275135,5423848560.409037,2775356258.1419873,1011.3553567321762,2668914106.404822,2537.685631568828,1141.6485617118167,2129.3834359746684,5403705.749573577,2.2228255845772344,,,,,,,,,,
2061.721999999977,0.748176782338229,0.2977406962436681,69.8516599999993,20617219.99999977,24142354775.839787,12583209389.910095,2597.627625236324,5333696076.538544,2779969691.2908883,1011.3536086934167,2668922631.335759,2534.838270273872,1143.6862933182563,2125.329295117599,5387366.034198282,2.2163754913240847,,,,,,,,,,
2061.874399999977,0.7308080257499854,0.29894646300695943,69.85623199999932,20618743.999999773,24377381672.479427,12997601161.038277,2598.843438197501,5332294787.607049,2843087984.3278303,1011.3518605396034,2668931153.6544147,2544.567838179174,1156.885694666927,2124.268446003335,5405345.1673589405,2.19949805750841,,,,,,,,,,
2062.026799999977,0.7119191872367112,0.2986535721535702,69.8608039999993,20620267.99999977,24634882183.018906,13451934579.872501,2600.1656568934304,5401684238.256288,2949602212.5991526,1011.3501122707394,2668939673.3609223,2563.6866002879656,1177.971552938512,2125.660218998744,5449526.620212262,2.176356970499597,,,,,,,,,,
2062.179199999977,0.6950534912470606,0.29748655019485754,69.86537599999932,20621791.999999773,24866523245.277138,13861037572.545105,2601.3462556127056,5505185909.76206,3068687487.4456286,1011.3483638868277,2668948190.455409,2585.831712241725,1200.7580149871615,2128.3432679860775,5503537.516894588,2.1534994394931215,,,,,,,,,,
2062.331599999977,0.6842823599311016,0.29601714043604466,69.86994799999931,20623315.99999977,25015327921.227238,14124093231.512001,2602.100234804823,5605275938.291951,3164837182.6301613,1011.3466153878717,2668956704.938003,2604.1396970916294,1218.60392888851,2131.209897246729,5549968.296254779,2.13698613253846,,,,,,,,,,
2062.4839999999767,0.6829136599448191,0.2945510182997947,69.87451999999931,20624839.99999977,25034285911.96052,14157623032.812126,2602.1960438038627,5676993792.753768,3210506517.3447943,1011.344866773875,2668965216.808837,2613.6624383578305,1226.6745056285363,2133.6092096462526,5576534.249386748,2.130689458666637,,,,,,,,,,
2062.6363999999767,0.692238177329825,0.2931515658209002,69.8790919999993,20626363.99999977,24905351168.462658,13929656594.004091,2601.5433275869123,5712216493.080944,3194864172.0009723,1011.3431180448405,2668973726.0680404,2612.612649283123,1223.176870540892,2135.3736461909302,5578904.198984249,2.135923848958834,,,,,,,,,,
2062.7887999999766,0.7109710864728354,0.2918369821330924,69.8836639999993,20627887.99999977,24647860340.369865,13474844389.766207,2600.2320239469013,5713428221.934617,3123498557.664755,1011.3413692007715,2668982232.7157454,2601.931150197166,1209.1095517912167,2136.5349703263178,5559116.892777624,2.1519399514647577,,,,,,,,,,
2062.9411999999766,0.7355838030813886,0.2907076094452009,69.8882359999993,20629411.999999765,24312592483.121704,12883344111.744629,2598.509133784303,5687047028.60935,3013589928.7627726,1011.3396202416714,2668990736.7520795,2584.3405400969436,1187.4872540863985,2137.106878718022,5523011.945191027,2.176310129817119,,,,,,,,,,
2063.0935999999765,0.7613604263194873,0.28990477346838667,69.89280799999929,20630935.99999977,23965052738.427765,12270715686.784462,2596.7047701576357,5641867616.200827,2888779516.427577,1011.3378711675433,2668999238.177173,2563.631690760526,1162.638882322048,2137.0993384416347,5478735.590332329,2.2050111429615913,,,,,,,,,,
2063.2459999999764,0.7836048243711223,0.28947776476110104,69.89737999999929,20632459.999999765,23667982216.447178,11747240529.876719,2595.1476622940213,5590949758.030013,2774982294.5360327,1011.3361219783906,2669007736.9911556,2544.211914738052,1139.6236129510708,2136.669437800616,5436139.841508983,2.2325019294307014,,,,,,,,,,
2063.3983999999764,0.7985987032356291,0.28926199364634103,69.9019519999993,20633983.999999765,23469184404.392548,11396935746.77274,2594.098090773506,5553531080.078186,2696865634.3895097,1011.3343726742163,2669016233.19416,2530.6874542476744,1123.5751419454555,2136.2647022050105,5406218.280822365,2.2523526551733983,,,,,,,,,,
2063.5507999999763,0.8042182459340445,0.2888799364544969,69.90652399999928,20635507.999999765,23394970540.58235,11266150253.179832,2593.704722784617,5552832975.319977,2674038444.3847756,1011.3326232550241,2669024726.786315,2527.1283215631315,1118.7249191258488,2136.589171225139,5399435.006148148,2.258936292880455,,,,,,,,,,
2063.7031999999763,0.800229645350138,0.287870812743972,69.91109599999929,20637031.99999976,23447629201.52847,11358950411.956203,2593.9839248254907,5610099539.639531,2717752056.261183,1011.3308737208168,2669033217.767745,2536.1532088765953,1127.3584838613865,2138.3843047122614,5423270.216207349,2.2496421902905785,,,,,,,,,,
2063.855599999976,0.7883821727264275,0.2858899359985217,69.91566799999929,20638555.999999758,23604516731.215324,11635410220.357975,2594.81324790915,5736641187.56076,2827771238.2054906,1011.3291240715982,2669041706.1385903,2557.9735162403354,1148.9500366912193,2142.111073090557,5479463.3938108105,2.2263574868815565,,,,,,,,,,
2064.007999999976,0.7721409847773905,0.2828891954388889,69.9202399999993,20640079.99999976,23820756586.552696,12016439001.058643,2595.950131065583,5926623665.5516815,2989699823.368993,1011.327374307371,2669050191.898972,2589.7445459330797,1179.856696597478,2147.677474332098,5561936.0255748825,2.1949653321471136,,,,,,,,,,
2064.160399999976,0.7559461638203133,0.2791674303034956,69.92481199999928,20641603.999999758,24037754350.02373,12398842578.323412,2597.083768532578,6154905794.786968,3174743652.1206827,1011.3256244281388,2669058675.0490274,2625.770343691876,1213.925386655077,2154.391742360101,5656937.945783822,2.1630409682155847,,,,,,,,,,
2064.312799999976,0.743978113583471,0.27523307453581203,69.92938399999929,20643127.99999976,24199018045.463875,12683096745.943264,2597.921532049157,6384430893.921823,3346183491.5478406,1011.3238744339046,2669067155.58888,2659.134833677296,1244.295816317504,2161.2373806923933,5747021.602844622,2.137060013226606,,,,,,,,,,
2064.465199999976,0.7387883662823038,0.2715678829900497,69.93395599999928,20644651.999999758,24269189331.795425,12806812274.428713,2598.2848143602387,6581330885.275525,3472957749.486886,1011.3221243246717,2669075633.518664,2684.3303133117515,1265.8684027878198,2167.3167162430855,5817793.959958598,2.120544526903472,,,,,,,,,,
2064.617599999976,0.7404211718755589,0.2684468116440575,69.93852799999928,20646175.99999976,24247096044.053738,12767858649.301788,2598.1705179687106,6729002453.585453,3543308939.845331,1011.3203741004439,2669084108.8385077,2699.4438777342557,1277.1915577866823,2172.1856562903604,5863693.27117518,2.1135779212417245,,,,,,,,,,
2064.769999999976,0.7465108744278423,0.26595638756360684,69.94309999999928,20647699.999999758,24164825625.081284,12622820262.690273,2597.744238790051,6829604478.281722,3567535356.230189,1011.3186237612238,2669092581.548538,2706.278975809549,1280.47835099446,2175.8242130786107,5888387.322912001,2.1134906136505682,,,,,,,,,,
2064.922399999976,0.7534527676613859,0.2641728448253347,69.94767199999927,20649223.999999758,24071287919.939407,12457945040.097153,2597.258306263703,6891890856.906238,3566855159.692764,1011.3168733070148,2669101051.648893,2708.262756503823,1279.6297410496493,2178.295646193167,5899396.971239383,2.1164424908429376,,,,,,,,,,
2065.0747999999758,0.7580172073410819,0.2633701260855673,69.95224399999927,20650747.999999758,24009926314.9109,12349798062.242474,2596.938795486124,6914331971.24276,3556470872.0961313,1011.3151227378203,2669109519.1396956,2707.5355113828186,1277.4615626661973,2179.332888870143,5900621.187740418,2.1194653447982463,,,,,,,,,,
2065.2271999999757,0.7585572103940109,0.26403584287992493,69.95681599999928,20652271.999999758,24002674213.630783,12337017137.758835,2596.900995272419,6879064539.884418,3535736741.8713827,1011.3133720536433,2669117984.0210767,2703.406224440133,1274.0491899172437,2178.249030715873,5888691.988017977,2.1219009798324455,,,,,,,,,,
2065.3795999999757,0.7552800413692559,0.26665234293490336,69.96138799999926,20653795.999999754,24046709733.897457,12414626050.939064,2597.130397104152,6761787290.925038,3490916702.607902,1011.3116212544877,2669126446.2931666,2693.0550164463793,1267.1067239441575,2174.2681050536785,5855423.6274141725,2.125357687364829,,,,,,,,,,
2065.5319999999756,0.749593406192421,0.2713418918235918,69.96595999999927,20655319.999999758,24123258265.366993,12549547930.975311,2597.5284615665305,6552768770.513311,3408921169.0037804,1011.309870340356,2669134905.956098,2674.1095499225753,1254.2003223741015,2167.1209081774678,5795118.716394251,2.1321231562599974,,,,,,,,,,
2065.6843999999755,0.7431621927555959,0.27760930946991674,69.97053199999927,20656843.999999754,24210040466.608494,12702528610.216665,2597.9786465071084,6273263420.34147,3291457037.6790524,1011.3081193112519,2669143363.0099974,2647.225108250415,1235.1459446579731,2157.504137095998,5711399.122874672,2.1432488360583686,,,,,,,,,,
2065.8367999999755,0.7372371061373415,0.28438210802858915,69.97510399999928,20658367.999999754,24290192803.851326,12843846243.50668,2598.393402570386,5973490183.252636,3158582975.044507,1011.3063681671786,2669151817.454997,2616.792243011694,1212.898995818866,2147.05424610196,5618394.896524929,2.157469213868889,,,,,,,,,,
2065.9891999999754,0.7325654549012995,0.29034136384006226,69.97967599999926,20659891.999999754,24353525330.404144,12955527726.810207,2598.720418156909,5713348981.180132,3039373155.8121696,1011.3046169081392,2669160269.291227,2589.2622532489145,1192.3551624698575,2137.8279494410763,5535397.213428307,2.1715528516566223,,,,,,,,,,
2066.1415999999754,0.7296424596618667,0.2943597113262282,69.98424799999927,20661415.999999754,24393213192.666256,13025523429.460407,2598.9250278236696,5540227197.18745,2958378569.9538302,1011.3028655341369,2669168718.5188107,2570.39252916871,1178.0798519345226,2131.593026437001,5479030.790381787,2.181849154747765,,,,,,,,,,
2066.2939999999753,0.7289940027814812,0.2958604243472854,69.98881999999927,20662939.99999975,24402024253.164745,13041064163.738602,2598.9704198052964,5474860919.596195,2925905318.315515,1011.3011140451755,2669177165.1378875,2562.913936691477,1172.242955971067,2129.2419052799473,5457063.753629491,2.186333407794633,,,,,,,,,,
2066.4463999999753,0.7312509861890625,0.29494682568446695,69.99339199999926,20664463.999999754,24371367059.62323,12986993431.55302,2598.8124309667655,5508891610.439314,2935573494.2928944,1011.2993624412578,2669185609.1485806,2565.7066233152386,1173.809191406788,2130.5804906725593,5466444.476424816,2.1857953082138404,,,,,,,,,,
2066.598799999975,0.7368289822740685,0.2922824901914149,69.99796399999926,20665987.99999975,24295720845.72264,12853593765.367886,2598.4219712408153,5611631687.5866165,2968820498.5201297,1011.2976107223868,2669194050.5510206,2574.7149667478498,1179.343999392227,2134.533310905032,5495814.862609027,2.183175534936986,,,,,,,,,,
2066.751199999975,0.7455038126525282,0.2888065796845098,70.00253599999925,20667511.999999754,24178416838.045494,12646779204.836578,2597.814733114323,5742134542.502149,3003484810.8508453,1011.2958588885663,2669202489.3453407,2584.922028120412,1184.7988794286923,2139.617643444263,5530744.778294162,2.1817390892257227,,,,,,,,,,
2066.903599999975,0.756145510937108,0.2853886024034184,70.00710799999925,20669035.99999975,24035074779.689922,12394119989.605103,2597.069814234402,5864332027.694449,3024048623.7865944,1011.2941069397993,2669210925.531666,2592.612413256176,1187.4917473115618,2144.507501404303,5559876.7684617825,2.183267731439613,,,,,,,,,,
2067.055999999975,0.7669226737686385,0.2825255033311494,70.01167999999925,20670559.999999754,23890526324.733543,12139382842.066006,2596.3154128361953,5960799345.700926,3028833451.328626,1011.2923548760892,2669219359.1101313,2596.9284559475195,1187.3244568114078,2148.505975594539,5579516.305794746,2.187210447026116,,,,,,,,,,
2067.208399999975,0.7759603541944248,0.28025195202625824,70.01625199999924,20672083.99999975,23769781371.876144,11926616365.098703,2595.68277520639,6035810658.424308,3028500643.2820477,1011.2906026974393,2669227790.0808635,2599.664436257146,1186.3904444925943,2151.653776085632,5593577.800828215,2.1912385153852054,,,,,,,,,,
2067.360799999975,0.7821351953680111,0.2782760070497173,70.02082399999925,20673607.99999975,23687529358.487427,11781683632.778881,2595.250536324239,6106736176.422462,3037363355.654304,1011.2888504038524,2669236218.4439917,2603.613686949716,1187.3477868980215,2154.4720030465755,5609412.795282034,2.1927978606434495,,,,,,,,,,
2067.513199999975,0.7856337384715864,0.2762524061284431,70.02539599999923,20675131.99999975,23641014450.51843,11699721763.772158,2595.005638306989,6189305596.556487,3063030714.787317,1011.2870979953321,2669244644.199646,2610.4755099658314,1191.517199806787,2157.4995809156685,5632099.818741897,2.190883614931567,,,,,,,,,,
2067.665599999975,0.7878140491917411,0.27403538206520067,70.02996799999924,20676655.99999975,23612057930.440514,11648698398.059793,2594.853016556578,6286027871.884839,3101129220.379566,1011.285345471882,2669253067.3479557,2619.6559687765844,1197.960925333884,2160.8994447847836,5660813.128456465,2.186762450575305,,,,,,,,,,
2067.8179999999747,0.7905484123251472,0.27177677980702397,70.03453999999924,20678179.999999747,23575777485.258644,11584769104.072163,2594.6616111372396,6383351413.673697,3136679258.3532534,1011.2835928335047,2669261487.8890543,2628.4230613792497,1203.850870542769,2164.3362321054233,5688791.265044567,2.183346065276505,,,,,,,,,,
2067.9703999999747,0.7953853590437472,0.26986367091977825,70.03911199999925,20679703.99999975,23511692566.321114,11471843203.828035,2594.323024866938,6457064304.28233,3150535804.549792,1011.2818400802037,2669269905.823065,2633.1087080935336,1205.7324747394841,2167.117719523195,5706256.538740324,2.1838249887583516,,,,,,,,,,
2068.1227999999746,0.802975341305032,0.2687628333288556,70.04368399999923,20681227.999999747,23411371169.231346,11295053543.680035,2593.7917261086477,6481974953.258633,3127294579.912166,1011.2800872119825,2669278321.150123,2630.591690518524,1200.901937057277,2168.471414262889,5704362.883486908,2.1905133211497665,,,,,,,,,,
2068.2751999999746,0.8130121257351576,0.2688194324691161,70.04825599999924,20682751.999999747,23279151776.330925,11062023475.970303,2593.089151198539,6442679852.974989,3061497964.6394615,1011.2783342288441,2669286733.870356,2619.494961517113,1188.3670557885428,2167.867665107237,5678718.4259842755,2.204281033168614,,,,,,,,,,
2068.4275999999745,0.824377473449074,0.2701216463573315,70.05282799999924,20684275.999999743,23130031296.593464,10799151065.679245,2592.293576858565,6340131170.449288,2960135825.4965887,1011.2765811307918,2669295143.9838953,2600.7397379402246,1169.24127088099,2165.226663053657,5631191.024251355,2.224296903222242,,,,,,,,,,
2068.5799999999745,0.8353759953450581,0.27245422003901726,70.05739999999923,20685799.999999743,22986322168.170685,10545745637.115007,2591.523680325846,6192374214.0063095,2840959196.2113147,1011.2748279178289,2669303551.4908648,2577.419624078155,1146.5877671674957,2160.9782117754676,5569747.650235409,2.2479043452952174,,,,,,,,,,
2068.7323999999744,0.8439364043627526,0.27540284437184764,70.06197199999923,20687323.99999974,22874871483.78044,10349162839.985212,2590.9244516946073,6027348404.946001,2726922867.3193107,1011.2730745899589,2669311956.391402,2553.896187305752,1124.6664381961907,2155.8839693240807,5505903.849530361,2.270803236026006,,,,,,,,,,
2068.8847999999743,0.8480155265507244,0.27855522467757676,70.06654399999923,20688847.999999743,22821886396.82675,10255684271.844147,2590.638913141449,5871029694.96643,2638319455.948619,1011.2713211471844,2669320358.6856327,2534.277015807602,1107.5771636263341,2150.697818705003,5450464.049891634,2.288126822252356,,,,,,,,,,
2069.0371999999743,0.8462009037914999,0.2816807632410827,70.07111599999922,20690371.99999974,22845447441.83077,10297253403.047314,2590.765936734595,5737487535.467677,2586089119.067022,1011.2695675895094,2669328758.3736835,2520.940652294813,1097.7964985325912,2145.8521939372886,5409566.029512524,2.29636426757101,,,,,,,,,,
2069.1895999999742,0.8382177707154166,0.28479733899777576,70.07568799999923,20691895.999999743,22949285468.78562,10480424488.42151,2591.3247560499212,5625425008.900033,2569005562.340693,1011.2678139169365,2669337155.4556894,2513.8017224271566,1095.3195743338752,2141.3287434654844,5382875.883606314,2.2950395312308185,,,,,,,,,,
2069.341999999974,0.8249717925550075,0.2880671057720817,70.08025999999921,20693419.99999974,23122250832.352455,10785433574.868752,2592.2519745211494,5523647655.798132,2576519704.527792,1011.2660601294695,2669345549.931775,2510.8663487937383,1098.0764239562625,2136.82193789591,5365274.297227064,2.2866043692544924,,,,,,,,,,
2069.494399999974,0.807984865725959,0.29162795361017707,70.08483199999922,20694943.999999743,23345315620.55336,11178638754.28737,2593.441059399183,5420601234.290397,2595593223.671323,1011.2643062271114,2669353941.802076,2509.6754282275906,1103.370182784511,2132.034090622017,5350713.569377633,2.2745543312526983,,,,,,,,,,
2069.646799999974,0.7887018300458378,0.29545294624889545,70.08940399999922,20696467.99999974,23600274366.867638,11627934830.627205,2594.790871896791,5312629175.185016,2617550324.544775,1011.2625522098655,2669362331.066715,2508.736875361994,1109.3552406681258,2126.932764376726,5335914.657407516,2.261436899014485,,,,,,,,,,
2069.799199999974,0.7681759185625097,0.2993450688412315,70.09397599999923,20697991.99999974,23873757154.760857,12109832774.110786,2596.2276857006245,5204928367.941818,2640171453.8857713,1011.2607980777349,2669370717.7258267,2507.9150993878957,1115.491675408099,2121.775663614078,5321233.224291518,2.2482598074704443,,,,,,,,,,
2069.951599999974,0.7473888486351704,0.3030273636062878,70.09854799999921,20699515.99999974,24152981061.404915,12601940854.678505,2597.682780595538,5106455428.2924795,2664319121.5523887,1011.2590438307232,2669379101.7795405,2507.710370576528,1121.8570334072529,2116.952978081261,5308704.9371572435,2.235320808178405,,,,,,,,,,
2070.103999999974,0.7279581415611444,0.3062184466112305,70.10311999999922,20701039.99999974,24416104122.86654,13065898723.459145,2599.04293009072,5024620479.739553,2688847572.967674,1011.2572894688334,2669387483.2279816,2508.245806313837,1128.1073695202142,2112.833677667868,5299506.211449071,2.2234105317303245,,,,,,,,,,
2070.256399999974,0.7124643801190597,0.30865711479408964,70.10769199999922,20702563.999999736,24627421590.12122,13438765239.387493,2600.1274933916657,4963499664.939321,2708497376.3414464,1011.2555349920689,2669395862.0712824,2508.8578591414416,1133.059562769386,2109.7108589348113,5292964.6689546425,2.214232986136559,,,,,,,,,,
2070.408799999974,0.7039848612616423,0.31006691214862836,70.11226399999921,20704087.99999974,24743650894.872498,13643978085.671734,2600.721059711685,4926705057.318471,2716650672.215512,1011.2537804004327,2669404238.309574,2508.646690192868,1135.2564356822068,2107.8798484543636,5287925.805149283,2.209762139498776,,,,,,,,,,
2070.5611999999737,0.704783092591154,0.3101669534979906,70.11683599999921,20705611.999999736,24732691848.53392,13624624547.791386,2600.6651835186194,4920266650.873674,2710452473.3382998,1011.2520256939283,2669412611.9429817,2507.4055233183603,1134.0139083325541,2107.681746506514,5284812.852587722,2.2110888631033028,,,,,,,,,,
2070.7135999999737,0.7149477777550572,0.30875082676750404,70.1214079999992,20707135.999999736,24593459432.16261,13378820546.341684,2599.953655557146,4952663964.206544,2694244890.037658,1011.250270872559,2669420982.9716387,2506.1681833617745,1130.1469770453832,2109.4401720474475,5286611.8438905,2.217559515943504,,,,,,,,,,
2070.8659999999736,0.731823302704545,0.3058319674262019,70.1259799999992,20708659.999999736,24363597635.292843,12973291073.0199,2598.7723688106817,5030322426.429133,2678579658.3124566,1011.2485159363279,2669429351.3956733,2506.865681729526,1125.8386217903405,2113.2568255500937,5297651.01265221,2.2266652015748374,,,,,,,,,,
2071.0183999999736,0.7508268794839319,0.30171221170851453,70.1305519999992,20710183.999999736,24106639518.534645,12520254916.077667,2597.4421184361245,5153163130.670948,2676396101.187271,1011.2467608852382,2669437717.2152133,2511.5178299840527,1123.8886446598462,2118.867608907669,5321573.779147287,2.234667857814493,,,,,,,,,,
2071.1707999999735,0.7672461634838027,0.29694494474843475,70.1351239999992,20711707.99999973,23886197044.871468,12131753896.665009,2596.292768556134,5311736936.909777,2697821053.7809534,1011.2450057192934,2669446080.4303927,2521.2671742630923,1126.5842342216927,2125.6208481969184,5359258.069488162,2.2379748426045785,,,,,,,,,,
2071.3231999999734,0.7780757921800787,0.29219115716466915,70.1396959999992,20713231.999999736,23741580394.196465,11876924455.403694,2595.534694547395,5487678436.890268,2745257103.7109957,1011.2432504384967,2669454441.0413337,2535.6401668838644,1134.5794181893177,2132.618744207131,5407553.748461027,2.234872346733125,,,,,,,,,,
2071.4755999999734,0.7829589862623105,0.2880538246071443,70.14426799999919,20714755.99999973,23676570964.5916,11762374366.554127,2595.192870961638,5656664260.800755,2810195902.14099,1011.2414950428509,2669462799.048172,2552.2580989890716,1146.2254601239454,2138.929619136483,5459100.443608698,2.226663241901019,,,,,,,,,,
2071.6279999999733,0.7837239583959341,0.2849903505557923,70.14883999999921,20716279.999999736,23666398134.480602,11744449290.746174,2595.1393229122846,5792441903.638159,2874499102.91829,1011.23973953236,2669471154.451032,2567.308568266677,1157.9630626664157,2143.7432253996667,5503650.350732206,2.2170902086936977,,,,,,,,,,
2071.7803999999733,0.7830682966153302,0.2832852647460701,70.1534119999992,20717803.99999973,23675117137.86589,11759812646.395802,2595.185219236927,5872266697.776642,2916849609.376317,1011.2379839070269,2669479507.250051,2576.7730834558943,1165.7192530082746,2146.4763073326903,5530982.373010678,2.210457686793995,,,,,,,,,,
2071.932799999973,0.7832596257277825,0.28304966098263734,70.1579839999992,20719327.999999736,23672572610.626244,11755329053.068699,2595.1718261990554,5882410810.458366,2921088292.3314567,1011.2362281668545,2669487857.445349,2577.79990034216,1166.4672884984977,2146.83939215771,5534122.371154768,2.209920437340648,,,,,,,,,,
2072.085199999973,0.7855179354354671,0.28417348749921584,70.1625559999992,20720851.99999973,23642553102.94535,11702432964.450478,2595.0137445195173,5823708679.30612,2882580410.301715,1011.234472311847,2669496205.037062,2569.735137548264,1159.2645828894983,2144.945665307294,5511942.244271992,2.216694252094832,,,,,,,,,,
2072.237599999973,0.7901720521123,0.2862534019913925,70.1671279999992,20722375.99999973,23580768891.81704,11593564450.13129,2594.687956352139,5714501625.171037,2809553971.532747,1011.2327163420065,2669504550.0253153,2554.410152086912,1145.4283127016363,2141.4185069981418,5470061.1741428515,2.2300916816540144,,,,,,,,,,
2072.389999999973,0.7971009649741282,0.28863775906585076,70.17169999999919,20723899.99999973,23488990945.595154,11431838932.656906,2594.2029324518107,5585894735.558218,2718594811.4834914,1011.2309602573371,2669512892.41024,2535.4084869679455,1127.8199124039295,2137.2974497335476,5418922.093229382,2.248061467157256,,,,,,,,,,
2072.542399999973,0.8059187218289262,0.29059985316559606,70.17627199999919,20725423.99999973,23372544593.160423,11226627539.060879,2593.585689471975,5471877692.057292,2628328830.1437206,1011.2292040578417,2669521232.1919656,2516.8774137518017,1109.8588874991312,2133.753127154999,5370395.052258694,2.2677454243062694,,,,,,,,,,
2072.694799999973,0.8157949553664738,0.29157586043592376,70.18084399999918,20726947.999999728,23242580677.346992,10997561321.780237,2592.8943531243467,5399007513.914558,2554618053.618177,1011.2274477435237,2669529569.370621,2502.417431412335,1094.707428260524,2131.7184642649086,5334449.44384004,2.2859234959140124,,,,,,,,,,
2072.847199999973,0.8251842345388904,0.2913601884866037,70.18541599999918,20728471.99999973,23119470087.702118,10780530880.671785,2592.237103582278,5379724727.090795,2508547485.297499,1011.2256913143863,2669537903.946336,2494.400560908339,1084.8232584897846,2131.5933205044334,5317047.574294727,2.2993612474541423,,,,,,,,,,
2072.999599999973,0.8319632251058233,0.29011311713425225,70.18998799999918,20729995.999999728,23030851754.942463,10624274225.720158,2591.762574242592,5412919566.285131,2497013243.1875024,1011.2239347704326,2669546235.919239,2493.9536955080157,1081.9117254774792,2133.227582794194,5320170.813469212,2.30513602614609,,,,,,,,,,
2073.1519999999728,0.8341108594625881,0.2882693793333568,70.19455999999919,20731519.999999724,23002823050.078438,10574846142.054573,2591.6122398376187,5486306977.769336,2522162260.3314905,1011.2221781116662,2669554565.28946,2500.9010507007006,1086.631806021004,2136.034177639273,5342010.119190665,2.3015165181464967,,,,,,,,,,
2073.3043999999727,0.8306187711554813,0.2863845492483667,70.19913199999917,20733043.999999724,23048409474.121788,10655235320.43625,2591.8566860191163,5579724116.539716,2579495715.380997,1011.22042133809,2669562892.057129,2513.6281018425375,1098.1029090692612,2139.1868818328185,5377120.261267884,2.289064240775993,,,,,,,,,,
2073.4567999999726,0.8220405895931414,0.28497414799787546,70.20370399999918,20734567.999999724,23160641032.445427,10853116124.338295,2592.45715872848,5669375699.073898,2656679179.490478,1011.2186644497074,2669571216.2223725,2529.16636489384,1113.718746679063,2141.8450660399435,5417082.499842051,2.2709201694192744,,,,,,,,,,
2073.6091999999726,0.8104286200489078,0.28435897775462016,70.20827599999917,20736091.99999972,23313137676.70512,11121925707.769188,2593.269996596576,5734247776.900067,2735619659.9975085,1011.2169074465219,2669579537.7853227,2543.867666607992,1129.7343828839062,2143.398997412328,5452523.406157208,2.2517396169834063,,,,,,,,,,
2073.7615999999725,0.7986520000798462,0.284563059996634,70.21284799999918,20737615.999999724,23468479799.486084,11395694078.28114,2594.094359994411,5763250863.338574,2798487345.415285,1011.2151503285363,2669587856.746107,2554.6203438095417,1142.5709390527122,2143.6654084868364,5476251.262841264,2.2358527216940574,,,,,,,,,,
2073.9139999999725,0.7894570520458014,0.2853414739162955,70.21741999999917,20739139.99999972,23590253437.28161,11610277094.963558,2594.738006356794,5757929040.347829,2833846267.45576,1011.2133930957543,2669596173.104856,2559.8133804025433,1149.973743720843,2142.892759226157,5485405.557834842,2.225975501075388,,,,,,,,,,
2074.0663999999724,0.7845802191831066,0.28634761273052184,70.22199199999918,20740663.999999724,23655014895.02951,11724391383.365517,2595.0793846571823,5728242140.025559,2839150729.195224,1011.2116357481787,2669604486.8616962,2559.4799789649874,1151.4122939609704,2141.5426358762234,5481235.5006251,2.2229048555319197,,,,,,,,,,
2074.2187999999724,0.7842508437341122,0.2873340755996485,70.22656399999917,20742187.99999972,23659393207.390533,11732106219.396433,2595.102440938612,5684868510.82356,2818985281.1377354,1011.209878285813,2669612798.0167584,2554.72312833793,1147.7304650481535,2139.9961355996115,5467097.6221701205,2.2258911879896344,,,,,,,,,,
2074.3711999999723,0.7871732544502419,0.28822039499759194,70.23113599999917,20743711.999999724,23620565741.42938,11663689783.056417,2594.8978721884832,5635832495.014332,2782939350.848002,1011.2081207086608,2669621106.570175,2547.292231873675,1140.7821260906353,2138.446186463331,5447247.3590579275,2.2329349080906726,,,,,,,,,,
2074.5235999999722,0.790988536909665,0.2889914057993473,70.23570799999916,20745235.99999972,23569941332.1849,11574485207.28166,2594.6308024163236,5589403006.014515,2744786739.129892,1011.2063630167247,2669629412.522072,2539.6056754582914,1133.3094537593734,2137.03474769719,5427225.573903362,2.240875752896972,,,,,,,,,,
2074.675999999972,0.7930981199289634,0.2895288449946824,70.24027999999916,20746759.99999972,23541981475.725777,11525216679.262993,2594.4831316049726,5558920619.756636,2721426176.9587517,1011.2046052100084,2669637715.8725786,2534.8015978126173,1128.7290224127344,2136.078328552956,5414534.760268938,2.2457131406033204,,,,,,,,,,
2074.828399999972,0.7914343957253315,0.28958352981989777,70.24485199999916,20748283.99999972,23564030148.73124,11564069070.793291,2594.599592299227,5561700654.178396,2729409617.5419374,1011.2028472885148,2669646016.621824,2536.1455814021024,1130.3845539288568,2136.0739737736885,5417394.57013417,2.2436130895342368,,,,,,,,,,
2074.980799999972,0.7849935901638007,0.28896472151670505,70.24942399999917,20749807.99999972,23649520838.980145,11714710535.812187,2595.050448688534,5609465636.732098,2778629919.917469,1011.2010892522476,2669654314.769937,2545.605881106763,1140.1844326052221,2137.373859614616,5440911.467158827,2.232626414035732,,,,,,,,,,
2075.133199999972,0.7740331711074286,0.2877820732824027,70.25399599999915,20751331.999999717,23795493000.58378,11971922214.949724,2595.81767802248,5697333840.870059,2866426746.1835628,1011.1993311012097,2669662610.317048,2562.462739889385,1157.4028572477678,2139.792924784143,5483139.640838295,2.21397651115426,,,,,,,,,,
2075.285599999972,0.7599748260350859,0.2865430989708798,70.25856799999916,20752855.99999972,23983643407.078403,12303478231.021336,2596.801762177544,5798881691.688239,2974794673.4772425,1011.1975728354046,2669670903.263285,2582.7974929115717,1178.344711400963,2142.4578240222377,5533534.696553417,2.1918861840019805,,,,,,,,,,
2075.437999999972,0.7451531105187994,0.28599849860035903,70.26313999999915,20754379.999999717,24183151176.51232,12655125165.254284,2597.839282263684,5872251190.522384,3072968997.111144,1011.1958144548354,2669679193.608778,2600.341760882251,1197.1827669881654,2144.0616326562863,5575293.001301521,2.172050778365369,,,,,,,,,,
2075.590399999972,0.7322351348703681,0.2868112575467643,70.26771199999916,20755903.999999717,24358007974.4286,12963433182.014385,2598.743540559074,5876953647.28833,3127739181.3155932,1011.1940559595054,2669687481.353651,2608.7317815261667,1207.9862276179263,2143.4164764633542,5591598.683196785,2.1595707979803906,,,,,,,,,,
2075.742799999972,0.7233255892559924,0.28923820410628703,70.27228399999915,20757427.999999717,24479145153.961422,13177105717.099522,2599.3672087520804,5793616738.034666,3118699601.6928144,1011.192297349418,2669695766.498044,2604.30127073438,1207.2000407716748,2140.0063495713125,5573221.255568211,2.1573071427910495,,,,,,,,,,
2075.8951999999717,0.7190392385703491,0.2929936471945305,70.27685599999916,20758951.999999717,24537582349.713707,13280211712.744532,2599.6672533000756,5635056292.159075,3049800893.44372,1011.1905386245763,2669704049.0420794,2587.9904102747582,1195.398552176279,2134.2536671837156,5523428.023765191,2.1649603017865466,,,,,,,,,,
2076.0475999999717,0.7182891890974875,0.2972850427695531,70.28142799999915,20760475.999999713,24547818674.67638,13298274723.59065,2599.719756763176,5443639412.295895,2948979433.1728215,1011.1887797849832,2669712328.985881,2565.3411707779733,1177.3451986186417,2127.473257331454,5457694.736761501,2.1789201449055406,,,,,,,,,,
2076.1999999999716,0.7190915767665766,0.301006422224216,70.28599999999915,20761999.999999717,24536868181.200012,13278951516.019547,2599.6635896263397,5276135484.921554,2855358180.9558034,1011.1870208306428,2669720606.3295875,2544.3993958360797,1160.1296689587002,2121.5219408661483,5397999.144592815,2.1932025909826622,,,,,,,,,,
2076.3523999999716,0.7200740610280139,0.30301921800043863,70.29057199999914,20763523.99999972,24523464796.269825,13255300958.332726,2599.594815728039,5185138580.288341,2802645260.911027,1011.1852617615575,2669728881.073323,2532.611411930347,1150.2514060988049,2118.2761948206903,5364770.4646232715,2.2017894509861606,,,,,,,,,,
2076.5047999999715,0.7215040430643683,0.30249625170668915,70.29514399999914,20765047.999999717,24503966228.86062,13220897276.917412,2599.494716985494,5203815841.056687,2807672604.5098314,1011.1835025777314,2669737153.217218,2534.1382745209285,1151.0760309839015,2119.0365280834462,5369931.570924204,2.201538565923253,,,,,,,,,,
2076.6571999999715,0.7249539306515428,0.299229523407637,70.29971599999915,20766571.999999717,24456972541.9226,13137989810.510174,2599.253224854392,5337185918.787939,2867071715.341677,1011.1817432791668,2669745422.761399,2548.6098750408905,1161.8133515222255,2124.0553522853775,5413388.44596797,2.1936482927327896,,,,,,,,,,
2076.8095999999714,0.7317454368661692,0.2937813049395781,70.30428799999913,20768095.999999717,24364654588.166336,12975155125.387608,2598.777819419368,5559780718.091965,2960806073.3772655,1011.1799838658677,2669753689.7059975,2571.610542357429,1178.3480071872611,2132.371255571211,5483628.401046874,2.18238629562069,,,,,,,,,,
2076.9619999999713,0.7414581914574355,0.2873441672213192,70.30885999999914,20769619.999999717,24233071850.611687,12743132986.33107,2598.0979265979795,5822247113.289022,3061670006.233709,1011.1782243378372,2669761954.0511427,2596.798252521444,1195.5251883109836,2142.105806304935,5562616.614528693,2.172098319559585,,,,,,,,,,
2077.1143999999713,0.7518335744369022,0.28129968009514755,70.31343199999914,20771143.999999713,24093082273.661205,12496358839.148075,2597.371649789417,6068678426.79686,3147641403.4228926,1011.1764646950783,2669770215.7969613,2618.734648752693,1209.6360128867245,2151.1754516539163,5633357.690792334,2.164894745902313,,,,,,,,,,
2077.266799999971,0.7601697978647389,0.2767176038186391,70.31800399999915,20772667.999999717,23981026842.30995,12298866989.592793,2596.788114149468,6256205970.018599,3208546722.820127,1011.1747049375944,2669778474.943583,2634.525219637315,1219.344303195978,2158.020970969655,5685360.672525762,2.160608134004529,,,,,,,,,,
2077.419199999971,0.7651010480454004,0.2740143452859877,70.32257599999913,20774191.999999713,23914915551.343697,12182361382.537823,2596.442926636822,6367661555.182209,3243714328.004972,1011.1729450653888,2669786731.4911394,2643.6709990326303,1224.8638270937563,2162.056210534996,5715765.302069755,2.1583386990089246,,,,,,,,,,
2077.571599999971,0.7674353307416384,0.27296595551518743,70.32714799999914,20775715.999999713,23883665665.197453,12127293175.76253,2596.2795268480854,6409539556.621305,3254540840.3560038,1011.1711850784646,2669794985.439755,2646.742489533705,1226.4687457760808,2163.5989137418464,5726489.175309515,2.1580187009648646,,,,,,,,,,
2077.723999999971,0.7694339942525098,0.2729746945447168,70.33171999999914,20777239.99999971,23856931662.67898,12080183793.682035,2596.1396204023245,6401946310.831646,3241686280.7682004,1011.1694249768254,2669803236.789566,2644.59272962745,1224.077066959933,2163.4828654435687,5721531.056625624,2.1604789445124157,,,,,,,,,,
2077.876399999971,0.7732940230284229,0.273401336875293,70.33629199999913,20778763.99999971,23805359531.701935,11989307903.793533,2595.86941838801,6367722891.431959,3207033705.571345,1011.1676647604742,2669811485.5406914,2638.2945139735402,1217.7627203576506,2162.6098403976207,5705601.677786236,2.1665095095033675,,,,,,,,,,
2078.028799999971,0.7798936876406292,0.27377156306900763,70.34086399999913,20780287.999999706,23717364530.78567,11834254762.012274,2595.407441865156,6326587649.33506,3156777808.0590677,1011.1659044294141,2669819731.693267,2629.4284957457926,1208.4413738926698,2161.6871598825255,5684001.817082903,2.1758842030340237,,,,,,,,,,
2078.181199999971,0.7885107752586369,0.27385312758972374,70.34543599999913,20781811.99999971,23602809906.89837,11632402658.938522,2594.804245731895,6292175379.4161005,3101034067.6698527,1011.1641439836487,2669827975.2474174,2619.9556866597345,1197.8815685513373,2161.1194508916296,5662037.194914488,2.1871575249531454,,,,,,,,,,
2078.333599999971,0.7974806174404498,0.27364633455315196,70.35000799999912,20783335.999999706,23483969235.5093,11422989701.286966,2594.1763567791686,6270220677.222625,3049938683.8068857,1011.1623834231812,2669836216.2032757,2611.5876996516595,1188.00737541467,2160.990385423882,5643615.909638509,2.19829249691324,,,,,,,,,,
2078.4859999999708,0.8050821351976788,0.2733672384863761,70.35457999999913,20784859.99999971,23383575726.85501,11246068551.529146,2593.6442505361624,6256498588.73809,3008992843.6687884,1011.1606227480146,2669844454.5609703,2605.003713089224,1179.99091899488,2161.045071257814,5629530.434779773,2.2076472548688546,,,,,,,,,,
2078.6383999999707,0.8102405043595016,0.2733873204832911,70.35915199999911,20786383.999999706,23315613621.698566,11126289601.71187,2593.283164694835,6237375596.355043,2976496710.13208,1011.1588619581524,2669852690.3206286,2599.4619732163123,1173.6818760892297,2160.750440898158,5616788.604725143,2.214792633484175,,,,,,,,,,
2078.7907999999707,0.8127673621574945,0.2741014853294262,70.36372399999912,20787907.99999971,23282370213.70199,11067696293.812012,2593.1062846489754,6195179208.1656275,2944990623.0493546,1011.1571010535976,2669860923.482377,2593.1954988527546,1167.793872695548,2159.4916637098095,5599984.062142325,2.2205935135342316,,,,,,,,,,
2078.9431999999706,0.8132589033304656,0.27574397237593673,70.36829599999912,20789431.999999706,23275907156.049835,11056304480.94408,2593.0718767668673,6117223171.868611,2905746337.301685,1011.1553400343538,2669869154.0463476,2584.4039888000084,1160.692219674371,2156.8679269610598,5574218.073752968,2.2266057659325535,,,,,,,,,,
2079.0955999999705,0.8128838504457625,0.27821089414975947,70.37286799999913,20790955.999999706,23280838452.713875,11064996415.168789,2593.0981304687966,6004874862.168347,2854017434.0535617,1011.153578900424,2669877382.0126677,2572.3711967747367,1151.3514639802013,2152.9839222816195,5538273.828796336,2.234218896011211,,,,,,,,,,
2079.2479999999705,0.813002057622703,0.28099859050424075,70.37743999999911,20792479.999999706,23279284157.791992,11062256812.06728,2593.0898559664106,5877344135.178197,2792899032.2701325,1011.1518176518115,2669885607.3814683,2558.2247618224915,1140.1267018734372,2148.5674969349648,5496518.5731059965,2.2438074273840436,,,,,,,,,,
2079.4003999999704,0.8146593310271099,0.2833553234439009,70.38201199999912,20794003.999999706,23257500093.4494,11023859511.095585,2592.9738468281025,5765536866.965405,2732816002.2396564,1011.1500562885196,2669893830.1528754,2544.712900633333,1128.7981402757787,2144.7556550285017,5457787.3840573225,2.254356035713905,,,,,,,,,,
2079.5527999999704,0.8181411155873988,0.28459147442821303,70.38658399999912,20795527.999999702,23211777780.951797,10943263607.207874,2592.730121908882,5698944368.307707,2686784747.5423627,1011.1482948105514,2669902050.327021,2535.030956597624,1119.8073424827357,2142.6254178061013,5431621.762531385,2.263809907673209,,,,,,,,,,
2079.7051999999703,0.822827363376574,0.28439206239829834,70.39115599999911,20797051.999999706,23150332483.302742,10834942471.09911,2592.40208456364,5692730505.897237,2664342189.441758,1011.1465332179106,2669910267.9040318,2531.329944969638,1115.0998385328182,2142.70555713767,5423894.740035435,2.270047808723756,,,,,,,,,,
2079.8575999999703,0.8273549408945703,0.28301360128036346,70.39572799999911,20798575.999999702,23091069333.611183,10730456312.467274,2592.08515413738,5739522263.047484,2667165041.526152,1011.1447715106001,2669918482.884033,2533.615740647817,1115.1825625120132,2144.6575230406193,5433738.0586744705,2.2719291224754277,,,,,,,,,,
2080.00999999997,0.8301273319573902,0.28117753108425275,70.4002999999991,20800099.999999702,23054829534.164013,10666556084.150776,2591.891086762983,5812640420.924967,2689278398.4770474,1011.1430096886229,2669926695.26716,2539.890422652475,1119.0754286665722,2147.420245185034,5454212.114155498,2.2696329108743516,,,,,,,,,,
2080.16239999997,0.8297385200855592,0.27977805405508716,70.4048719999991,20801623.999999702,23059909717.80481,10675514074.127888,2591.918303594011,5876928570.241852,2720705953.840727,1011.141247751983,2669934905.0535374,2547.212376938432,1125.0109948467648,2149.6515750155986,5475619.097984927,2.264166651353823,,,,,,,,,,
2080.31479999997,0.825356868171268,0.2794823545131066,70.4094439999991,20803147.999999702,23117210573.222137,10776547140.55198,2592.225019228011,5904921864.987887,2752696681.8838177,1011.139485700683,2669943112.243297,2553.1792268735844,1131.424717328801,2150.339511631182,5490202.171822223,2.25660548843358,,,,,,,,,,
2080.46719999997,0.8169286924814776,0.28046968669001854,70.4140159999991,20804671.9999997,23227692387.986626,10971317376.508871,2592.8149915262966,5888280470.693191,2781257507.9255967,1011.1377235347263,2669951316.8365626,2556.8856578105624,1137.579967071986,2149.2024637279765,5495264.955237188,2.247653555636817,,,,,,,,,,
2080.61959999997,0.8052932691521777,0.2823991952595397,70.4185879999991,20806195.999999702,23380791409.365654,11241161558.366016,2593.6294711593478,5839339379.075983,2807473716.5666685,1011.1359612541162,2669959518.8334684,2558.9908546818706,1143.5855886612728,2146.734577458666,5493474.151146077,2.237690715985262,,,,,,,,,,
2080.77199999997,0.7920493567754366,0.28460064367088544,70.42315999999909,20807719.9999997,23555878674.25676,11549705252.803642,2594.5565450257195,5783012923.565848,2835474560.8931212,1011.134198858856,2669967718.23414,2561.0889537066823,1150.0302008987862,2143.9135261037663,5490753.249406699,2.226975388737711,,,,,,,,,,
2080.92439999997,0.7790626717521835,0.28643830829012906,70.42773199999911,20809243.999999702,23728432220.11199,11853756628.594551,2595.465612977347,5741916114.775228,2868427023.5376506,1011.1324363489489,2669975915.038707,2564.532525798628,1157.304019366793,2141.6518980959827,5492335.951605516,2.215954047409068,,,,,,,,,,
2081.07679999997,0.7677740173219983,0.28759131610373667,70.43230399999909,20810767.9999997,23879133933.815235,12119307515.497183,2596.25581878746,5726002451.492621,2906101399.509273,1011.1306737243983,2669984109.2472944,2569.661339732744,1165.223324645915,2140.3875921296476,5500071.247539213,2.2052951441850053,,,,,,,,,,
2081.2291999999698,0.7585904597605453,0.28818792264749943,70.4368759999991,20812291.999999702,24002227734.131897,12336230276.931063,2596.8986678167616,5728372170.363232,2944164974.5316873,1011.1289109852073,2669992300.8600397,2575.539542792385,1172.9633309217033,2139.8989757982454,5511394.429749305,2.1957545260758926,,,,,,,,,,
2081.3815999999697,0.7507919681383185,0.28866412051255713,70.4414479999991,20813815.9999997,24107109770.644028,12521083794.423517,2597.444562230318,5731687970.7699585,2977003301.0300045,1011.127148131379,2670000489.877059,2580.649681001748,1179.5878792052015,2139.531641035694,5521381.64693191,2.187755339382236,,,,,,,,,,
2081.5339999999696,0.7431178902946707,0.2894405242614445,70.4460199999991,20815339.9999997,24210639060.489227,12703583907.678307,2597.9817476793733,5720836743.482836,3001784852.163038,1011.1253851629172,2670008676.298493,2583.997039884278,1184.7228201317957,2138.6812101850014,5526345.916374169,2.181098393628324,,,,,,,,,,
2081.6863999999696,0.734756482244168,0.29060236233219394,70.45059199999909,20816863.9999997,24323807051.521347,12903119844.268898,2598.567046242908,5694468666.420976,3020761161.9608006,1011.1236220798245,2670016860.124464,2585.879528810277,1188.858875234318,2137.2522371124087,5526676.807852945,2.1750937665335703,,,,,,,,,,
2081.8387999999695,0.7260980874636793,0.29180359906095266,70.45516399999909,20818387.9999997,24441401810.569653,13110522280.464287,2599.1731338775426,5667092641.340995,3039864280.9278646,1011.1218588821044,2670025041.355099,2587.7444240996388,1193.024723464556,2135.774056340539,5526837.405431897,2.1690618586552026,,,,,,,,,,
2081.9911999999695,0.7188388865414232,0.29245301069504515,70.45973599999908,20819911.999999695,24540316349.192337,13285036061.77903,2599.6812779421007,5660338617.39712,3064255634.84947,1011.1200955697606,2670033219.9905334,2591.184865864453,1197.9900352295338,2135.1017774840293,5532443.41289691,2.162943588564979,,,,,,,,,,
2082.1435999999694,0.7151774173046112,0.2920998838166231,70.46430799999908,20821435.9999997,24590320728.182674,13373280991.72118,2599.937580788677,5688038944.029314,3093401827.9467454,1011.1183321427957,2670041396.030889,2596.627257923266,1203.464928828109,2135.8436628536006,5545989.8736283295,2.1576260310732684,,,,,,,,,,
2082.2959999999694,0.7166681678724952,0.2907528059436715,70.46887999999907,20822959.999999695,24569952496.490295,13337334322.04749,2599.8332282489255,5745166256.317879,3118654914.257693,1011.1165686012131,2670049569.4762964,2602.559444019178,1207.7832777932317,2137.909401606896,5564036.303609417,2.154823213626847,,,,,,,,,,
2082.4483999999693,0.7233894087245053,0.28891953225166606,70.47345199999909,20824483.999999695,24478275864.11222,13175572103.125725,2599.3627413892846,5808127311.845302,3126257772.6540785,1011.1148049450163,2670057740.326887,2606.033503113512,1208.5263003047662,2140.486890492133,5578180.549597762,2.156373016008276,,,,,,,,,,
2082.6007999999692,0.7339865858155881,0.28734940158458333,70.47802399999907,20826007.99999969,24334246612.917953,12921529440.836472,2598.620938992909,5846313396.3889065,3104403102.074809,1011.1130411742087,2670065908.5827866,2604.1652904335087,1203.742391967264,2142.451494543906,5579297.818528635,2.1633908615426827,,,,,,,,,,
2082.753199999969,0.7465142850157227,0.2866365915512902,70.48259599999908,20827531.99999969,24164779605.4662,12622739139.16267,2597.7440000488996,5838372117.057827,3049738066.4838076,1011.111277288793,2670074074.244123,2595.654648156535,1192.956317831781,2142.9570043531994,5562376.309148986,2.175817009690835,,,,,,,,,,
2082.905599999969,0.7593989250426406,0.28690528284577116,70.48716799999907,20829055.999999687,23991373307.712006,12317100918.662773,2596.842075247015,5784199872.558598,2969591304.767831,1011.1095132887726,2670082237.311028,2581.524496672322,1177.47057072755,2141.887026040636,5529333.82682853,2.1924322873540847,,,,,,,,,,
2083.057999999969,0.771984897623357,0.2877479023118699,70.49173999999908,20830579.99999969,23822841425.4487,12020112703.01315,2595.961057166365,5705425875.474527,2878744009.4627414,1011.1077491741512,2670090397.7836275,2564.72423509835,1159.8517078702607,2139.9228423195777,5488311.974937567,2.211251850297087,,,,,,,,,,
2083.210399999969,0.7843630881703297,0.28837940698192627,70.49631199999907,20832103.999999687,23657901105.121178,11729477050.676655,2595.094583828077,5637620923.692574,2795106165.633279,1011.1059849449315,2670098555.662048,2549.3100773343176,1143.31088811569,2138.304891016023,5451202.207080407,2.229761042104548,,,,,,,,,,
2083.362799999969,0.7967470106818976,0.2879327453630768,70.50088399999908,20833627.99999969,23493673398.898457,11440090297.28101,2594.2277092522672,5618357871.033662,2735822545.7445154,1011.1042206011169,2670106710.9464226,2539.443100136441,1131.097482760913,2138.3946169161695,5430331.455296675,2.245114270732772,,,,,,,,,,
2083.515199999969,0.8088248765812589,0.2857652799217466,70.50545599999907,20835151.999999687,23334251495.99713,11159138701.258783,2593.382258639312,5676518663.875543,2714681425.3432508,1011.1024561427109,2670114863.63688,2538.476380597765,1125.9746810413262,2141.221627964345,5435440.528212585,2.2544702144191433,,,,,,,,,,
2083.667599999969,0.8194932928014559,0.2816905783804043,70.51002799999907,20836675.99999969,23194037229.623013,10911990229.108227,2592.635469503898,5824591240.264948,2740268202.2578406,1011.1006915697164,2670123013.733542,2548.193886093512,1129.710488864339,2147.132023178894,5471308.694100051,2.2556167365101905,,,,,,,,,,
2083.819999999969,0.8269681048424615,0.27611845367601234,70.51459999999906,20838199.999999687,23096128886.248497,10739377235.955349,2592.1122326610275,6052792759.315911,2814464064.2378716,1011.0989268821371,2670131161.236542,2568.2614412702846,1142.6606288158239,2155.5652834281595,5536055.201569394,2.247615238071042,,,,,,,,,,
2083.9723999999687,0.8292943770962518,0.27002197748937834,70.51917199999906,20839723.999999687,23065713746.373787,10685748313.29876,2591.9493936032623,6327168144.477986,2931213274.873945,1011.097162079976,2670139306.1460104,2596.09006881312,1163.5532918083477,2165.0845479288478,5620754.493018826,2.2311741860816547,,,,,,,,,,
2084.1247999999687,0.8250073425192599,0.2647161167175048,70.52374399999906,20841247.999999687,23121785488.27433,10784613134.749113,2592.249486023652,6594021738.836553,3075626382.380446,1011.0953971632364,2670147448.462072,2627.172744906877,1189.509003959959,2173.6925156885186,5710665.733024941,2.208619469176639,,,,,,,,,,
2084.2771999999686,0.8138684289039652,0.26144208737668534,70.52831599999907,20842771.999999687,23267894431.41096,11042181066.819187,2593.029209976722,6794212282.078595,3224310753.440584,1011.0936321319213,2670155588.1848545,2655.9344683197173,1216.3134853467643,2179.4446704095344,5788462.221936388,2.1835937036927,,,,,,,,,,
2084.4295999999686,0.7973218742042838,0.26087711502223826,70.53288799999905,20844295.999999683,23486068863.321217,11426689658.613523,2594.1874688057,6885713268.434283,3350109763.131705,1011.0918669860345,2670163725.3144884,2677.238461919169,1239.316881581903,2181.194055398592,5839576.618022561,2.160253363531898,,,,,,,,,,
2084.5819999999685,0.7784484985199938,0.26284119514552995,70.53745999999906,20845819.999999687,23736614242.270508,11868173809.506527,2595.5086051036005,6861747540.027815,3430835232.4730797,1011.0901017255785,2670171859.851103,2687.9959652060334,1254.774027018002,2179.0581520650294,5857299.520700114,2.142215177655625,,,,,,,,,,
2084.7343999999684,0.7612206489639838,0.26634493608177207,70.54203199999905,20847343.999999683,23966927674.926025,12274019879.016748,2596.714554572521,6754502120.727615,3459137292.319944,1011.0883363505571,2670179991.794825,2688.411477898784,1261.2903549809628,2174.3910408306106,5845657.831609298,2.1314770760610164,,,,,,,,,,
2084.8867999999684,0.7492709768467594,0.2700159152250909,70.54660399999906,20848867.999999683,24127603753.98394,12557207635.621044,2597.551031620727,6618752741.914482,3444728839.072246,1011.0865708609736,2670188121.145782,2681.7117722649705,1260.1715970068246,2169.180378276602,5817116.556590545,2.1280528609235487,,,,,,,,,,
2085.0391999999683,0.7447355611065517,0.27263135941920014,70.55117599999905,20850391.999999683,24188788799.486767,12665063586.98414,2597.8685107225415,6507691151.780679,3407376984.6427836,1011.0848052568309,2670196247.904107,2672.495546979454,1254.4545026287497,2165.261511997189,5786651.748858486,2.1304045235432243,,,,,,,,,,
2085.1915999999683,0.7476873951183882,0.2735167111274599,70.55574799999906,20851915.999999683,24148954387.223404,12594842800.396088,2597.661882341713,6454045148.236804,3366095391.347828,1011.0830395381325,2670204372.0699196,2664.643779985766,1247.2803470375356,2163.706055313666,5765505.882009098,2.1363631570998978,,,,,,,,,,
2085.343999999968,0.7563522858164029,0.27267825742807766,70.56031999999905,20853439.99999968,24032295592.307213,12389221849.238169,2597.0553399928517,6463322096.67552,3331996772.0615315,1011.0812737048816,2670212493.6433587,2660.0064074491684,1240.6920262946596,2164.5946952713252,5757835.758952205,2.143969938610234,,,,,,,,,,
2085.496399999968,0.7679185705959347,0.27066414287758717,70.56489199999905,20854963.999999683,23877199950.257553,12115899524.292038,2596.2457000582845,6518671020.643962,3307739738.435476,1011.0795077570813,2670220612.6245418,2658.4117412183227,1235.4249408077512,2167.198051300551,5761304.745122854,2.151819712721833,,,,,,,,,,
2085.648799999968,0.7795094164318055,0.26830117598878905,70.56946399999904,20856487.99999968,23722481911.59742,11843271860.917774,2595.4343408497734,6590469152.066606,3290242486.0005364,1011.077741694735,2670228729.0136075,2658.3795803966113,1231.2581124035617,2170.3496021108785,5769613.06457347,2.1590757889157293,,,,,,,,,,
2085.801199999968,0.7888304320656551,0.2663927662231109,70.57403599999904,20858011.999999683,23598567759.615242,11624927647.205332,2594.781869755404,6648366823.694368,3275062456.535602,1011.075975517846,2670236842.810676,2658.200621887948,1227.695079852548,2172.8940757056153,5775988.383337304,2.165196118735941,,,,,,,,,,
2085.953599999968,0.7945050483644912,0.26545551253477073,70.57860799999904,20859535.99999968,23523346994.52102,11492380125.369904,2594.3846466144855,6672600224.038715,3259912724.883168,1011.0742092264176,2670244954.0158796,2656.851186132974,1224.516412942972,2174.086162955984,5776223.400804892,2.1697146384077977,,,,,,,,,,
2086.105999999968,0.7960793086758429,0.26555590119708194,70.58317999999903,20861059.999999683,23502508138.478184,11455658695.269772,2594.274448392691,6661820788.280669,3247123446.9930024,1011.0724428204529,2670253062.629347,2654.618499679452,1222.1796023930915,2173.845813025928,5770731.310709346,2.1720363312246174,,,,,,,,,,
2086.258399999968,0.7939183922745953,0.2663123610012711,70.58775199999903,20862583.99999968,23531115913.601135,11506070088.654331,2594.4257125407785,6633256119.319763,3243480254.19285,1011.070676299955,2670261168.6512027,2653.0880027661647,1221.7993252133845,2172.758694536232,5764520.02537995,2.17145970538395,,,,,,,,,,
2086.410799999968,0.7890436771888517,0.26708816054489326,70.59232399999904,20864107.99999968,23595738086.273495,11619941524.138887,2594.76694259678,6613860108.556868,3257057161.308876,1011.0689096649277,2670269272.081578,2654.3821527541995,1224.6296800046825,2171.779948122446,5764733.934005662,2.1674978126808506,,,,,,,,,,
2086.5631999999678,0.7828432856983626,0.267323729757964,70.59689599999902,20865631.99999968,23678109848.180862,11765085961.128927,2595.200970001115,6625508555.296058,3292056595.270925,1011.0671429153734,2670277372.9206033,2659.874451089819,1231.2076074853037,2171.7244069087965,5776514.264744898,2.1603785055572513,,,,,,,,,,
2086.7155999999677,0.7768396198814096,0.26683699599917,70.60146799999903,20867155.99999968,23758057024.23346,11905957283.590454,2595.621226608301,6671607344.286395,3343365662.1389894,1011.0653760512964,2670285471.1684012,2668.9095968364063,1240.4571091462399,2172.8031034527603,5799015.054840999,2.151553308177916,,,,,,,,,,
2086.8679999999677,0.7724046727365187,0.26588080073747333,70.60603999999903,20868679.999999676,23817234825.33998,12010233301.367905,2595.9316729084435,6735075583.546137,3396272894.562647,1011.0636090726993,2670293566.8251038,2678.7299354907223,1249.7323779525234,2174.5456830325465,5825020.617231402,2.1434428544448623,,,,,,,,,,
2087.0203999999676,0.7705434112149537,0.2649447687038046,70.61061199999904,20870203.99999968,23842101234.243355,12054050660.82253,2596.061961214953,6788170806.770208,3431952326.483837,1011.0618419795851,2670301659.8908367,2685.673790964329,1255.8239370568606,2176.1244712286357,5844360.458254856,2.138575091392551,,,,,,,,,,
2087.1727999999675,0.7716957026588196,0.2644022441615172,70.61518399999902,20871727.999999676,23826704507.903763,12026919863.912643,2595.9813008138826,6810537493.96245,3437730494.4914985,1011.0600747719576,2670309750.3657303,2687.264847023753,1256.649673010627,2176.924571829174,5849972.876498775,2.138435957720595,,,,,,,,,,
2087.3251999999675,0.7754963872121892,0.2642625382059368,70.61975599999903,20873251.999999672,23775969645.53939,11937520541.564793,2595.7152528951465,6802917653.0198,3415632272.256598,1011.0583074498201,2670317838.2499156,2683.836278226941,1252.5969454361227,2176.949786306098,5842576.812366692,2.1426176137548354,,,,,,,,,,
2087.4775999999674,0.7805941577686761,0.26417317527462364,70.62432799999902,20874775.999999672,23708038262.197227,11817821385.932741,2595.3584089561928,6787871996.849865,3383572186.031719,1011.0565400131754,2670325923.5435143,2678.716821178745,1246.7392446556269,2176.828353643995,5831106.727725003,2.148578247345264,,,,,,,,,,
2087.6299999999674,0.7847974613555531,0.2637094659158334,70.62889999999902,20876299.999999672,23652127450.05951,11719303537.83561,2595.0641777051114,6794618782.122732,3366640066.5101633,1011.0547724620269,2670334006.2466555,2676.513890521132,1243.4680461898033,2177.3459034428006,5827696.555033939,2.1524589222235537,,,,,,,,,,
2087.7823999999673,0.7857160967636292,0.2627078698454373,70.63347199999902,20877823.99999967,23639920213.818348,11697793650.54772,2594.999873226546,6840360868.773095,3384830795.3009176,1011.053004796378,2670342086.359471,2680.696801272065,1246.3825801789583,2178.8845654729053,5840928.88500429,2.1507816651987905,,,,,,,,,,
2087.9347999999673,0.7818840410922022,0.26146688082434794,70.63804399999901,20879347.999999672,23690871009.106125,11787571794.971128,2595.268117123546,6916492081.545623,3441352871.7129455,1011.0512370162319,2670350163.8820896,2691.3832168456847,1256.1225278890493,2181.0478709326067,5870035.6349650305,2.14261201203726,,,,,,,,,,
2088.087199999967,0.7737951451891468,0.2606426902754645,70.64261599999901,20880871.99999967,23798669982.16234,11977520326.45229,2595.8343398367597,6989064672.334726,3517493382.551321,1011.0494691215919,2670358238.8146343,2704.675621342165,1269.4408879469972,2182.771747625704,5903689.532757674,2.1306038327757824,,,,,,,,,,
2088.239599999967,0.7641154347492215,0.26094215027793854,70.64718799999902,20882395.999999672,23928118960.11178,12205628705.72297,2596.5119195675543,7012052337.702241,3576817193.268021,1011.047701112461,2670366311.1572366,2713.860254136648,1280.0933770861527,2182.797477215151,5923807.316243944,2.1200486641952216,,,,,,,,,,
2088.391999999967,0.7566571853766333,0.2627643791144333,70.651759999999,20883919.99999967,24028197963.838646,12382000073.118965,2597.0339970236355,6949882661.469357,3581352532.2202005,1011.0459329888427,2670374380.910024,2712.4430722799516,1281.640207050762,2180.292828094631,5913920.177106946,2.1163841906315284,,,,,,,,,,
2088.544399999967,0.7545828871260077,0.26602013035420347,70.65633199999901,20885443.999999672,24056084859.74212,12431149507.992577,2597.1791979011796,6795712900.075238,3511732003.2240157,1011.0441647507403,2670382448.0731225,2697.371019164468,1270.5962129020538,2175.235349623131,5867416.791935522,2.122917565607761,,,,,,,,,,
2088.696799999967,0.7589225336710254,0.2701808446066341,70.66090399999901,20886967.99999967,23997768899.467167,12328372195.729412,2596.8754226430283,6575102053.274288,3377826733.6956444,1011.0423963981567,2670390512.646665,2670.574347557172,1248.0949082203995,2168.4137162070947,5790910.0453937845,2.1397205692995094,,,,,,,,,,
2088.849199999967,0.7682195395416882,0.2745108115171218,70.66547599999902,20888491.99999967,23873173628.819263,12108804510.51696,2596.2246322320816,6332854052.375517,3212111339.11746,1011.0406279310955,2670398574.630775,2637.889361196994,1219.1592198982269,2161.0744848074573,5700675.392227866,2.16369553553243,,,,,,,,,,
2089.001599999967,0.7795166298776492,0.2783180868049046,70.670047999999,20890015.99999967,23722385842.322227,11843102581.675022,2595.4338359085646,6113756937.261484,3052216208.2971635,1011.0388593495599,2670406634.0255847,2606.2768717794265,1190.248430252042,2154.468057289361,5615140.268700814,2.189691500981465,,,,,,,,,,
2089.153999999967,0.7899422594361446,0.28113044486092015,70.67461999999901,20891539.99999967,23583816829.387894,11598935204.671902,2594.70404183947,5948172395.46313,2925415622.9378057,1011.037090653553,2670414690.8312173,2581.0902557823515,1166.6118189921817,2149.487047341036,5548020.072822326,2.212467089534646,,,,,,,,,,
2089.3063999999667,0.797790157727867,0.28281992057788885,70.679191999999,20893063.999999665,23479875446.683292,11415775622.588688,2594.154688959049,5844958506.419595,2841784019.8574204,1011.0353218430781,2670422745.047805,2564.50318160698,1150.6373962151256,2146.4169952859925,5504493.2134662215,2.228767455362206,,,,,,,,,,
2089.4587999999667,0.8026026423842303,0.28365202990775057,70.683763999999,20894587.99999967,23416290590.444553,11303723082.571192,2593.817815033104,5791496015.809015,2795723214.30081,1011.0335529181386,2670430796.6754727,2555.430732505426,1141.689033231026,2144.857846178153,5481035.656979048,2.238289637655057,,,,,,,,,,
2089.6111999999666,0.8045344592503428,0.284259992356663,70.688335999999,20896111.999999665,23390799212.06942,11258798922.620861,2593.682587852476,5757802892.110205,2771429244.918836,1011.0317838787377,2670438845.7143493,2550.4138245207923,1136.9986221858528,2143.7982824116343,5467572.776446562,2.24311074328101,,,,,,,,,,
2089.7635999999666,0.803641296907155,0.28543990344361936,70.692907999999,20897635.999999665,23402582654.004284,11279565357.471022,2593.7451092164993,5707711046.929275,2750999782.683486,1011.0300147248785,2670446892.164562,2545.3340046199382,1133.282213136492,2141.975065466052,5452041.971178761,2.245984252744448,,,,,,,,,,
2089.9159999999665,0.7998570601776613,0.2878061609343254,70.69747999999899,20899159.999999665,23452552260.020477,11367626061.002916,2594.010005787564,5614152479.487513,2721221354.874007,1011.0282454565645,2670454936.0262423,2537.0864755611115,1128.0688945031943,2138.4181025176385,5425351.646992555,2.2490527732159955,,,,,,,,,,
2090.0683999999665,0.7934174841318055,0.29146468366445477,70.70205199999899,20900683.999999665,23537750679.833546,11517761458.910591,2594.4607761107736,5472459752.907465,2677846616.9020834,1011.0264760737986,2670462977.299513,2524.76055800052,1120.4770340625823,2132.945598747049,5385176.920077354,2.253290769241687,,,,,,,,,,
2090.2207999999664,0.7853696100568786,0.2959057364791453,70.70662399999898,20902207.99999966,23644523974.04664,11705905759.920452,2595.0241272960184,5302943013.430557,2625375382.206214,1011.0247065765843,2670471015.98451,2509.762642919831,1111.1749777472903,2126.309612125495,5336532.431793923,2.2586565511112644,,,,,,,,,,
2090.3731999999663,0.7775344576521376,0.3001700780687648,70.71119599999899,20903731.999999665,23748794728.881817,11889636542.035978,2595.5725879643505,5142357904.581695,2574478711.5527368,1011.0229369649246,2670479052.081349,2495.199293770085,1102.0036998843036,2119.938195520019,5289668.28829778,2.264238581079219,,,,,,,,,,
2090.5255999999663,0.7718140217777777,0.3031990448903953,70.71576799999897,20905255.99999966,23825123941.565117,12024134736.889132,2595.9730184755554,5029873518.788785,2538491596.0044303,1011.0211672388234,2670487085.5901694,2484.843338372147,1095.4431814900472,2115.4171309833146,5256480.165802209,2.2683452509076787,,,,,,,,,,
2090.6779999999662,0.7693744322591659,0.30414873631526024,70.720339999999,20906779.999999665,23857728056.474327,12081587149.030544,2596.143789741858,4996610049.696848,2530290378.9597173,1011.0193973982831,2670495116.511094,2482.1542728470204,1094.0308978254475,2114.030208908065,5247349.115968833,2.268815513145633,,,,,,,,,,
2090.830399999966,0.7702113234538431,0.30256289027525757,70.72491199999898,20908303.99999966,23846539828.539326,12061872014.544394,2596.085207358231,5061370444.789922,2560103183.1959977,1011.0176274433076,2670503144.844249,2489.585783013189,1099.8142281423038,2116.502579097564,5269214.730632043,2.263642094554776,,,,,,,,,,
2090.982799999966,0.7734424214931237,0.2984428061915039,70.72948399999899,20909827.999999665,23803378403.155777,11985816976.97444,2595.8590304954814,5228454170.198793,2632705899.772331,1011.0158573738998,2670511170.5897694,2507.8982092106735,1113.6252404024758,2122.8739865356292,5323951.869212628,2.2520127222550137,,,,,,,,,,
2091.135199999966,0.7779710463577656,0.29225367326976304,70.73405599999899,20911351.99999966,23742976217.10557,11879383977.083403,2595.542026754956,5485237003.561407,2744442650.1032796,1011.014087190063,2670519193.747775,2535.599797800206,1134.4538814700884,2132.457916018547,5407059.860674077,2.2350840692743144,,,,,,,,,,
2091.287599999966,0.7830358200107687,0.28492044016930423,70.73862799999898,20912875.99999966,23675549069.986282,11760573733.838455,2595.187492599246,5797856748.97932,2880022828.321409,1011.0123168918007,2670527214.3183975,2568.5304979923203,1159.0533883762141,2143.823604231396,5506476.309784159,2.2160588319324317,,,,,,,,,,
2091.439999999966,0.7882359365170925,0.2776913564404253,70.74319999999898,20914399.99999966,23606457694.093147,11638830350.586208,2594.823484443804,6113041333.759279,3013948637.7724705,1011.0105464791159,2670535232.3017645,2600.5590657931775,1182.6140783033704,2155.0123213524944,5604236.82918923,2.198992142495084,,,,,,,,,,
2091.592399999966,0.7933174734964554,0.27186012954380895,70.74777199999897,20915923.99999966,23539075520.820038,11520096005.40886,2594.4677768552483,6369456386.248398,3117231558.518313,1011.0087759520119,2670543247.698003,2625.2577945213047,1200.2095198325715,2163.988407742384,5681027.434679441,2.1873329207449768,,,,,,,,,,
2091.744799999966,0.7978714992540902,0.26838142181250885,70.75234399999897,20917447.999999657,23478799754.12681,11413880032.2722,2594.1489950522136,6518921845.498982,3169079879.0174823,1011.0070053104918,2670551260.50724,2638.235510423331,1208.6776149624375,2169.263096914246,5723026.933730052,2.1827454051966706,,,,,,,,,,
2091.897199999966,0.8012772514259753,0.26758797598222234,70.75691599999897,20918971.999999657,23433790669.52915,11334563281.251638,2593.9105924001815,6544454942.660129,3165451963.5756288,1011.005234554559,2670559270.7296047,2638.6153333474367,1207.6846907793195,2170.344151522856,5726703.3568491405,2.1848545017530503,,,,,,,,,,
2092.0495999999657,0.8027866586706652,0.26911693395753544,70.76148799999896,20920495.999999654,23413861589.41688,11299442438.298847,2593.804933893053,6465764773.792607,3120354009.1854396,1011.0034636842171,2670567278.3652277,2629.1897238100205,1199.7415362767879,2167.846255166972,5699679.096885038,2.191463448010064,,,,,,,,,,
2092.2019999999657,0.801756080584919,0.27209501335372366,70.76605999999897,20922019.999999654,23427467330.285446,11323419790.082783,2593.8770743590558,6328162749.600075,3058650869.2321835,1011.0016926994687,2670575283.414233,2615.111277959563,1189.0994129613014,2163.18457624911,5656968.381657225,2.1992368757856497,,,,,,,,,,
2092.3543999999656,0.7979303169349212,0.2754640249543765,70.77063199999895,20923543.999999654,23478021946.63108,11412509375.361881,2594.144877814556,6183414904.889629,3005716611.655664,1010.9999216003174,2670583285.876746,2601.93904458238,1180.1677093265444,2158.0453960895616,5615102.576066677,2.204719739423443,,,,,,,,,,
2092.5067999999656,0.7916673984971248,0.2783151974339583,70.77520399999896,20925067.999999654,23560941407.583065,11558626367.197826,2594.5832821052013,6072283338.880567,2978966463.848141,1010.9981503867664,2670591285.7529,2593.8213107250895,1176.0487766563658,2153.847473517504,5586695.476861095,2.2055388876808366,,,,,,,,,,
2092.6591999999655,0.7839671695099155,0.2801040516862341,70.77977599999896,20926591.99999965,23663164471.33924,11738751397.701887,2595.1222981343058,6015578568.861834,2984190107.7407255,1010.9963790588192,2670599283.042823,2592.493020425357,1177.7481697631158,2151.4022098200826,5577495.213086253,2.2012286556529257,,,,,,,,,,
2092.8115999999654,0.7762283614990719,0.28073376909980124,70.78434799999897,20928115.999999654,23766207269.413376,11920318551.95453,2595.664014695065,6012547580.601516,3015688690.1257195,1010.9946076164789,2670607277.7466373,2597.1064727419025,1184.1149539118076,2150.7937992687457,5585840.497614007,2.193289143222267,,,,,,,,,,
2092.9639999999654,0.7698347699610659,0.280484045017442,70.78891999999895,20929639.99999965,23851573440.177658,12070741886.580898,2596.111566102725,6045767304.019803,3059626100.399083,1010.9928360597482,2670615269.864474,2604.9129108239486,1192.5109835468268,2151.5110528673604,5604498.919394614,2.1843932230093883,,,,,,,,,,
2093.1163999999653,0.7658661260096276,0.279796900049688,70.79349199999896,20931163.999999654,23904670006.003426,12164306646.364338,2596.389371179326,6091337859.912532,3099683099.410116,1010.9910643886311,2670623259.39646,2612.5635890999647,1199.9325143538708,2152.7998395952654,5624326.475546835,2.1772587690123184,,,,,,,,,,
2093.2687999999653,0.7650042042415768,0.2790328436290401,70.79806399999896,20932687.99999965,23916212656.28548,12184647156.343176,2596.4497057030894,6130102732.379143,3123117355.5627656,1010.9892926031305,2670631246.342724,2617.465877680826,1204.1091059317034,2154.054178174535,5638163.31004766,2.1737779946905307,,,,,,,,,,
2093.421199999965,0.7675253126653079,0.2782739131528781,70.80263599999896,20934211.999999654,23882461620.20922,12125171446.842636,2596.2732281134286,6157088928.918435,3125965826.463189,1010.98752070325,2670639230.7033925,2618.872168684225,1204.3574958021857,2155.1295708470698,5644008.852999769,2.1744973380515016,,,,,,,,,,
2093.573599999965,0.7732955521898398,0.2773155706269368,70.80720799999895,20935735.99999965,23805339116.71689,11989271930.737967,2595.8693113467116,6182209105.700168,3113595052.6692586,1010.9857486889922,2670647212.4785943,2617.9512553651352,1201.6300790664202,2156.3564217910334,5645236.001442507,2.178666547194869,,,,,,,,,,
2093.725999999965,0.7816317538978498,0.27582698903970737,70.81177999999895,20937259.99999965,23694228061.333244,11793487095.139048,2595.285777227151,6223253743.48244,3097541836.921365,1010.9839765603608,2670655191.6684575,2617.064979846724,1197.9906580253764,2158.2925818190433,5648391.932141588,2.184545398843409,,,,,,,,,,
2093.878399999965,0.7912739940377274,0.2735919246428036,70.81635199999894,20938783.99999965,23566156633.062984,11567816166.655743,2594.6108204173593,6294734094.087386,3089868575.1847577,1010.9822043173591,2670663168.2731075,2618.529131458464,1195.6613063529076,2161.3428194191406,5659539.135717589,2.1900258188045663,,,,,,,,,,
2094.030799999965,0.8005770478817118,0.2706676022198713,70.82092399999895,20940307.99999965,23443039516.67157,11350862215.30345,2593.95960664828,6399977391.483264,3098798750.05636,1010.98043195999,2670671142.292673,2623.662812594928,1196.2384278947463,2165.4984290714096,5681537.699087393,2.193260767598227,,,,,,,,,,
2094.183199999965,0.8079744340502049,0.2673989729867268,70.82549599999894,20941831.999999646,23345453042.465366,11178880952.901365,2593.441789616486,6528825122.366834,3126302953.8339186,1010.9786594882572,2670679113.7272825,2632.3428008246474,1200.2075883505772,2170.2927738308367,5712954.558875358,2.1932395915295175,,,,,,,,,,
2094.335599999965,0.8124372456602624,0.2642787063058642,70.83006799999895,20943355.99999965,23286711440.076675,11075348097.39678,2593.1293928037817,6662148039.621513,3168571432.0405073,1010.9768869021636,2670687082.5770617,2643.270860480962,1206.9856395388906,2175.0001753655206,5749114.585084663,2.1899770584600997,,,,,,,,,,
2094.487999999965,0.8137545697228571,0.26176599182986837,70.83463999999894,20944879.999999646,23269391066.45783,11044819083.306934,2593.0371801193996,6778885588.454348,3217598805.9627476,1010.9751142017127,2670695048.842142,2654.50734877138,1215.1967115414272,2178.907134298046,5783925.000284551,2.184426046877831,,,,,,,,,,
2094.6403999999648,0.8124917231460231,0.2601449120392471,70.83921199999895,20946403.999999646,23285994991.922737,11074085296.137972,2593.125579379778,6862848339.557596,3263754368.799009,1010.9733413869076,2670703012.5226474,2664.1067561816585,1223.1436609176237,2181.536724594425,5811846.726850414,2.1780816442959767,,,,,,,,,,
2094.7927999999647,0.8096491007017582,0.25948169603373517,70.84378399999893,20947927.999999646,23323398714.504074,11140010861.773806,2593.324562950877,6906421866.720701,3298730839.0614486,1010.9715684577513,2670710973.618704,2670.6514226101026,1229.3431923819749,2182.732924215741,5829318.789234678,2.1724213703379687,,,,,,,,,,
2094.9451999999646,0.806280624035891,0.25968317245323,70.84835599999894,20949451.999999646,23367773675.63913,11218219309.006634,2593.5603563174877,6909647197.509842,3317129765.3544397,1010.9697954142475,2670718932.1304426,2673.407789955937,1232.8076690062994,2182.5882187675975,5834948.346319348,2.1685522058041937,,,,,,,,,,
2095.0975999999646,0.8032339925020507,0.26059716153777646,70.85292799999894,20950975.999999642,23407957524.65071,11289037622.444185,2593.7736205248566,6876558825.644495,3316382098.43384,1010.9680222563993,2670726888.057994,2672.162290741726,1233.0329535053825,2181.2989743499943,5828784.864091658,2.167145884580822,,,,,,,,,,
2095.2499999999645,0.8011485252151149,0.26211346331041746,70.85749999999894,20952499.999999646,23435490803.166866,11337559380.47621,2593.919603234942,6810262303.217977,3294650575.3964734,1010.96624898421,2670734841.401475,2666.7434812180522,1229.6328182708946,2179.006217293441,5810850.62550089,2.168731544566302,,,,,,,,,,
2095.4023999999645,0.8004975127383129,0.2642153435134311,70.86207199999893,20954023.99999965,23444090236.211548,11352713854.400635,2593.965174108318,6710251543.837043,3249414453.7357955,1010.9644755976825,2670742792.161027,2656.722037910516,1222.0862010387361,2175.712100769329,5780262.286262462,2.173923603467892,,,,,,,,,,
2095.5547999999644,0.8015009898108297,0.26696652896237205,70.86664399999893,20955547.999999646,23430835873.83139,11329356113.742744,2593.894930713242,6573487177.326361,3178434501.529122,1010.9627020968209,2670750740.336767,2641.5749291022503,1209.8909163071805,2171.305008056844,5735664.872717119,2.183316606066309,,,,,,,,,,
2095.7071999999644,0.8037944054313513,0.2704275803245188,70.87121599999894,20957071.999999646,23400562418.060333,11276005032.809858,2593.734391619805,6399763488.832864,3083847474.2460394,1010.9609284816272,2670758685.9288263,2621.464228380446,1193.2911369580254,2165.7087937814886,5677328.131987137,2.1968354135799277,,,,,,,,,,
2095.8595999999643,0.8062156632202889,0.2745596358780339,70.87578799999892,20958595.999999646,23368629998.894188,11219728490.279362,2593.5649035745796,6196734883.301018,2975171540.658154,1010.9591547521057,2670766628.9373307,2597.9048415225134,1173.8838661925026,2159.045245439398,5608994.096193176,2.2130850558060984,,,,,,,,,,
2096.0119999999642,0.8070573332204272,0.2790964414436322,70.88035999999893,20960119.999999646,23357536608.386993,11200177417.042377,2593.50598667457,5983989122.851218,2869383914.976716,1010.957380908259,2670774569.362411,2574.0451414080644,1154.7583931268437,2151.8223023936107,5538887.742649788,2.2290767979941584,,,,,,,,,,
2096.164399999964,0.8049217920268985,0.28351251953392065,70.88493199999893,20961643.999999642,23385690392.48822,11249795361.19326,2593.655474558117,5790220549.086953,2785412582.6589966,1010.9556069500909,2670782507.204192,2553.8657931399484,1139.5599234744896,2144.940247426563,5477889.5262318365,2.2410982876207823,,,,,,,,,,
2096.316799999964,0.7997215112420407,0.28714004101732077,70.88950399999894,20963167.999999646,23454343474.424065,11370782615.280981,2594.019494213057,5644249653.71176,2736360363.645068,1010.9538328776042,2670790442.4628015,2540.6581351220425,1130.92750728802,2139.457955284083,5435631.258844076,2.2465260759414867,,,,,,,,,,
2096.469199999964,0.7930153001224756,0.2894133078740055,70.89407599999892,20964691.999999642,23543078720.575745,11527150166.465668,2594.4889289914267,5564303133.128001,2724391255.2203927,1010.9520586908023,2670798375.1383686,2535.6689472518347,1129.3136244482355,2136.192285217273,5416676.442984373,2.2453186540547776,,,,,,,,,,
2096.621599999964,0.7873339018456142,0.29017125717741815,70.89864799999893,20966215.99999964,23618432633.582733,11659931094.611399,2594.886626870807,5548438852.954204,2739149363.2021375,1010.9502843896887,2670806305.2310195,2537.3236694667617,1132.6117659158579,2135.273827084059,5417880.822253261,2.2402413128871386,,,,,,,,,,
2096.773999999964,0.785001890454693,0.2897891148396637,70.90321999999892,20967739.99999964,23649410529.970196,11714516164.803349,2595.0498676681714,5572702945.628887,2760386718.962297,1010.9485099742661,2670814232.7408814,2541.5547669438606,1136.802174801637,2135.994537405745,5428747.098709618,2.2357054052850858,,,,,,,,,,
2096.926399999964,0.7872239630356346,0.28904356627610245,70.90779199999892,20969263.99999964,23619892408.531864,11662503322.62621,2594.8943225875055,5598923567.324235,2764511521.7994237,1010.9467354445385,2670822157.6680818,2543.219179249218,1137.3663912437742,2137.064463205275,5435023.33011559,2.2360597243145763,,,,,,,,,,
2097.078799999964,0.793827111186715,0.28872639968108904,70.91236399999892,20970787.999999635,23532324880.023125,11508200457.142908,2594.43210221693,5592258292.037635,2734826659.116967,1010.9449608005083,2670830080.012746,2538.3858514752246,1131.1976736973652,2137.237560934467,5425133.58591747,2.2439807917730312,,,,,,,,,,
2097.231199999964,0.803613109697069,0.2892104096076509,70.91693599999891,20972311.99999964,23402954591.322323,11280220833.350729,2593.747082321205,5540135110.963026,2670344347.0951896,1010.9431860421794,2670837999.775008,2526.3573555268986,1118.1103434542633,2135.9837191497622,5396258.180159703,2.2594884040890193,,,,,,,,,,
2097.3835999999637,0.8147481692760249,0.290234861803863,70.92150799999891,20973835.999999635,23256332739.97641,11021801859.973246,2592.967628150678,5460596629.407333,2587923674.789426,1010.9414111695547,2670845916.9549866,2510.3507797418747,1101.2806655970915,2133.8084676950734,5356607.750698143,2.279483203658002,,,,,,,,,,
2097.5359999999637,0.825130031927481,0.291051713611544,70.92607999999892,20975359.99999964,23120179548.193993,10781781723.673775,2592.240897765076,5393227265.202852,2515058286.5661793,1010.9396361826377,2670853831.552817,2496.2030250907696,1086.126426293214,2132.000455845411,5321905.987376215,2.298261937710083,,,,,,,,,,
2097.6883999999636,0.8327001228959864,0.2908397347388183,70.9306519999989,20976883.999999635,23021232027.680557,10607310380.919592,2591.710991397281,5379281769.401879,2478568969.9777966,1010.9378610814315,2670861743.56862,2489.894281945382,1078.2290881635374,2131.9593534939677,5308353.403604603,2.3092442128288546,,,,,,,,,,
2097.8407999999636,0.8359842327688719,0.2891658687319761,70.93522399999891,20978407.99999964,22978391794.89553,10531759438.353352,2591.481103706179,5441559205.08318,2494047147.8175483,1010.9360858659393,2670869653.002527,2494.889523319539,1080.9614559274637,2134.4414305524097,5325195.563224376,2.308028199931446,,,,,,,,,,
2097.9931999999635,0.8346966504942139,0.28619371488585676,70.9397959999989,20979931.999999635,22995181755.706646,10561370305.729288,2591.571234465405,5575211535.72079,2560617880.174328,1010.9343105361644,2670877559.854664,2510.731558134344,1094.07324932564,2139.202881320342,5370964.1833829,2.2948477715563356,,,,,,,,,,
2098.1455999999635,0.8301043418255463,0.28259458224594225,70.94436799999892,20981455.999999635,23055129901.021584,10667085729.837837,2591.892696072212,5749279723.44388,2660061338.109258,1010.9325350921099,2670885464.1251597,2533.068562135474,1113.5759303104987,2145.1219198325625,5433740.897075557,2.274715619463127,,,,,,,,,,
2098.2979999999634,0.8247161127392573,0.27926795173940927,70.9489399999989,20982979.999999635,23125597826.48603,10791334580.27567,2592.269872108252,5916785933.065944,2761010423.2831964,1010.9307595337796,2670893365.814138,2555.0591884180894,1133.0495371449276,2150.652537134164,5495044.526099322,2.2550286679048117,,,,,,,,,,
2098.4503999999633,0.8213306274342217,0.27704453794737266,70.95351199999891,20984503.999999635,23169945765.205963,10869519781.398897,2592.5068560796044,6029615200.5453005,2828622145.286581,1010.9289838611759,2670901264.9217315,2569.6416826183918,1145.8569731304804,2154.339345243061,5535880.180041384,2.242550111291929,,,,,,,,,,
2098.6027999999633,0.8218558702826411,0.2764870011247863,70.9580839999989,20986027.99999963,23163061718.74023,10857383668.71501,2592.470089080215,6053398547.200199,2837451772.3371654,1010.9272080743028,2670909161.448062,2571.881138736012,1147.4164068703262,2155.1940407606353,5542902.90374853,2.2414540382519297,,,,,,,,,,
2098.755199999963,0.8264785089682662,0.2777668934488803,70.9626559999989,20987551.999999635,23102533507.46488,10750669629.777996,2592.1465043722214,5979103687.983927,2782351485.8633356,1010.9254321731631,2670917055.393257,2560.706655965905,1136.8167726725694,2152.9356392915815,5513036.6214001635,2.252523641031333,,,,,,,,,,
2098.907599999963,0.8335992925804346,0.2805891910148948,70.9672279999989,20989075.99999963,23009497481.719048,10586616665.38306,2591.6480495193696,5827599997.477598,2681265303.664224,1010.9236561577603,2670924946.757451,2539.41356947679,1117.226541332275,2148.1138707685254,5454949.512210906,2.2729620856022446,,,,,,,,,,
2099.059999999963,0.840601067571891,0.28424046733988895,70.9717999999989,20990599.99999963,22918253812.57965,10425689684.458603,2591.1579252699676,5642343473.524252,2566745382.4865727,1010.9218800280977,2670932835.540763,2514.3980195366175,1094.668408213221,2141.9908932630806,5385817.65988616,2.296949469511739,,,,,,,,,,
2099.212399999963,0.8450619897507762,0.2878047382882491,70.97637199999889,20992123.99999963,22860243026.643963,10323356074.214846,2590.8456607174458,5472425136.730073,2471268271.73727,1010.9201037841782,2670940721.7433257,2492.595120954893,1075.586983423858,2136.1355992893505,5324521.172486692,2.3174277481681202,,,,,,,,,,
2099.364799999963,0.8457362424023288,0.2904893536717397,70.98094399999889,20993647.99999963,22851483098.69199,10307901762.148005,2590.798463031837,5354624141.6981945,2415376690.758877,1010.9183274260054,2670948605.3652616,2478.919859489511,1064.4201426963814,2131.8601035608785,5284710.348370427,2.328892286094783,,,,,,,,,,
2099.517199999963,0.8427820351448702,0.29193410257586305,70.98551599999888,20995171.999999627,22889880254.805202,10375639462.318363,2591.005257539859,5301778977.329705,2403216904.820812,1010.9165509535823,2670956486.406704,2474.7897543781214,1062.2699001703666,2129.723478992338,5270617.845468767,2.329718420884575,,,,,,,,,,
2099.669599999963,0.8372452338357403,0.292285402205262,70.99008799999889,20996695.99999963,22961956142.447952,10502772262.956892,2591.392833631498,5303444878.151482,2425789572.056554,1010.9147743669122,2670964364.8677726,2478.435939087641,1067.317517520045,2129.4421684027566,5277686.000378109,2.3221168006746358,,,,,,,,,,
2099.821999999963,0.8302279842763403,0.2920393567428707,70.99465999999887,20998219.999999627,23053514538.206596,10664237309.115925,2591.8840411006563,5335157137.336328,2467969979.140727,1010.9129976659988,2670972240.7486005,2486.4203844563453,1076.370931669697,2130.1782745468936,5296518.6843594415,2.3100032816747844,,,,,,,,,,
2099.9743999999628,0.8222640898487574,0.2917348012787907,70.9992319999989,20999743.99999963,23157712357.145172,10847952996.037966,2592.441513710587,5372423112.127091,2516647261.887283,1010.9112208508444,2670980114.0493116,2495.6214568476416,1086.7106864282355,2131.0540880067624,5318304.307732559,2.2964911342228236,,,,,,,,,,
2100.1267999999627,0.8133035377931803,0.29172981977513057,71.00380399999888,21001267.999999627,23275320336.355087,11055270144.67899,2593.0687523544775,5399923674.24464,2564846116.690254,1010.909443921453,2670987984.770037,2504.307244426091,1096.9514523529574,2131.505702449766,5337945.172180473,2.2829699883749277,,,,,,,,,,
2100.2791999999627,0.803193161750672,0.29219647980079855,71.00837599999889,21002791.99999963,23408496381.26931,11289987259.614916,2593.7764786774533,5410456657.26259,2609479299.0664153,1010.9076668778276,2670995852.910899,2511.7160398192323,1106.5165598818492,2131.26778388313,5353139.477929247,2.2699308179241586,,,,,,,,,,
2100.4315999999626,0.7921212055460395,0.29325598968650995,71.01294799999889,21004315.999999627,23554926425.055473,11548027278.361557,2594.551515611777,5397925559.156029,2646384475.1131325,1010.9058897199716,2671003718.472028,2516.9727859735067,1114.6091531846828,2130.1379502781633,5361499.251219524,2.258166262839277,,,,,,,,,,
2100.5839999999625,0.7807613242594019,0.29509020554911913,71.01751999999888,21005839.999999627,23705812932.850647,11813900239.635162,2595.346707301842,5352194914.371278,2667290801.651552,1010.9041124478881,2671011581.453548,2518.398609706965,1119.6195511622293,2127.793216305609,5358631.477687957,2.2493342556341775,,,,,,,,,,
2100.7363999999625,0.7699870671681202,0.2978321290039375,71.02209199999888,21007363.999999627,23849537504.30201,12067154302.22168,2596.1009052982317,5265039215.136761,2663952733.0390816,1010.9023350615804,2671019441.8555894,2514.369546665127,1119.9232651370196,2123.977840230652,5340465.19926752,2.2451266304906174,,,,,,,,,,
2100.8887999999624,0.760556213035664,0.3013093548938508,71.02666399999887,21008887.999999627,23975841664.10633,12289729051.812914,2596.7610650875035,5142483803.144835,2635975557.3712053,1010.9005575610516,2671027299.678278,2505.0064918079597,1115.3540470521345,2118.9264586130735,5307924.534489399,2.2459294413542117,,,,,,,,,,
2101.0411999999624,0.7529447877518379,0.3049087378614526,71.03123599999887,21010411.999999624,24078123814.1567,12469993559.75616,2597.2938648573713,5010468471.4943695,2594907728.4070096,1010.8987799463054,2671035154.921743,2493.1004022872917,1108.0281089616951,2113.5881417675264,5269387.446510269,2.250033534459259,,,,,,,,,,
2101.1935999999623,0.7475225622601249,0.3077096583262927,71.03580799999887,21011935.999999624,24151177526.35425,12598761651.494848,2597.6734206417914,4907234513.872668,2559919819.2637258,1010.8970022173445,2671043007.5861073,2483.251305600651,1101.6229903162828,2109.4069910881863,5238187.664662879,2.254175273600358,,,,,,,,,,
2101.3459999999623,0.7446586707832543,0.30887779414930505,71.04037999999886,21013459.999999624,24189827052.347595,12666893908.43714,2597.8738930451723,4866064331.733064,2548092655.1606283,1010.8952243741725,2671050857.6715,2479.642855976128,1099.522431649826,2107.691422504073,5226321.978414388,2.2551998800565083,,,,,,,,,,
2101.498399999962,0.7447673106774749,0.30803365070299377,71.04495199999887,21014983.99999962,24188360093.25656,12664307827.854633,2597.866288252577,4901166780.793629,2566105539.537185,1010.8934464167925,2671058705.1780515,2483.988325474345,1103.0529677521647,2109.0252502153953,5238794.099665651,2.2519211661578615,,,,,,,,,,
2101.650799999962,0.7481108581539406,0.3053548187544479,71.04952399999885,21016507.99999962,24143243718.076664,12584776357.540043,2597.6322399292244,5005061715.200821,2608911340.870394,1010.8916683452076,2671066550.105882,2495.1044541187757,1111.1386703735438,2113.1133602828577,5272438.557299651,2.245538311865223,,,,,,,,,,
2101.803199999962,0.7547294469773401,0.30144017090969255,71.05409599999886,21018031.99999962,24054113749.28695,12427675450.422222,2597.168938711586,5153638947.430758,2662652754.322477,1010.8898901594216,2671074392.4551225,2509.6675827712074,1120.9641279050104,2119.0007112055573,5317987.3927817205,2.238847363886273,,,,,,,,,,
2101.955599999962,0.764456363783674,0.29707171645003233,71.05866799999886,21019555.999999616,23923551247.06913,12197579356.1045,2596.488054535143,5314509624.132841,2709637553.792647,1010.888111859437,2671082232.225902,2523.5073352357945,1129.0938363049065,2125.451157961398,5363591.587801002,2.2349845992378023,,,,,,,,,,
2102.107999999962,0.7770792231393066,0.2930761082969628,71.06323999999887,21021079.99999962,23754862792.0848,11900328843.859793,2595.604454380248,5451669403.358747,2731089596.9306593,1010.8863334452576,2671090069.418342,2532.303053560382,1132.0348571482314,2131.1614347489453,5396746.608844879,2.236947950471808,,,,,,,,,,
2102.260399999962,0.79240607988466,0.29021612659473556,71.06781199999885,21022603.999999616,23551151095.5558,11541374698.092407,2594.531574408074,5530648609.798922,2710325608.722304,1010.8845549168866,2671097904.0325747,2532.2161999251935,1126.7271112017968,2134.9316705180436,5406108.561819145,2.2474086003169527,,,,,,,,,,
2102.412799999962,0.8101009693814785,0.28902667671923327,71.07238399999886,21024127.99999962,23317450269.48618,11129526714.346184,2593.2929321432966,5527974967.314939,2638527985.003581,1010.8827762743268,2671105736.068725,2520.9824356160393,1111.4422944600617,2135.9341835857244,5384652.560451496,2.268208118569693,,,,,,,,,,
2102.565199999962,0.8292950464481903,0.2895820058954473,71.07695599999886,21025651.999999616,23065704998.614,10685732888.47725,2591.949346748627,5444149628.218974,2522130961.7697077,1010.880997517582,2671113565.5269213,2499.440641203777,1087.1172647186763,2134.100402720497,5334057.278968958,2.2991453841463745,,,,,,,,,,
2102.7175999999617,0.8483442904963063,0.29133843002432,71.08152799999885,21027175.99999962,22817619388.6818,10248155619.713867,2590.6158996652584,5310414267.679518,2385084565.2778053,1010.8792186466551,2671121392.407287,2472.305711363073,1058.0923327387015,2130.3778951654685,5266945.4375792295,2.3365689693298393,,,,,,,,,,
2102.8699999999617,0.8650570818994628,0.29321123489759515,71.08609999999885,21028699.999999616,22601370161.485138,9866477689.285347,2589.4460042670376,5181281077.780802,2261853763.3154473,1010.8774396615494,2671129216.7099533,2447.1693055908986,1031.312251524827,2126.591966068538,5204130.584879128,2.372869421431466,,,,,,,,,,
2103.0223999999616,0.8773938420590398,0.2939420721179502,71.09067199999885,21030223.999999616,22442568821.958775,9586012990.778843,2588.582431055867,5114506520.464681,2184586191.3377175,1010.8756605622684,2671137038.4350424,2431.8414027160684,1013.9643789852678,2124.828033742459,5167244.786106687,2.398349935280519,,,,,,,,,,
2103.1747999999616,0.8842877546883364,0.29263168732105793,71.09524399999884,21031747.999999616,22354129473.55531,9429742325.577957,2588.0998571718164,5148656515.470522,2171880784.7664037,1010.8738813488152,2671144857.582688,2431.282943175928,1010.6012449852547,2126.5535585801294,5170253.39472594,2.4057786938619907,,,,,,,,,,
2103.3271999999615,0.8859359980426698,0.2891331689514735,71.09981599999885,21033271.999999616,22333016410.463966,9392427553.230894,2587.984480137013,5290103900.775015,2224818928.3474064,1010.8721020211929,2671152674.1530113,2445.9210111046427,1021.5387787081933,2131.9889804597915,5214676.642750169,2.3943496439730656,,,,,,,,,,
2103.4795999999615,0.8834410672921712,0.28414745172290024,71.10438799999883,21034795.999999613,22364979789.68386,9448917662.43094,2588.1591252895482,5510133319.040012,2327960790.9434357,1010.8703225794047,2671160488.146139,2471.6509541073115,1042.997639166171,2139.9765313683965,5289275.035523952,2.3697569978042172,,,,,,,,,,
2103.6319999999614,0.8782114194402384,0.2789282998908508,71.10895999999885,21036319.999999616,22432069242.414505,9567463337.073078,2588.525200639183,5754298506.1411495,2454255975.8144727,1010.8685430234541,2671168299.562203,2501.5024738159127,1068.7966115130032,2148.4721113189457,5374408.30138884,2.340485034168242,,,,,,,,,,
2103.7843999999614,0.8715533444438537,0.2747697901727027,71.11353199999884,21037843.999999613,22517662415.724216,9718659159.258226,2588.9912658889302,5961635375.041066,2573051375.0548763,1010.8667633533444,2671176108.4013243,2528.1541145076285,1092.6052399286975,2155.370327460827,5449108.361657744,2.3138769814728453,,,,,,,,,,
2103.9367999999613,0.8646500662600103,0.2725025339861918,71.11810399999885,21039367.999999613,22606621214.474125,9875748984.804249,2589.474495361799,6087887250.4369545,2659506069.6028056,1010.8649835690784,2671183914.6636324,2546.3049704966866,1109.7983135986965,2159.299403223578,5498234.803218725,2.2943853304659387,,,,,,,,,,
2104.0891999999612,0.8585451933028162,0.2722554116187198,71.12267599999883,21040891.999999613,22685474049.32618,10014952014.81079,2589.9018364688027,6120407263.748752,2701975057.883518,1010.8632036706597,2671191718.3492575,2554.009971944631,1118.4428304657872,2160.0000235344837,5516661.599507709,2.2835409216946627,,,,,,,,,,
2104.241599999961,0.8539282162895316,0.2735322924564087,71.12724799999884,21042415.999999613,22745223435.27575,10120406626.97268,2590.225024859733,6078173861.064445,2704461936.7425866,1010.861423658092,2671199519.458322,2552.755823592758,1119.4192570421505,2158.2180784008387,5509403.768220913,2.280428720100745,,,,,,,,,,
2104.393999999961,0.8507270983850554,0.2755651771021845,71.13181999999884,21043939.99999961,22786708251.388275,10193613611.821514,2590.449103113046,5996757231.6538515,2682643998.8167906,1010.8596435313775,2671207317.990951,2546.2814635696773,1115.6830376363478,2155.1692539346795,5487667.522149165,2.282262414748325,,,,,,,,,,
2104.546399999961,0.8479609678800455,0.27769034741081255,71.13639199999884,21045463.999999613,22822594559.865654,10256933736.245327,2590.642732248397,5910100468.850578,2656118204.463676,1010.8578632905201,2671215113.947277,2538.8475482521953,1110.9830603969883,2151.951723153139,5463477.356284434,2.285226155784038,,,,,,,,,,
2104.698799999961,0.8440805771930486,0.2795435861610338,71.14096399999883,21046987.99999961,22872997434.175312,10345856796.853603,2590.9143595964865,5839796876.303158,2641442267.408003,1010.8560829355229,2671222907.3274245,2533.835269911656,1108.6136085872736,2149.2192025952577,5445767.418307268,2.2855891811941293,,,,,,,,,,
2104.851199999961,0.837592907884666,0.2810228143703053,71.14553599999883,21048511.999999613,22957425960.623512,10494782280.954174,2591.3684964480735,5795000757.276914,2649132850.080811,1010.8543024663892,2671230698.13152,2533.2505312682297,1110.7461481157798,2147.207949503126,5439415.678822161,2.2806746037927055,,,,,,,,,,
2105.003599999961,0.8275407545969525,0.282116645811775,71.15010799999882,21050035.99999961,23088639274.434097,10726171637.11742,2592.0721471782135,5779023255.920945,2684731421.4198318,1010.8525218831223,2671238486.3596888,2538.090160298548,1118.5031365191996,2145.9837701982106,5446700.291300459,2.2691846606681203,,,,,,,,,,
2105.155999999961,0.8137613681771773,0.2827848006391378,71.15467999999882,21051559.999999613,23269301701.599754,11044661566.135422,2593.0367042275975,5794120477.267426,2750151275.0781946,1010.8507411857253,2671246272.01206,2548.705599775363,1132.144947716571,2145.6185620947595,5468550.044192877,2.2512184547710614,,,,,,,,,,
2105.308399999961,0.7969267170905693,0.282989746496389,71.15925199999882,21053083.99999961,23491295987.74794,11435900854.668728,2594.21512980366,5840086048.1440935,2843037909.195943,1010.8489603742015,2671254055.088758,2564.645278930404,1150.9658245560945,2146.1387389058586,5504084.584664561,2.2282549353014356,,,,,,,,,,
2105.4607999999607,0.7786109766269325,0.28279571251269114,71.16382399999883,21054607.99999961,23734449516.90252,11864359440.717258,2595.4972316361145,5909442470.719942,2954007823.8145566,1010.8471794485542,2671261835.5899134,2584.085443033556,1172.8781248153452,2147.36499104446,5548974.614237872,2.2032003056075307,,,,,,,,,,
2105.6131999999607,0.7612288100186689,0.2824153205902739,71.16839599999881,21056131.99999961,23966818201.839676,12273826954.907116,2596.713983298693,5984950348.063705,3064997793.4996157,1010.8453984087867,2671269613.5156493,2603.5806305525307,1194.2988194384375,2148.840398482966,5594679.239639032,2.180007706761982,,,,,,,,,,
2105.7655999999606,0.747698156247903,0.28216077297973036,71.17296799999882,21057655.99999961,24148809254.488426,12594586967.390293,2597.661129062647,6042313818.2203665,3151312599.551718,1010.843617254902,2671277388.866094,2618.5682486496753,1210.6935876251312,2149.923473353201,5629721.344349319,2.1628662077794587,,,,,,,,,,
2105.9179999999606,0.7406590629741598,0.2822744107982036,71.17753999999881,21059179.999999605,24243878389.637768,12762185625.657328,2598.153865591809,6060758694.621209,3190435385.376809,1010.8418359869036,2671285161.6413746,2625.054060665348,1218.1366810294976,2150.0962976821834,5644119.017052147,2.154974972469269,,,,,,,,,,
2106.0703999999605,0.7415406333207539,0.2827829396998712,71.18211199999882,21060703.999999605,24231957195.991173,12741167802.317463,2598.092155667547,6033911609.939593,3172631896.993876,1010.8400546047947,2671292931.8416157,2621.436898130583,1214.973896270457,2149.244340484225,5634108.417243677,2.1576075882596926,,,,,,,,,,
2106.2227999999604,0.7499147552207023,0.28342682262227237,71.1866839999988,21062227.9999996,24118927895.94466,12541914932.523106,2597.5059671345507,5975756211.596155,3107411174.6043706,1010.8382731085783,2671300699.4669456,2609.5914216964984,1202.8244907277287,2147.8017840593616,5604885.111185745,2.1695529495892227,,,,,,,,,,
2106.3751999999604,0.7635271971181191,0.28373463405372873,71.19125599999882,21063751.9999996,23936001522.01847,12219519650.5955,2596.5530962017315,5916222918.86356,3020278978.001184,1010.8364914982582,2671308464.517493,2594.328808431922,1186.1644249383692,2146.63037565327,5569065.024612318,2.1871578289550526,,,,,,,,,,
2106.5275999999603,0.7790786027417808,0.2832468059875946,71.19582799999881,21065275.9999996,23728220013.332787,11853382708.574406,2595.4644978080755,5887200434.891409,2940938671.2379875,1010.8347097738371,2671316226.9933796,2581.28375033238,1170.4829113081034,2146.6231716745783,5541043.511130543,2.2053151954585988,,,,,,,,,,
2106.6799999999603,0.7933986746718173,0.28176556646583173,71.20039999999881,21066799.9999996,23537999844.888992,11518200521.103659,2594.462092772973,5907539299.650589,2890824313.368784,1010.8329279353184,2671323986.8947363,2574.4768068797416,1160.027932492783,2148.2499240706793,5530619.604901129,2.219323116942064,,,,,,,,,,
2106.83239999996,0.8044795111700866,0.27949777638149637,71.2049719999988,21068323.999999598,23391524023.860497,11260076295.298433,2593.6864342180943,5974283847.534368,2875866141.2734995,1010.8311459827053,2671331744.221689,2574.7478245504067,1156.207207004978,2151.2819008226106,5539008.3941376805,2.2268913469411724,,,,,,,,,,
2106.98479999996,0.811855166893415,0.2769995559837159,71.2095439999988,21069847.9999996,23294367431.983536,11088842357.87623,2593.170138317461,6064067043.874856,2886684246.458413,1010.8293639160013,2671339498.9743624,2579.775495699968,1157.417020867512,2154.8624463933274,5559061.335809592,2.228907514913133,,,,,,,,,,
2107.13719999996,0.8163489791653126,0.2749523483836482,71.2141159999988,21071371.999999598,23235304420.695847,10984735368.284212,2592.855571458428,6143173135.0256195,2904249928.8153687,1010.8275817352095,2671347251.1528854,2585.3909576831597,1160.122973268266,2157.873260475367,5578946.015459291,2.2285490566570445,,,,,,,,,,
2107.28959999996,0.819399520039204,0.27388446664561444,71.2186879999988,21072895.9999996,23195267238.147705,10914158542.261879,2592.6420335972557,6182074993.928392,2908875587.0387297,1010.825799440333,2671355000.757379,2587.5425465836615,1160.6340489616628,2159.4071379738125,5587557.844903695,2.229421538079598,,,,,,,,,,
2107.44199999996,0.8223280226012336,0.27399408833457267,71.22325999999879,21074419.999999598,23156874647.79682,10846476145.384718,2592.4370384179138,6166761801.190574,2888456917.792533,1010.824017031375,2671362747.787981,2583.9098200351714,1156.6398080332795,2159.08442052502,5578879.436479547,2.2339796729189056,,,,,,,,,,
2107.59439999996,0.8257761016502482,0.2750976991458022,71.2278319999988,21075943.9999996,23111724040.431694,10766873783.636929,2592.1956728844825,6103803430.874823,2843530020.754424,1010.8222345083393,2671370492.2448072,2574.7847083106903,1148.1202566022314,2157.1634784969197,5554231.5377601655,2.2426089022508466,,,,,,,,,,
2107.74679999996,0.8294318822921465,0.2767108612581299,71.2324039999988,21077467.999999598,23063916736.55935,10682579661.003096,2591.9397682395497,6017256945.559951,2787029947.943592,1010.8204518712284,2671378234.1279883,2562.9550674067928,1137.3783002101056,2154.426880455406,5521699.290620591,2.2533883993859765,,,,,,,,,,
2107.89919999996,0.8321822863300071,0.27821232920734207,71.2369759999988,21078991.999999598,23027991778.4958,10619230857.894518,2591.7472399568996,5939592510.989681,2739010187.372093,1010.8186691200463,2671385973.4376545,2552.6736411975558,1128.1956653940967,2151.9134199539444,5493132.66525572,2.2626160687347316,,,,,,,,,,
2108.0515999999598,0.8325922686866908,0.2790424807281181,71.24154799999879,21080515.999999598,23022639831.916397,10609792987.325327,2591.7185411919318,5900630320.767711,2719256638.4716477,1010.8168862547955,2671393710.173926,2548.1528215334893,1124.4685555910507,2150.579821611086,5480006.040371277,2.2660952223729476,,,,,,,,,,
2108.2039999999597,0.8295812813503595,0.27887937425412385,71.2461199999988,21082039.999999598,23061964393.323524,10679137096.631187,2591.9293103054747,5918096232.00595,2740450029.961218,1010.8151032754797,2671401444.336931,2552.0629900198555,1128.7345840304044,2150.9891696246445,5489459.851732597,2.260994768944823,,,,,,,,,,
2108.3563999999596,0.8230380449947005,0.27773352183259487,71.25069199999879,21083563.999999594,23147572581.093056,10830076789.039257,2592.387336850371,5992284189.706327,2803615700.4762225,1010.8133201821021,2671409175.9267983,2564.516056661188,1141.1007559966502,2153.1312151621696,5521739.573381799,2.2474054488039585,,,,,,,,,,
2108.5087999999596,0.8139586083577326,0.2759234101465654,71.25526399999879,21085087.999999598,23266709102.666595,11040091764.486917,2593.0228974149586,6106508840.012949,2897548495.4452333,1010.811536974666,2671416904.9436536,2583.0198271051554,1159.1650634398961,2156.4537432696366,5570162.775100602,2.2283451326939407,,,,,,,,,,
2108.6611999999595,0.8041643368805639,0.2739565139551783,71.25983599999878,21086611.999999594,23395681731.866287,11267403616.073605,2593.7084964183605,6232116213.680938,3001398701.1191087,1010.8097536531744,2671424631.387624,2603.2276671814807,1178.768790117271,2160.0630749063757,5623135.959453381,2.2084294129661304,,,,,,,,,,
2108.8135999999595,0.7956425523763073,0.27233668608659,71.26440799999878,21088135.999999594,23508288326.499058,11465844371.91544,2594.3050213336583,6338550398.211523,3091540796.1673265,1010.8079702176307,2671432355.2588315,2620.489249010369,1195.5097966848257,2163.0606820048315,5668277.262150697,2.1919429320253516,,,,,,,,,,
2108.9659999999594,0.7898289993692854,0.2713505653362418,71.26897999999878,21089659.999999594,23585319194.076767,11601582510.962132,2594.71197004415,6406231269.922549,3151215383.210822,1010.8061866680382,2671440076.5574102,2631.7266700605746,1206.4749085337628,2164.918240285699,5697473.071460482,2.181335601300594,,,,,,,,,,
2109.1183999999594,0.7870890934248272,0.27093657529565524,71.27355199999877,21091183.999999594,23621683300.944794,11665659001.868652,2594.903763460262,6435883405.942076,3178385732.844972,1010.8044030044001,2671447795.2834806,2636.779502138238,1211.4425366189232,2165.713307810313,5710508.457542233,2.176561762060428,,,,,,,,,,
2109.2707999999593,0.7866891510528023,0.27073888722779405,71.27812399999877,21092707.99999959,23626994561.94237,11675017810.720158,2594.931759426304,6446786054.350003,3185607962.498764,1010.8026192267195,2671455511.437169,2638.228836045112,1212.7248768119498,2166.0463987835465,5714526.069482422,2.1754553621267942,,,,,,,,,,
2109.4231999999593,0.7872809882539156,0.27035467044564543,71.28269599999878,21094231.999999594,23619135216.09817,11661169095.45996,2594.890330822226,6463032271.402423,3190909044.5813837,1010.8008353349998,2671463225.018607,2639.585549815845,1213.5715982284776,2166.6243373133684,5718990.292651698,2.175055475646434,,,,,,,,,,
2109.575599999959,0.7877158150787966,0.2695989487909372,71.28726799999876,21095755.99999959,23613362045.064255,11650996345.871227,2594.8598929444843,6497691418.644761,3206005939.8044496,1010.7990513292442,2671470936.0279155,2643.0279563251893,1216.1094969896226,2167.7987552241284,5729552.713744317,2.1733470241518416,,,,,,,,,,
2109.727999999959,0.787817017033878,0.2686308217496437,71.29183999999879,21097279.999999594,23612018531.389908,11648628973.962063,2594.852808807628,6543887995.190926,3228327269.0899606,1010.7972672094561,2671478644.4652233,2647.924090977483,1219.9058102245933,2169.3266669710342,5744212.342672489,2.1705971631449,,,,,,,,,,
2109.880399999959,0.788542189711962,0.26780612436842743,71.29641199999877,21098803.99999959,23602392984.320465,11631668007.628532,2594.8020467201627,6580999313.73426,3243230431.195704,1010.7954829756385,2671486350.330659,2651.4050898189903,1222.3609441253654,2170.5953879095914,5755127.659441116,2.1690852465154205,,,,,,,,,,
2110.032799999959,0.791362090325676,0.26742742697206145,71.30098399999878,21100327.999999594,23564988702.839394,11565758147.497665,2594.604653677203,6588846566.089432,3233823143.958425,1010.7936986277946,2671494053.624346,2650.312348510805,1220.4590247945257,2171.0501651581762,5753961.061955137,2.1715701180193303,,,,,,,,,,
2110.185199999959,0.797174342633431,0.26760645850596737,71.30555599999877,21101851.99999959,23488020313.4509,11430128492.38268,2594.19779601566,6558710739.73587,3191708177.1519036,1010.7919141659281,2671501754.346412,2643.106481884269,1212.6483465431477,2170.468155596335,5736778.450780067,2.1796149637435094,,,,,,,,,,
2110.337599999959,0.8054777296107144,0.268318008882369,71.31012799999877,21103375.99999959,23378359029.4298,11236874796.205873,2593.61655892725,6494062580.367009,3121389659.6612215,1010.7901295900417,2671509452.4969826,2630.5056214938554,1199.6447427673538,2168.9157230011006,5705345.001900805,2.1927371726947893,,,,,,,,,,
2110.489999999959,0.8145065623398041,0.2695442515284339,71.31469999999877,21104899.99999959,23259507597.47168,11027398056.09604,2592.9845406362138,6402908615.121141,3035637006.4954653,1010.7883449001389,2671517148.0761833,2614.5798456845478,1183.7072417016943,2166.512651285398,5664520.313471396,2.2088061587980445,,,,,,,,,,
2110.642399999959,0.8222699969182863,0.2712793701337765,71.31927199999876,21106423.99999959,23157634956.116306,10847816540.97858,2592.44110021572,6293395782.820555,2948038649.0751963,1010.7865600962232,2671524841.0841436,2597.5622528924314,1167.3500314918558,2163.3708528028747,5619490.466248455,2.225178552120126,,,,,,,,,,
2110.7947999999587,0.8278041997909331,0.273359984350485,71.32384399999876,21107947.999999586,23085194242.390255,10720097326.458714,2592.053706014635,6176999663.995554,2868420204.233848,1010.7847751782972,2671532531.520986,2581.316204196785,1152.4306851453673,2159.7980558273052,5575121.7192997355,2.239888470056816,,,,,,,,,,
2110.9471999999587,0.8316223968149299,0.2753025857592512,71.32841599999875,21109471.999999586,23035301933.199142,10632121737.941679,2591.786432222955,6074218576.656741,2803602555.641092,1010.7829901463648,2671540219.386838,2567.6657286699515,1140.1979620970485,2156.532096524993,5537253.557023984,2.2519473056656834,,,,,,,,,,
2111.0995999999586,0.8350980866826296,0.27638194791472,71.33298799999875,21110995.999999583,22989946210.504745,10552136997.263094,2591.543133932216,6012945691.35457,2759877126.780073,1010.781205000429,2671547904.681828,2558.701759699343,1131.7658885964981,2154.649072824618,5513104.374170908,2.2608048055524863,,,,,,,,,,
2111.2519999999586,0.839353834915546,0.27596612061140596,71.33755999999876,21112519.999999583,22934489998.446205,10454328223.025562,2591.2452315559117,6017369774.823536,2742923809.0570407,1010.7794197404927,2671555587.40608,2556.301248539021,1128.1689555756286,2155.0902127102545,5509059.801465448,2.265885119338985,,,,,,,,,,
2111.4043999999585,0.8444704855856072,0.2739234784666569,71.34213199999874,21114043.999999583,22867929651.154694,10336916548.508118,2590.8870660090074,6093046189.401608,2754220034.207143,1010.7776343665597,2671563267.5597234,2560.925145082338,1129.7120490743032,2158.057994135536,5526624.981727647,2.2668830939537066,,,,,,,,,,
2111.5567999999585,0.8494118796602413,0.2708337095128381,71.34670399999875,21115567.999999583,22803766717.24317,10223713506.315765,2590.5411684237833,6217784531.19936,2787646816.388288,1010.7758488786329,2671570945.142878,2570.731056907207,1135.329684325447,2162.687466771636,5559687.837213818,2.2643035696143183,,,,,,,,,,
2111.7091999999584,0.852572373250142,0.2678014690656838,71.35127599999875,21117091.99999958,22762788599.119347,10151404466.600578,2590.31993387249,6347111292.409254,2830588776.2041173,1010.7740632767159,2671578620.155677,2582.0549512578673,1142.8187279989104,2167.315229270307,5596127.018673976,2.259374026691947,,,,,,,,,,
2111.8615999999583,0.8525367817732292,0.26597237884203995,71.35584799999876,21118615.999999583,22763249808.18142,10152218355.275305,2590.3224252758737,6432733028.384097,2868944938.6912537,1010.7722775608112,2671586292.5982437,2590.975945231514,1149.7691593260301,2170.205714987803,5622950.803737355,2.2534749033886836,,,,,,,,,,
2112.0139999999583,0.8487122854808441,0.26596810816079125,71.36041999999874,21120139.99999958,22812843806.43121,10239729535.582157,2590.590140016341,6446948640.28136,2893765063.5060177,1010.770491730923,2671593962.470706,2595.193622334241,1154.6780073031193,2170.408496926622,5632630.289084015,2.2475474599153475,,,,,,,,,,
2112.1663999999582,0.8416674781130253,0.267598581849947,71.36499199999875,21121663.999999583,22904377395.11067,10401212513.00983,2591.083276532088,6396105883.08227,2904565157.9183497,1010.768705787054,2671601629.773186,2594.9133192212407,1157.4215356143968,2168.193338523909,5626273.77278246,2.241977740498648,,,,,,,,,,
2112.318799999958,0.8330825887059953,0.2699830802306134,71.36956399999875,21123187.99999958,23016240211.702698,10598507448.544792,2591.6842187905804,6315414925.812584,2908119289.519875,1010.7669197292075,2671609294.505817,2592.4452925793266,1159.0198388682911,2164.8632968001293,5612289.662867256,2.236756615927027,,,,,,,,,,
2112.471199999958,0.8251965044657326,0.2720074636416865,71.37413599999874,21124711.999999583,23119309488.04278,10780247728.704872,2592.236244687399,6249003458.851987,2913832931.679874,1010.7651335573869,2671616956.6687164,2590.8256598555035,1160.9085797568043,2162.0642989263247,5601531.663915821,2.2317223811010587,,,,,,,,,,
2112.623599999958,0.8200428609978072,0.27282717060095557,71.37870799999874,21126235.99999958,23186829460.771194,10899283962.855373,2592.596999730153,6228998669.260293,2928025386.798963,1010.7633472715949,2671624616.2620177,2592.201667843933,1164.0108837248,2161.0297999685095,5601825.051738812,2.226956555207599,,,,,,,,,,
2112.775999999958,0.8188679227326703,0.27213519175840933,71.38327999999873,21127759.99999958,23202240964.511955,10926452046.252913,2592.6792454087135,6265446803.246396,2950538447.9339385,1010.7615608718354,2671632273.285842,2596.9163547012918,1168.1653962018158,2162.183772981251,5615010.401924755,2.2230724888315736,,,,,,,,,,
2112.928399999958,0.8220378247601005,0.2701519465880673,71.38785199999873,21129283.99999958,23160677263.452656,10853179997.865976,2592.4573522667934,6347107182.967304,2974278167.210342,1010.7597743581114,2671639927.740318,2603.465946062173,1172.0494276145225,2165.158672681132,5636916.872146502,2.221293645747534,,,,,,,,,,
2113.080799999958,0.8291164008784452,0.2674728158148666,71.39242399999874,21130807.99999958,23068039794.191517,10689849795.620197,2591.961851938509,6447752431.355419,2987922061.2359815,1010.7579877304263,2671647579.6255727,2609.1838258708226,1173.6850494632786,2169.032802001425,5659405.304765388,2.2230698321189246,,,,,,,,,,
2113.233199999958,0.8389125898950999,0.26490113227631323,71.39699599999872,21132331.999999575,22940235798.096382,10464462786.601933,2591.2761187073434,6533467172.059513,2980319151.5222144,1010.7562009887829,2671655228.9417286,2611.1960662484075,1171.229597360833,2172.594602918431,5673070.480693128,2.229448497657756,,,,,,,,,,
2113.385599999958,0.8494259989591797,0.2632982907494101,71.40156799999873,21133855.99999958,22803583545.954338,10223390306.164774,2590.5401800728578,6570337455.341496,2945638965.6390934,1010.754414133185,2671662875.68892,2607.430345346269,1163.8621247808603,2174.585288150694,5670079.668867679,2.2403257996192747,,,,,,,,,,
2113.5379999999577,0.8581761696859026,0.2633632142034999,71.40613999999873,21135379.999999575,22690246025.475914,10023375054.246906,2589.9276681219867,6534619032.168674,2886656113.0499134,1010.7526271636356,2671670519.867265,2597.3988739471342,1152.2975889185398,2174.031053545252,5646825.810404539,2.254104233946075,,,,,,,,,,
2113.6903999999577,0.8631528463936586,0.26533357670871016,71.41071199999874,21136903.999999575,22625943941.5522,9909863864.80171,2589.579300752444,6423739025.683614,2813512638.941483,1010.7508400801377,2671678161.476887,2582.399453439359,1138.4873871815316,2170.663098272754,5605519.198580545,2.2682723432118235,,,,,,,,,,
2113.8427999999576,0.8639918956118644,0.2688302796984896,71.41528399999872,21138427.999999575,22615114120.460217,9890743758.31635,2589.5205673071696,6258402213.356851,2737118738.3392625,1010.749052882695,2671685800.517924,2564.69567460281,1124.3666132655767,2165.09897950443,5552819.98782197,2.281013723054249,,,,,,,,,,
2113.9951999999575,0.8624881708223207,0.2729911122360593,71.41985599999873,21139951.999999575,22634525381.929916,9925013936.39853,2589.6258280424377,6073170334.484582,2663024701.90087,1010.7472655713103,2671693436.9904914,2546.3492655618743,1110.7105735145778,2158.6060131877744,5496564.836318134,2.2925407628960994,,,,,,,,,,
2114.1475999999575,0.8618471642472283,0.2769164250446933,71.42442799999873,21141475.99999957,22642803169.873653,9939627504.463522,2589.670698502694,5898174616.741597,2589151979.411059,1010.7454781459872,2671701070.8947225,2528.1954641234597,1096.7640517229097,2152.44037106861,5441789.982931877,2.305140709300155,,,,,,,,,,
2114.2999999999574,0.8650347970884505,0.28009062477055435,71.42899999999872,21142999.999999575,22601657646.009174,9866985278.369408,2589.4475642038083,5746318861.638094,2508614390.175535,1010.7436906067288,2671708702.2307353,2509.702605942018,1080.8710584305288,2147.267409920308,5389002.614331366,2.3219259932689975,,,,,,,,,,
2114.4523999999574,0.8731722318094588,0.28250714189831766,71.43357199999872,21144523.99999958,22496832214.350395,9681868272.231205,2588.8779437733383,5613866165.030586,2416016272.419506,1010.7419029535384,2671716330.9986653,2489.887325116579,1061.779804090589,2143.04324135461,5335936.203825594,2.345012888288226,,,,,,,,,,
2114.6047999999573,0.8849718563947835,0.28440747994446525,71.43814399999872,21146047.999999575,22345365042.460693,9414252659.45694,2588.051970052365,5494124453.580617,2314711603.512606,1010.7401151864193,2671723957.198632,2468.9832271793525,1040.1527022886328,2139.452680323411,5282272.7830624115,2.3736738093809544,,,,,,,,,,
2114.7571999999573,0.8975306363128559,0.2858759052989531,71.44271599999873,21147571.999999575,22184837340.629745,9130443284.529501,2587.1728554581005,5392209267.143583,2219230194.7511744,1010.7383273053742,2671731580.830762,2449.5111297535163,1019.1753087840048,2136.508207577912,5233400.633271831,2.4034247186345885,,,,,,,,,,
2114.909599999957,0.9079574675112683,0.2866133192983675,71.44728799999871,21149095.999999575,22052088344.533936,8895589225.73277,2586.442977274211,5328909705.581974,2149628235.7143655,1010.7365393104074,2671739201.8951836,2435.6560755735854,1003.4612062033988,2134.8245248495978,5199698.324233416,2.427254846043231,,,,,,,,,,
2115.061999999957,0.9147149237484593,0.28605079250184723,71.45185999999872,21150619.999999575,21966308312.8649,8743750211.677382,2585.9699553376076,5331754233.357847,2122319624.3326433,1010.734751201521,2671746820.3920226,2431.3994985938048,996.938927471226,2135.372676817671,5191944.055725397,2.43886504137334,,,,,,,,,,
2115.214399999957,0.9179825158115513,0.2837366773490699,71.45643199999871,21152143.99999957,21924899623.6774,8670429239.65672,2585.7412238931915,5419055747.837938,2143021870.7429197,1010.732962978719,2671754436.3214064,2438.5087384356716,1000.9739396716059,2138.853613143982,5215613.2258863095,2.436136088853307,,,,,,,,,,
2115.366799999957,0.9189159874234875,0.2796932435608095,71.46100399999872,21153667.99999957,21913078572.726192,8649495229.513208,2585.6758808803556,5588292031.895147,2205801668.1948266,1010.7311746420042,2671762049.6834497,2455.751458352463,1014.0326034497197,2145.174487563625,5268015.37625487,2.421767751843524,,,,,,,,,,
2115.519199999957,0.918430699454847,0.2745664106617112,71.4655759999987,21155191.999999568,21919223568.794785,8660377621.114433,2585.7098510381607,5812094589.428844,2296383070.144372,1010.7293861913804,2671769660.4782953,2479.3911517693396,1032.6962712450118,2153.273117942867,5338806.315970322,2.400890969404007,,,,,,,,,,
2115.671599999957,0.9164269164771355,0.2694713310437864,71.47014799999872,21156715.999999568,21944607303.426544,8705326908.629622,2585.8501158466006,6044196221.915494,2397705426.40162,1010.7275976268504,2671777268.7060604,2504.617466209107,1053.2473235507157,2161.3997543048836,5413479.576092084,2.377995566858429,,,,,,,,,,
2115.823999999957,0.9119069626598172,0.26567860889765527,71.47471999999871,21158239.999999568,22001928988.001263,8806810176.252277,2586.1665126138128,6230910853.444007,2494074457.805822,1010.7258089484175,2671784874.366872,2526.8504401940654,1072.6661438702854,2167.6056180632477,5477215.210170247,2.3556727828445667,,,,,,,,,,
2115.976399999957,0.9038302914848388,0.26426571009608835,71.47929199999871,21159763.999999568,22104576619.550182,8988467011.579384,2586.7318795960614,6324543733.936542,2571772972.367228,1010.724020156085,2671792477.4608564,2542.3213636752043,1088.5834498840054,2170.24704350414,5517465.423153526,2.335440028916573,,,,,,,,,,
2116.1287999999568,0.892146087669946,0.2658321126953711,71.4838639999987,21161287.999999564,22253577538.143753,9251998909.925194,2587.549773863104,6295134969.943697,2617223310.7202797,1010.722231249856,2671800077.988139,2548.0488050999334,1098.6335465064167,2168.378376853974,5525133.932147301,2.3192890961709325,,,,,,,,,,
2116.2811999999567,0.878449513648616,0.2702751670939556,71.4884359999987,21162811.999999568,22429012131.42443,9562062180.74254,2588.508534044597,6140989180.225526,2618060931.4626284,1010.7204422297342,2671807675.948844,2542.177679306289,1100.4107882663789,2162.0715938904814,5496370.147050553,2.3102078845585603,,,,,,,,,,
2116.4335999999566,0.8658483246071297,0.27670126236654874,71.4930079999987,21164335.999999564,22591164238.788666,9848457551.780869,2589.390617277501,5894347793.888611,2569599044.5624695,1010.7186530957222,2671815271.3431005,2525.0592613320487,1092.5819717934223,2152.570091925724,5435367.046283429,2.3110936538585585,,,,,,,,,,
2116.5859999999566,0.8580379041837918,0.2835571426063298,71.4975799999987,21165859.999999568,22692034148.851128,10026531246.08738,2589.9373467071346,5616520079.546651,2481673247.204363,1010.7168638478239,2671822864.171034,2500.269868668337,1076.3377360585846,2142.13809904216,5355923.343561582,2.322941754159819,,,,,,,,,,
2116.7383999999565,0.8578566575619746,0.2890677120741483,71.50215199999869,21167383.999999564,22694378261.494984,10030668779.017986,2589.950033970662,5378503282.2510805,2377240051.6764693,1010.715074486042,2671830454.4327693,2474.038941555735,1055.591477885591,2133.4441974049328,5278224.024015925,2.343746604047405,,,,,,,,,,
2116.8907999999565,0.8659860676632362,0.2918353488710702,71.5067239999987,21168907.999999568,22589387840.313614,9845320978.721842,2589.3809752635734,5236338585.219595,2282197042.663968,1010.71328501038,2671838042.128429,2452.911960129542,1035.4339618154156,2128.6699391270463,5221439.952852956,2.3689699687161863,,,,,,,,,,
2117.0431999999564,0.8803676547329022,0.2913604829191767,71.5112959999987,21170431.999999564,22404392681.97416,9518563323.690277,2588.374264168697,5213319328.96234,2214892001.9274535,1010.711495420841,2671845627.2581453,2441.1392425812237,1020.0429724957647,2128.705677982716,5196466.966429078,2.3931729431049624,,,,,,,,,,
2117.1955999999564,0.8967461895124446,0.28819477464453824,71.5158679999987,21171955.999999564,22194843778.813972,9148140355.260124,2587.2277667341286,5296733926.579773,2183176681.381857,1010.7097057174284,2671853209.8220425,2439.6597060836993,1011.7212566196173,2132.8834994163763,5203509.931296929,2.411395125012138,,,,,,,,,,
2117.3479999999563,0.9101616774684932,0.28368840530410433,71.52043999999869,21173479.999999564,22024086124.751972,8846029696.554363,2586.2886825772052,5445620669.963287,2187247266.006957,1010.7079159001453,2671860789.8202434,2446.7276788078593,1011.1407302375106,2139.314687450772,5234320.459465988,2.419769677592889,,,,,,,,,,
2117.5003999999562,0.916711754731385,0.27950294871481307,71.5250119999987,21175003.999999564,21940997949.77343,8698935856.68463,2585.8301771688034,5603591584.829269,2221652992.9529,1010.7061259689951,2671868367.2528734,2458.924973464354,1017.5738150285625,2145.578360266835,5275816.212584819,2.4164585774009266,,,,,,,,,,
2117.652799999956,0.9147818823516578,0.2770968362791041,71.52958399999869,21176527.99999956,21965459317.1661,8742247079.605412,2585.965268235384,5713894162.510493,2274128386.486499,1010.7043359239811,2671875942.1200614,2471.8331376720193,1028.5898998465968,2149.4654475778225,5313119.921603881,2.403127950255653,,,,,,,,,,
2117.805199999956,0.9053045887572759,0.27737548457455075,71.53415599999869,21178051.999999564,22085818405.041386,8955277129.227444,2586.628678786991,5733037535.046797,2324611158.9366236,1010.7025457651062,2671883514.421934,2480.5405224051087,1039.9342658927626,2149.5054039863476,5331935.257716899,2.3852858817721665,,,,,,,,,,
2117.957599999956,0.8911095744047739,0.2805008360837399,71.53872799999868,21179575.99999956,22266824591.790367,9275419845.2772,2587.622329791666,5643343844.493355,2350778992.898504,1010.7007554923739,2671891084.1586127,2480.917924867403,1046.7969290466638,2145.294509762227,5322299.603388737,2.370008791606619,,,,,,,,,,
2118.109999999956,0.8758374125491161,0.28586736137279745,71.54329999999868,21181099.99999956,22462565325.177486,9621338786.791042,2588.691381121562,5460080174.968408,2338703545.47304,1010.6989651057874,2671898651.3302274,2471.374710799129,1045.983634247911,2137.5948528888466,5282797.861363879,2.3627278954284123,,,,,,,,,,
2118.262399999956,0.8629302151513987,0.2922465662553358,71.54787199999868,21182623.99999956,22628818044.259937,9914937988.33067,2589.594884939402,5228137311.636649,2290736402.49205,1010.6971746053501,2671906215.936903,2453.938826007003,1037.4917701574427,2128.1674506258637,5222392.735335149,2.3652610040796853,,,,,,,,,,
2118.414799999956,0.8549378627718828,0.2981010460990491,71.55244399999867,21184147.99999956,22732148880.555954,10097332418.920248,2590.154349605968,5007255387.388757,2224159379.6766047,1010.6953839910651,2671913777.9787607,2433.698312584805,1024.4366235327386,2119.3159796856435,5157775.723594964,2.375645556474026,,,,,,,,,,
2118.567199999956,0.8530991805153957,0.3020104847994307,71.55701599999867,21185671.999999557,22755962705.827232,10139358781.030666,2590.2830573639226,4852310620.636208,2162040733.483773,1010.6935932629356,2671921337.4559326,2416.777526101593,1011.482802512407,2113.2304775267103,5107207.925559491,2.3893411930470747,,,,,,,,,,
2118.719599999956,0.8571094323625073,0.30308996658360804,71.56158799999868,21187195.99999956,22704043943.065445,10047729092.152266,2590.0023397346245,4797593773.500257,2123186629.2722912,1010.6918024209646,2671928894.3685427,2407.973421582746,1002.804125972378,2111.329161755087,5084024.505718828,2.4012400420150177,,,,,,,,,,
2118.8719999999557,0.8651243533745011,0.30124106462641026,71.56615999999866,21188719.999999557,22600502341.728943,9864945444.270046,2589.441295263785,4850256880.9628105,2117099823.6198132,1010.6900114651557,2671936448.7167177,2409.332354980432,1000.7668455003825,2113.8565777519734,5092983.046566038,2.407486185032207,,,,,,,,,,
2119.0243999999557,0.8740830216209503,0.2971187119643622,71.57073199999869,21190243.99999956,22485118335.976578,9661177617.060318,2588.8141884865336,4993040759.804317,2145359117.4794326,1010.6882203955123,2671944000.5005746,2420.2927991897577,1005.9813106934014,2119.9234335298174,5130835.421005844,2.4059023497379903,,,,,,,,,,
2119.1767999999556,0.8805495800145026,0.2918493777746969,71.57530399999867,21191767.999999557,22402058521.790703,9514438991.311079,2588.3615293989847,5192328497.884114,2205247909.155777,1010.6864292120372,2671951549.72025,2438.69954541175,1018.0081665972074,2127.9180330787913,5189352.739942714,2.395559903574589,,,,,,,,,,
2119.3291999999556,0.8818486995549591,0.28663997840669453,71.57987599999868,21193291.99999956,22385394727.99221,9484993853.136774,2588.270591031153,5408316388.862154,2291576643.05245,1010.6846379147338,2671959096.375865,2461.7418867709125,1035.7604225349178,2136.071387495158,5258456.407729691,2.376748361118154,,,,,,,,,,
2119.4815999999555,0.8769173124783097,0.28246317710793956,71.58444799999867,21194815.999999557,22448689955.262177,9596826870.197348,2588.6157881265185,5603764617.463137,2395612348.0838246,1010.6828465036058,2671966640.467545,2486.3186710824557,1057.320189187951,2142.9078361724337,5327951.763484426,2.351528606478244,,,,,,,,,,
2119.6339999999554,0.8665687920076237,0.279903079988914,71.58901999999867,21196339.999999557,22581873720.324062,9832053136.352615,2589.3401845594663,5749572958.123191,2503339959.1073465,1010.6810549786555,2671974181.995417,2509.06089630922,1079.6835921153006,2147.4686319371795,5388129.570444234,2.3238853629270255,,,,,,,,,,
2119.7863999999554,0.8530450123405002,0.27911879821200086,71.59359199999867,21197863.999999557,22756664508.309456,10140597266.785648,2590.286849136165,5829052559.395183,2597484109.772282,1010.6792633398871,2671981720.959608,2526.781591584051,1099.3069439143121,2149.388678142148,5431035.745088756,2.2985223604491365,,,,,,,,,,
2119.9387999999553,0.8391834153843317,0.2798181295950193,71.59816399999866,21199387.999999557,22936709055.681107,10458242260.959269,2591.2571609230968,5843730921.0938225,2664512748.201794,1010.677471587303,2671989257.3602386,2537.655944380498,1113.5057938601024,2148.982308577278,5453377.729729656,2.278978662143649,,,,,,,,,,
2120.0911999999553,0.8275725897751043,0.28127848311405085,71.60273599999866,21200911.999999553,23088222952.882305,10725437577.635681,2592.0699187157425,5816522249.3018875,2702015933.8866935,1010.675679720907,2671996791.197439,2542.337437189103,1121.7649439393838,2147.257745965976,5459053.75486359,2.266372693249792,,,,,,,,,,
2120.243599999955,0.8200238817811173,0.28250654760914573,71.60730799999865,21202435.999999553,23187078354.83432,10899722730.20794,2592.5983282753214,5786137082.583771,2719932581.156278,1010.6738877407024,2672004322.4713354,2543.895756853557,1125.8878806300236,2145.694316001357,5458422.665980647,2.2594574474236686,,,,,,,,,,
2120.395999999955,0.8173898525665216,0.2825876258366472,71.61187999999865,21203959.99999955,23221638220.097275,10960645367.119497,2592.7827103203435,5791114859.148581,2733414225.5497546,1010.6720956466921,2672011851.182049,2546.156024160227,1128.6738013428246,2145.697827908758,5463281.450557398,2.255882985084771,,,,,,,,,,
2120.548399999955,0.8197037066732988,0.2810734880672453,71.61645199999866,21205483.99999955,23191277407.33526,10907125075.935293,2592.620740532869,5851741073.652235,2752141276.276793,1010.6703034388795,2672019377.329707,2551.3767130511874,1131.932704185657,2147.976413229358,5480297.000896598,2.254000351449088,,,,,,,,,,
2120.700799999955,0.8264252965129175,0.2781819532840138,71.62102399999864,21207007.99999955,23103229673.275055,10751897074.941082,2592.150229244096,5960380798.95393,2773871955.74389,1010.6685111172677,2672026900.9144344,2558.8822814301766,1135.2743517674453,2152.210555812617,5507253.457175897,2.2539770033969284,,,,,,,,,,
2120.853199999955,0.8365749337628771,0.274627410395358,71.62559599999865,21208531.99999955,22970691761.611366,10518179215.308046,2591.4397546365985,6088103981.814636,2787716165.7435794,1010.6667186818603,2672034421.936362,2565.876436095712,1136.7563254106144,2157.316149349541,5535406.672824725,2.257191254395595,,,,,,,,,,
2121.005599999955,0.8486884049183563,0.2712270322674597,71.63016799999865,21210055.999999546,22813153692.387054,10240276304.956196,2590.591811655715,6202191881.386078,2784014845.9151483,1010.6649261326603,2672041940.395608,2569.667576585802,1134.7510771229204,2162.0729312957264,5555808.709764451,2.264520940663929,,,,,,,,,,
2121.157999999955,0.8607390046609333,0.26854492884407377,71.63473999999866,21211579.99999955,22657118125.09967,9964898090.812716,2589.7482696737347,6283216572.939914,2763441161.6758223,1010.6631334696707,2672049456.2923007,2569.6565453346075,1129.6051618681172,2165.69296413308,5565087.100469676,2.274827198102533,,,,,,,,,,
2121.310399999955,0.8704561756590267,0.2667953989082225,71.63931199999864,21213103.999999546,22531786461.85356,9743603814.593386,2589.068067703868,6329177763.389849,2736977855.839834,1010.6613406928952,2672056969.626571,2567.433017920931,1123.5964758988862,2167.9564153315537,5566082.882135734,2.285013412726276,,,,,,,,,,
2121.4627999999548,0.8761104514691541,0.26598042831685154,71.64388399999865,21214627.99999955,22459056616.005295,9615140505.253002,2588.6722683971593,6346397780.287177,2717011110.6180844,1010.6595478023368,2672064480.398537,2565.0930168356485,1119.233652540028,2168.9517690839084,5563563.03673046,2.2918297810419985,,,,,,,,,,
2121.6151999999547,0.8774449256081724,0.26605351978999847,71.64845599999865,21216151.999999546,22441912702.845455,9584853844.734629,2588.578855207428,6338174808.761401,2707009869.8251424,1010.6577547979987,2672071988.6083255,2563.277828080021,1117.2193066183581,2168.7673924925916,5559153.371439181,2.294337211051828,,,,,,,,,,
2121.7675999999547,0.8759768125064312,0.26694633389101485,71.65302799999864,21217675.99999955,22460773912.316902,9618174191.591446,2588.68162312455,6302268857.16347,2698763627.07163,1010.6559616798843,2672079494.256064,2560.664320690921,1115.8595574438793,2167.4334580159525,5550069.523413193,2.2947908664748846,,,,,,,,,,
2121.9199999999546,0.8742128091103419,0.26845667366763815,71.65759999999864,21219199.999999546,22483449415.93759,9658229666.836681,2588.805103362276,6239106236.247414,2680136834.464359,1010.6541684479969,2672086997.341878,2555.43002554692,1112.590882743581,2165.139952829715,5532863.644972296,2.2968281200052494,,,,,,,,,,
2122.0723999999545,0.8741298826280255,0.2701328650517082,71.66217199999863,21220723.999999546,22484515747.70217,9660113218.183193,2588.810908216038,6162678097.2388315,2647696255.2608604,1010.6523751023393,2672094497.8658905,2547.566324861927,1106.5121345336047,2162.4984221602335,5509108.157862462,2.3023392562574356,,,,,,,,,,
2122.2247999999545,0.875933529243069,0.2713175183451703,71.66674399999863,21222247.999999546,22461330131.14309,9619156774.495262,2588.684652952985,6102433947.264108,2613392372.6692524,1010.6505816429152,2672101995.8282294,2540.008221026911,1099.8197629801655,2160.536364861011,5487780.128574566,2.3094767947652515,,,,,,,,,,
2122.3771999999544,0.8779819828460935,0.2713586733652497,71.67131599999864,21223771.999999546,22435015432.604515,9572668461.984097,2588.541261200773,6093418848.227915,2599966049.023536,1010.6487880697277,2672109491.22902,2537.612007666299,1097.034096839278,2160.36645297892,5482171.852038758,2.3131569155211724,,,,,,,,,,
2122.5295999999544,0.8779132365877346,0.2699046792044642,71.67588799999862,21225295.99999954,22435898248.087776,9574228147.465174,2588.5460734388585,6159747677.8281355,2628592309.798509,1010.64699438278,2672116984.068386,2544.558074566476,1102.4708575335242,2162.6637286892083,5503023.453408168,2.3080501921467804,,,,,,,,,,
2122.6819999999543,0.874218208632117,0.26711628206451227,71.68045999999863,21226819.999999546,22483379985.864098,9658107026.400612,2588.8047253957516,6300770052.423184,2706599788.523929,1010.6452005820754,2672124474.3464575,2561.7933040346506,1117.5250152699853,2167.252620622825,5552053.251663102,2.2923811718127327,,,,,,,,,,
2122.8343999999543,0.8671449507669993,0.26367294239623645,71.68503199999863,21228343.99999954,22574445794.556087,9818937139.656382,2589.2998534463104,6486741956.473994,2821460694.603169,1010.6434066676171,2672131962.063354,2586.014626824162,1139.4677984103434,2173.0508630913846,5619541.31678719,2.269493381411811,,,,,,,,,,
2122.986799999954,0.8584213446685895,0.2605441414068807,71.68960399999864,21229867.99999954,22687075509.769943,10017778775.47825,2589.910505873199,6667309902.503132,2944039023.5431066,1010.6416126394084,2672139447.219203,2610.814768706752,1162.5157763290063,2178.441248035006,5687506.583129763,2.2458316883674354,,,,,,,,,,
2123.139199999954,0.8501840512192907,0.25861158957764707,71.69417599999862,21231391.99999954,22793750621.524353,10206040154.32905,2590.4871164146493,6791426991.56728,3040902646.1698823,1010.6398184974526,2672146929.814131,2629.4908551510666,1180.5430186896224,2181.9202954103325,5737339.463449983,2.2273570835815417,,,,,,,,,,
2123.291599999954,0.8439449151457561,0.2583411158741395,71.69874799999863,21232915.99999954,22874760852.508865,10348967673.928001,2590.9238559397972,6828642044.767553,3089404791.3237143,1010.6380242417525,2672154409.8482623,2637.883184637912,1189.7158943465379,2182.6710507788316,5757631.262445442,2.2172379113139384,,,,,,,,,,
2123.443999999954,0.840161987365222,0.25966342329635145,71.70331999999863,21234439.999999538,22923968812.508774,10435770344.627213,2591.1886608844343,6779371082.4430065,3086200311.8228564,1010.6362298723119,2672161887.3217235,2635.663861534312,1189.6149838923109,2180.777005948456,5747795.144643343,2.2155604100670137,,,,,,,,,,
2123.596399999954,0.8385244637089413,0.2620667043989839,71.70789199999862,21235963.99999954,22945290662.766815,10473378541.960712,2591.303287540374,6670052272.8106985,3044545539.846657,1010.6344353891338,2672169362.234635,2625.6665130258716,1182.5670598983647,2177.062610710974,5716240.393704483,2.2203108830475404,,,,,,,,,,
2123.748799999954,0.8384432440162659,0.2648496194211599,71.71246399999862,21237487.999999538,22946348539.94934,10475244408.176308,2591.3089729188614,6537652484.551398,2984505683.4279294,1010.6326407922215,2672176834.58713,2612.0477439250876,1172.0322886327508,2172.667447927086,5675111.105657423,2.2286482797945824,,,,,,,,,,
2123.901199999954,0.8393508674694982,0.26734283427913064,71.71703599999861,21239011.99999954,22934528636.804306,10454396374.679544,2591.245439277135,6416544549.61505,2924895520.6263375,1010.6308460815783,2672184304.3793306,2598.782621984999,1161.3349500121317,2168.67945402928,5635926.477787208,2.23775459608604,,,,,,,,,,
2124.053599999954,0.8406920683379959,0.2690726112131413,71.72160799999861,21240535.999999538,22917069475.442726,10423600619.268963,2591.1515552163405,6330644360.268032,2879430484.9829245,1010.6290512572072,2672191771.6113586,2588.8275054006326,1153.0190450132689,2165.876237994924,5607079.978214906,2.2452599691194526,,,,,,,,,,
2124.2059999999537,0.8418016089275375,0.26985021255993946,71.7261799999986,21242059.99999954,22902632431.839508,10398134438.646744,2591.0738873750724,6290423083.314922,2855945275.7641706,1010.6272563191114,2672199236.2833433,2583.815918801817,1148.6484054459625,2164.5900280449814,5592902.172142295,2.249440217347145,,,,,,,,,,
2124.3583999999537,0.8418722702819426,0.26977870840921414,71.7307519999986,21243583.999999538,22901713203.39675,10396512935.460438,2591.0689410802643,6293498043.566353,2857010444.508055,1010.6254612672947,2672206698.3954077,2584.091716909374,1148.833686844688,2164.6989403825573,5593780.601445066,2.249317500435309,,,,,,,,,,
2124.5107999999536,0.840040003435646,0.2691862235877165,71.73532399999861,21245107.999999538,22925556699.2678,10438571183.709007,2591.1971997595047,6327683350.538385,2881150235.478244,1010.6236661017598,2672214157.9476814,2588.977130692529,1153.4026334081107,2165.728579131484,5607021.762658637,2.244642985635066,,,,,,,,,,
2124.6631999999536,0.8356652416378804,0.26847966274728824,71.7398959999986,21246631.999999538,22982550671.460785,10539094167.380686,2591.503433085348,6376526918.970176,2924080038.832046,1010.6218708225101,2672221614.940284,2597.1870443887706,1161.6044573212955,2167.0688844056153,5628283.23087629,2.2358618099468934,,,,,,,,,,
2124.8155999999535,0.8285783083345577,0.2679779065033499,71.7444679999986,21248155.999999534,23075073288.48044,10702251717.306557,2591.999518416581,6425857829.2756815,2980321974.659359,1010.6200754295489,2672229069.3733444,2607.34918517665,1172.4098057887386,2168.2247658974825,5653319.076642633,2.2239230449139376,,,,,,,,,,
2124.9679999999535,0.8193778672180132,0.26781104568003594,71.7490399999986,21249679.999999534,23195551262.292686,10914659231.861002,2592.643549294739,6467326972.570016,3043198639.619134,1010.6182799228793,2672236521.2469835,2618.15232137134,1184.511846197185,2168.959707612021,5678666.893445315,2.2103217707588025,,,,,,,,,,
2125.1203999999534,0.8096276380440731,0.2679449235338429,71.75361199999861,21251203.999999534,23323681276.318417,11140508875.52992,2593.326065336915,6496662807.354622,3103117762.9813538,1010.6164843025048,2672243970.561333,2628.0316394204237,1196.0370114512245,2169.2470676703692,5700849.927557708,2.197282871900154,,,,,,,,,,
2125.2727999999533,0.8016376230465698,0.2682897351684959,71.7581839999986,21252727.99999953,23429031553.88826,11326176395.578377,2593.88536638674,6509491783.537606,3146850180.996032,1010.6146885684284,2672251417.3165154,2634.910064895713,1204.4734619400149,2169.11009553482,5715410.022591599,2.187603254165293,,,,,,,,,,
2125.4251999999533,0.7977214718308446,0.26882717053448707,71.7627559999986,21254251.99999953,23480783802.201157,11417376329.565735,2594.159496971841,6498112512.890928,3159664371.364847,1010.6128927206535,2672258861.5126524,2636.383195572919,1207.1044599404433,2168.459143941499,5716889.247373804,2.1840555503398553,,,,,,,,,,
2125.5775999999532,0.7991609732406515,0.2696385060546982,71.7673279999986,21255775.99999953,23461751698.750446,11383837651.393335,2594.058731873154,6454085642.961784,3131576196.485729,1010.611096759183,2672266303.149875,2630.687686940245,1202.1038492391492,2167.100277125178,5700964.015397998,2.188403014103393,,,,,,,,,,
2125.729999999953,0.8055181708099605,0.27083791578419664,71.7718999999986,21257299.99999953,23377825776.003475,11235935002.868446,2593.6137280433027,6374111162.044841,3063548313.0047364,1010.6093006840207,2672273742.228305,2617.777962261086,1189.5859962671257,2164.876108260159,5667164.967228989,2.2005790001526337,,,,,,,,,,
2125.882399999953,0.8148070451992517,0.2724498131019446,71.77647199999859,21258823.999999527,23255559119.27011,11020438225.101948,2592.9635068360526,6265111248.665024,2968936207.261192,1010.6075044951692,2672281178.7480674,2599.749736083237,1171.8919287388248,2161.8509097375386,5620271.332041472,2.218421061130658,,,,,,,,,,
2126.034799999953,0.8244294657142385,0.27433400940468766,71.78104399999859,21260347.99999953,23129350576.92224,10797950918.689913,2592.289937400003,6143709451.690891,2868194370.500011,1010.6057081926323,2672288612.7092867,2580.1517224787804,1152.7637716328304,2158.380161189382,5568948.290656812,2.238231098140887,,,,,,,,,,
2126.187199999953,0.8322893553716634,0.27623257195044015,71.78561599999858,21261871.999999527,23026594011.57704,10616765982.065071,2591.7397451239835,6029354282.741051,2779926697.3934665,1010.6039117764129,2672296044.1120906,2562.493499477193,1135.7825674345354,2154.9785272753816,5522118.4676561,2.2561479397110844,,,,,,,,,,
2126.339599999953,0.8373817273794442,0.2778927037556325,71.7901879999986,21263395.99999953,22960177567.053185,10499635360.861353,2591.383279083439,5936563496.161041,2714776565.828237,1010.6021152465146,2672303472.9566035,2549.016699387832,1123.1460994381903,2152.095727418821,5485727.947871778,2.2695326108178424,,,,,,,,,,
2126.491999999953,0.8398745061675947,0.27919485408760225,71.79475999999858,21264919.999999527,22927711120.216885,10442371301.802904,2591.2087845682686,5869443676.046974,2673224112.0334597,1010.6003186029404,2672310899.2429485,2540.052813334181,1115.0836307577918,2149.91103454345,5460887.571710289,2.2779034175293242,,,,,,,,,,
2126.644399999953,0.8409053875158953,0.28016105709457956,71.79933199999859,21266443.99999953,22914293369.38282,10418703790.184914,2591.136622873887,5822649099.979703,2647450448.021791,1010.5985218456932,2672318322.9712524,2534.264134977567,1110.10301523193,2148.3313977115686,5444439.211266656,2.2829089734956645,,,,,,,,,,
2126.796799999953,0.8423789505177287,0.280862380263672,71.80390399999858,21267967.999999527,22895122531.201496,10384886986.66459,2591.033473463759,5786432419.193957,2624639664.950854,1010.5967249747767,2672325744.141642,2529.3283755622106,1105.6147617258882,2147.1482464269648,5430842.986226364,2.287712196980687,,,,,,,,,,
2126.9491999999527,0.8465617918079449,0.281307681606782,71.80847599999859,21269491.999999527,22840760438.38428,10288984269.805466,2590.740674573444,5752882059.0294895,2591477335.9265437,1010.5949279901943,2672333162.754239,2522.8859517343244,1098.8419197506578,2146.2335380012923,5414702.442164517,2.295949859927806,,,,,,,,,,
2127.1015999999527,0.8553610292717191,0.2813991665487836,71.81304799999857,21271015.999999527,22726670442.384125,10087663691.45566,2590.12472795098,5720100787.911517,2538975217.50787,1010.5931308919489,2672340578.809172,2513.456881568213,1087.8028945865624,2145.6458530010996,5392988.334633912,2.3105811669341936,,,,,,,,,,
2127.2539999999526,0.8693833874155772,0.2809677399876141,71.81761999999858,21272539.999999527,22545601966.780003,9768002290.382988,2589.1431628809096,5693465973.347582,2466724496.8584723,1010.5913336800434,2672347992.306563,2501.1633217642107,1072.2197819715877,2145.621022977028,5366548.6050763475,2.3326964898605906,,,,,,,,,,
2127.4063999999526,0.8873977959208468,0.2798709450940762,71.82219199999858,21274063.999999523,22314301770.84148,9359348928.221836,2587.8821542855408,5682849643.842243,2383573246.8601017,1010.5895363544819,2672355403.246537,2487.7629551685513,1053.7910175439797,2146.4437786152657,5339843.317791065,2.3607744929983,,,,,,,,,,
2127.5587999999525,0.9066674861629588,0.2780778465148283,71.82676399999858,21275587.999999527,22068486007.081924,8924607355.09429,2586.533275968593,5697954532.578047,2304281631.0153823,1010.5877389152669,2672362811.6292214,2475.978275436231,1035.667966573298,2148.2977348001496,5319138.520534036,2.3907066312270624,,,,,,,,,,
2127.7111999999524,0.9240184506299185,0.2757133702455413,71.83133599999857,21277111.999999523,21848529083.678432,8535161039.910076,2585.3187084559054,5743418188.288459,2243675030.4262295,1010.5859413624021,2672370217.4547405,2468.3731177267696,1021.2810010569625,2151.1438300044683,5309825.602346834,2.4169382522265237,,,,,,,,,,
2127.8635999999524,0.937137360426208,0.2730248074030887,71.83590799999857,21278635.999999523,21683072219.973305,8241910555.069754,2584.4003847701656,5816414355.011548,2210865987.0196166,1010.5841436958905,2672377620.723219,2466.2931343519963,1012.9472857980248,2154.7095086630084,5314145.267738541,2.434769478067153,,,,,,,,,,
2128.0159999999523,0.94532960397592,0.27027700364594603,71.84047999999856,21280159.999999523,21580116112.739044,8059295952.102955,2583.8269277216855,5908483866.686966,2206578493.882439,1010.5823459157355,2672385021.43478,2469.48491648682,1011.0487243351964,2158.615096148954,5330667.420440588,2.442498424703124,,,,,,,,,,
2128.1683999999523,0.949437930334001,0.26766771729921784,71.84505199999856,21281683.999999523,21528589208.811813,7967860554.606539,2583.53934487662,6008865434.718518,2223917294.851611,1010.5805480219401,2672392419.5895534,2476.375427489832,1014.0989869531785,2162.5090543168035,5355184.283834406,2.4419464562626247,,,,,,,,,,
2128.320799999952,0.9510792705225095,0.26526464286613405,71.84962399999856,21283207.99999952,21508022811.87716,7931357245.296389,2583.4244510634244,6109411132.097617,2252923138.0719256,1010.5787500145076,2672399815.187658,2485.0349533250937,1019.8199444547442,2166.204097891149,5383092.899295558,2.4367389232162346,,,,,,,,,,
2128.473199999952,0.9515589855912713,0.2630754589293323,71.85419599999857,21284731.999999523,21502013950.012753,7920691257.414457,2583.390871008611,6205286182.6015005,2285839648.8137937,1010.5769518934416,2672407208.2292233,2494.045655114334,1026.4335288453801,2169.6221274269465,5411136.640149093,2.4298170169088777,,,,,,,,,,
2128.625599999952,0.9511622837157928,0.2611452454317695,71.85876799999855,21286255.99999952,21506982929.645668,7929511437.426043,2583.4186401398947,6293393738.354495,2320341155.7889576,1010.5751536587449,2672414598.7143703,2502.923165689718,1033.423264018463,2172.6780418370145,5438046.202499238,2.4219729251663153,,,,,,,,,,
2128.777999999952,0.9490828927443695,0.25962137876631375,71.86333999999857,21287779.999999523,21533039372.052155,7975758557.326843,2583.564197507894,6369933728.4199095,2359400016.2369146,1010.573355310421,2672421986.643229,2511.9738776482627,1041.4848912899008,2175.182146269801,5464000.730556622,2.4119158123716327,,,,,,,,,,
2128.930399999952,0.9441204067529686,0.25870546336560124,71.86791199999855,21289303.99999952,21595295204.646973,8086226191.677906,2583.9115715272924,6430063186.825671,2407697827.8243284,1010.571556848473,2672429372.015921,2521.7194820357668,1051.680337706699,2176.8799139981666,5489480.489181521,2.3978003501849665,,,,,,,,,,
2129.082799999952,0.935756138423787,0.2585279594313318,71.87248399999856,21290827.999999523,21700458259.02135,8272737724.908361,2584.497070310335,6469514039.729189,2466334683.786794,1010.5697582729041,2672436754.8325715,2532.1593672819167,1064.2353092189849,2177.592854036057,5514012.143473565,2.379322829591328,,,,,,,,,,
2129.235199999952,0.9247384020175199,0.25903678388293455,71.87705599999856,21292351.99999952,21839430149.0959,8519041274.634594,2585.268311858774,6487480406.007379,2530611511.8323255,1010.5679595837178,2672444135.0933065,2542.5608036078424,1078.0708930288172,2177.362997026119,5536077.811464709,2.358435627980431,,,,,,,,,,
2129.387599999952,0.9128924675666621,0.26001673528452207,71.88162799999856,21293875.99999952,21989423395.45543,8784672576.074146,2586.0975272703336,6486648369.688986,2591385913.9944363,1010.5661607809171,2672451512.7982497,2551.6707503704024,1091.1724572787964,2176.4330050173935,5553540.439043642,2.3384669704125844,,,,,,,,,,
2129.5399999999518,0.9021974270625209,0.2612088807129458,71.88619999999855,21295399.99999952,22125363433.447327,9025242733.247139,2586.8461801056237,6471395800.459474,2639772137.427112,1010.5643618645053,2672458887.9475293,2558.3474843983736,1101.648050547644,2175.107370674694,5564680.470061963,2.322291119315815,,,,,,,,,,
2129.6923999999517,0.8937863401032725,0.26247450822013124,71.89077199999855,21296923.999999516,22232624185.842373,9214950355.703894,2587.434956192771,6443965281.098809,2670886696.1830997,1010.5625628344854,2672466260.5412655,2561.963510463791,1108.5194037550552,2173.546150220154,5568545.925173083,2.311158020135024,,,,,,,,,,
2129.8447999999516,0.8874815259220977,0.2638824180141806,71.89534399999854,21298447.999999512,22313230107.945427,9357454655.873652,2587.876293185453,6401979113.420548,2684785168.7932544,1010.5607636908611,2672473630.5795856,2562.443535843887,1111.8848381391917,2171.6504572911026,5564731.676398006,2.30459436800334,,,,,,,,,,
2129.9971999999516,0.8820499720174647,0.26567870884893136,71.89991599999854,21299971.999999516,22382813687.14344,9480432942.13193,2588.2565019587773,6338772173.419586,2684841386.142354,1010.5589644336357,2672480998.0626144,2560.032742943773,1112.551040980801,2169.095857234959,5552956.417105187,2.3010474563817795,,,,,,,,,,
2130.1495999999515,0.8759318691456714,0.26815996241206447,71.90448799999854,21301495.999999512,22461351464.67182,9619194460.9886,2588.6847691598027,6246589593.109197,2675135559.345691,1010.5571650628118,2672488362.9904733,2555.0275742679187,1111.4614180351894,2165.4941301637123,5532897.214483607,2.298800059820903,,,,,,,,,,
2130.3019999999515,0.8680056862884363,0.2714788608916431,71.90905999999855,21303019.999999512,22563351897.76383,9799347236.152191,2589.2396019598095,6122797183.603231,2659153477.308,1010.555365578393,2672495725.3632913,2547.8204164936487,1109.3752320168805,2160.660203759389,5504974.180243498,2.296626373983154,,,,,,,,,,
2130.4543999999514,0.8580987718270108,0.27548737451195165,71.91363199999853,21304543.999999512,22691246965.01894,10025141801.061447,2589.9330859721094,5975147335.4498625,2639859299.5997276,1010.5535659803828,2672503085.1811934,2539.124756468666,1106.8365285401817,2154.833968651642,5471392.27588301,2.294037729146457,,,,,,,,,,
2130.6067999999514,0.8470568438140519,0.27965001505942877,71.91820399999854,21306067.999999512,22834331990.52484,10277642581.87661,2590.706020933016,5825164081.70009,2621883330.6506085,1010.5517662687839,2672510442.444302,2530.4681134628227,1104.6051935777987,2148.8158598199434,5437510.014977565,2.2908348866862345,,,,,,,,,,
2130.7591999999513,0.836449246562442,0.28312168494535256,71.92277599999854,21307591.99999951,22972330006.761658,10521068540.362907,2591.448552740629,5705209552.314797,2612921750.617786,1010.5499664435999,2672517797.152746,2524.3297316607636,1103.9891389651311,2143.861881260488,5411814.287440028,2.2865530489068453,,,,,,,,,,
2130.9115999999512,0.827971694206597,0.28499638732175303,71.92734799999855,21309115.999999512,23083004118.559708,10716235658.150925,2592.0419814055385,5649386706.72675,2622715785.274768,1010.5481665048342,2672525149.3066444,2523.6219308441378,1106.7120277370946,2141.3219575871403,5403887.053165008,2.2802877962790498,,,,,,,,,,
2131.063999999951,0.8228310573356384,0.2846641275408486,71.93191999999853,21310639.99999951,23150284091.048676,10834857156.22193,2592.401825986505,5680615772.232452,2658656809.9748917,1010.5463664524895,2672532498.9061236,2530.4158212996,1114.0657723962208,2142.1043217025267,5420414.666510321,2.2713343179523244,,,,,,,,,,
2131.216399999951,0.8212464192393525,0.2821234500708553,71.93649199999854,21312163.999999512,23171049557.395805,10871465678.82417,2592.5127506532453,5799344470.009201,2720954620.946815,1010.5445662865695,2672539845.9513116,2544.6585206131554,1125.966082464297,2146.202428577392,5461352.296840107,2.2599779515950416,,,,,,,,,,
2131.368799999951,0.8224245389296733,0.27808080935212065,71.94106399999853,21313687.99999951,23155610034.392967,10844246674.260738,2592.430282274923,5978508435.399511,2799858009.4122114,1010.5427660070771,2672547190.4423313,2563.607432649745,1140.4929847139604,2152.5377214471446,5518261.701760846,2.2478064021522295,,,,,,,,,,
2131.521199999951,0.8249882056327555,0.2737684577839132,71.94563599999853,21315211.999999512,23122035986.688625,10785054784.277657,2592.250825605707,6167928041.31921,2876971641.6584816,1010.5409656140158,2672554532.379307,2582.424299806715,1154.2994344858603,2159.2285565741727,5576044.293333722,2.2372221822641367,,,,,,,,,,
2131.673599999951,0.8276264903075141,0.27049004351887274,71.95020799999853,21316735.99999951,23087518084.92273,10724194750.757465,2592.0661456784737,6311226282.145025,2931576253.318558,1010.539165107389,2672561871.7623644,2595.9376624200586,1163.8419056200378,2164.2788438775297,5618332.962800621,2.230489940158213,,,,,,,,,,
2131.825999999951,0.8296461026205111,0.2691361111261782,71.95477999999852,21318259.99999951,23061117344.08345,10677643491.239355,2591.924772816564,6367453194.525656,2948226408.2811856,1010.5373644871993,2672569208.5916233,2600.495436108832,1166.593307640959,2166.316315554893,5633495.691768601,2.2291362543193873,,,,,,,,,,
2131.978399999951,0.8310749858491467,0.2698840619285296,71.95935199999852,21319783.99999951,23042450622.181175,10644727680.716902,2591.8247509905596,6327240908.997216,2922942422.7010274,1010.5355637534506,2672576542.8672175,2595.248085917673,1161.9171496896536,2165.060002055345,5618867.8262310475,2.23359134221477,,,,,,,,,,
2132.130799999951,0.8322350377868778,0.27223060024676676,71.96392399999853,21321307.99999951,23027303110.900936,10618016436.007576,2591.7435473549185,6213781426.898688,2865208878.469812,1010.5337629061457,2672583874.5892653,2582.3879120050246,1151.3878342127246,2161.2898586183683,5581288.805235123,2.2428480093944745,,,,,,,,,,
2132.2831999999507,0.8331611047855882,0.275278098808581,71.96849599999851,21322831.999999505,23015215533.0493,10596700442.934155,2591.678722665009,6070044250.981152,2794778980.480821,1010.5319619452883,2672591203.7578926,2566.34551221913,1138.4309421205332,2156.423648436738,5534128.152608825,2.2542829936077173,,,,,,,,,,
2132.4355999999507,0.8332807830307175,0.2781019270831838,71.97306799999852,21324355.99999951,23013653722.15599,10593946204.340113,2591.6703451878498,5940899363.163165,2734792528.7568293,1010.5301608708812,2672598530.3732233,2552.283088520283,1127.3165448445739,2151.9522129406405,5492391.240392195,2.2640340906840617,,,,,,,,,,
2132.5879999999506,0.8316544705915543,0.2800074886194778,71.97763999999852,21325879.999999505,23034883123.632225,10631383206.122456,2591.784187058591,5860208626.234558,2704685899.1616187,1010.5283596829278,2672605854.435384,2544.554901983661,1121.8585899248048,2149.0207139702175,5468301.192197343,2.268160109336254,,,,,,,,,,
2132.7403999999506,0.8276966977975473,0.2806149424712142,71.98221199999853,21327403.999999505,23086599988.73887,10722575956.012655,2592.0612311541718,5845967530.900651,2715160782.317092,1010.5265583814311,2672613175.9444976,2545.602615294994,1124.2281592028949,2148.2589699378186,5468613.652204641,2.264311380618582,,,,,,,,,,
2132.8927999999505,0.8218695998842107,0.27983398248170566,71.98678399999851,21328927.999999505,23162881791.06183,10857066466.209137,2592.469128008105,5900635657.160566,2765786835.1854634,1010.5247569663949,2672620494.9006915,2555.449386106719,1134.2573510697728,2149.7873345949865,5493672.724450758,2.252971412260676,,,,,,,,,,
2133.0451999999505,0.8159175499173064,0.2777893192404009,71.99135599999852,21330451.999999505,23240970454.963665,10994722974.439762,2592.885771505789,6013903981.048487,2845027852.6293974,1010.5229554378219,2672627811.304087,2571.8069857331916,1149.4464518949023,2153.3222820389446,5537929.287482696,2.2374308794406894,,,,,,,,,,
2133.1975999999504,0.812245537554791,0.27476103309147665,71.99592799999851,21331975.9999995,23289232761.963955,11079792132.869682,2593.142812371165,6166318444.666022,2933610020.1447053,1010.5211537957157,2672635125.1548095,2590.8656905918756,1165.8569868581524,2158.300050468028,5591865.550760328,2.222284310851843,,,,,,,,,,
2133.3499999999503,0.8127845881677636,0.2711460512479404,72.00049999999851,21333499.999999505,23282143696.31351,11067297035.128326,2593.1050788282564,6333507775.22978,3010668293.1375237,1010.5193520400793,2672642436.452983,2608.527614380364,1179.5151072637598,2163.99320824829,5644836.041047222,2.211525395746417,,,,,,,,,,
2133.5023999999503,0.8179300003420139,0.26743647044869345,72.00507199999852,21335023.99999951,23214548420.120487,10948147656.556522,2592.744899976059,6490432090.413405,3060934358.693417,1010.517550170916,2672649745.198736,2621.6678641354965,1187.7832917922833,2169.5996020967814,5687969.5548582915,2.2071937551668874,,,,,,,,,,
2133.6547999999502,0.826199874209686,0.2642210422088646,72.0096439999985,21336547.999999505,23106178971.63056,10757097112.782928,2592.166008805322,6613260447.815203,3078807835.627799,1010.5157481882289,2672657051.3921876,2628.719041620723,1189.9685425382493,2174.260728535151,5715520.5785484975,2.209065994310709,,,,,,,,,,
2133.80719999995,0.8348457466244931,0.2620865487214059,72.01421599999851,21338071.999999505,22993237148.433033,10557940846.576115,2591.5607977362856,6683037243.375322,3068689781.9357414,1010.5139460920216,2672664355.033466,2629.7425836656103,1187.2122238727293,2177.189685021996,5725448.42741986,2.2150568624430895,,,,,,,,,,
2133.95959999995,0.841110558346023,0.2614327968549304,72.01878799999851,21339595.999999505,22911623508.88942,10413994336.194511,2591.122260915778,6690626821.202784,3041083046.54026,1010.5121438822972,2672671656.1226983,2625.978000521289,1181.6674659633297,2177.8989372825163,5719114.6966625815,2.2222647878187245,,,,,,,,,,
2134.11199999995,0.8433804126195794,0.262255510421108,72.0233599999985,21341119.999999505,22882099537.68382,10361913815.669468,2590.9633711166293,6642664421.690506,3008059471.580207,1010.5103415590588,2672678954.6600018,2619.4080427550043,1175.6167994995194,2176.4808551534225,5701091.456891164,2.2281138240540046,,,,,,,,,,
2134.26439999995,0.8416813976632959,0.26406483822898275,72.0279319999985,21342643.9999995,22904196305.947968,10400893076.628017,2591.0823021635692,6562868119.95216,2980226360.263375,1010.5085391223099,2672686250.645506,2612.41660027952,1170.9112787297488,2173.7083471171045,5678631.7701748805,2.231096965018198,,,,,,,,,,
2134.41679999995,0.8372037677244321,0.2661080711304696,72.03250399999851,21344167.9999995,22962496483.10886,10503725267.7537,2591.3957362592896,6482621653.474606,2965342941.390389,1010.5067365720532,2672693544.0793343,2607.287590891172,1168.790622619069,2170.7084138811415,5659661.1109553585,2.2307567672374597,,,,,,,,,,
2134.56919999995,0.8312757841869285,0.2677429357993927,72.03707599999849,21345691.999999497,23039828210.994522,10640103364.584879,2591.8106951069153,6427120663.732234,2968130993.5348024,1010.5049339082925,2672700834.9616103,2605.6654536660235,1169.9548550357301,2168.427248207103,5650195.969441327,2.2271504258909607,,,,,,,,,,
2134.72159999995,0.8244781011482916,0.26876334134221985,72.0416479999985,21347215.999999497,23128713819.171207,10796828277.586138,2592.2865329196197,6403690819.042575,2989338302.878234,1010.5031311310306,2672708123.292459,2607.948282856689,1174.470008568171,2167.1611405752556,5651844.175236981,2.220532038988472,,,,,,,,,,
2134.87399999995,0.8166379960998659,0.26940091952275574,72.0462199999985,21348739.999999497,23231509223.924458,10978045465.231606,2592.835340273009,6401975526.889683,3025252372.7178893,1010.5013282402713,2672715409.072007,2613.2017614945617,1181.6697991317737,2166.553102439258,5661640.383665777,2.2114483787387975,,,,,,,,,,
2135.0263999999497,0.8077020260333737,0.2700315760500867,72.0507919999985,21350263.999999497,23349041807.283005,11185205940.202106,2593.460858177664,6404432972.314881,3068001775.696781,1010.4995252360173,2672722692.3003755,2619.608041714365,1190.1383311015043,2166.011314617085,5674100.658215219,2.2010954300495884,,,,,,,,,,
2135.1787999999497,0.7986799172539086,0.2707828122126872,72.05536399999849,21351787.999999493,23468110729.357784,11395043695.423403,2594.0924057922266,6401346101.966423,3108201566.911211,1010.4977221182722,2672729972.9776907,2625.4261500057155,1198.1117745828726,2165.2821839419325,5684788.467862636,2.1913031869833413,,,,,,,,,,
2135.3311999999496,0.7918281929280926,0.2713427643862591,72.05993599999849,21353311.999999497,23558810038.924213,11554870654.963617,2594.5720264950332,6399402226.459393,3138709674.794808,1010.4959188870388,2672737251.1040764,2629.850104525248,1204.12689553433,2164.744436458455,5692953.382490716,2.184030698324577,,,,,,,,,,
2135.4835999999495,0.7896814850859816,0.2711111022061206,72.06450799999848,21354835.999999493,23587276030.054398,11605030635.480259,2594.7222960439813,6418180851.905356,3157769693.9447174,1010.4941155423209,2672744526.679661,2633.3273848043527,1207.6446626319166,2165.220447882179,5701734.299546488,2.1805481912745193,,,,,,,,,,
2135.6359999999495,0.7936406304736139,0.2695567955076179,72.0690799999985,21356359.999999497,23534794843.17908,11512552874.033497,2594.445155866847,6478089618.618336,3168897360.441018,1010.4923120841214,2672751799.704558,2637.1013728205585,1209.1398837132776,2167.479903061597,5715864.227924708,2.180972944769633,,,,,,,,,,
2135.7883999999494,0.8030709150079672,0.2665578817041686,72.07365199999848,21357883.999999493,23410109760.979195,11292830545.912266,2593.7850359494423,6587324484.247219,3177667251.9296722,1010.4905085124436,2672759070.178906,2642.268597807941,1209.6222143941707,2171.7454006020334,5738334.67444458,2.1843750605483874,,,,,,,,,,
2135.9407999999494,0.8155048206473797,0.26255414283123435,72.07822399999849,21359407.999999497,23246391756.665436,11004279102.1079,2592.914662554683,6733938751.39345,3187683587.7372756,1010.4887048272906,2672766338.1028194,2648.9079291184157,1209.941264153969,2177.4421716296724,5767843.833626661,2.189286379095947,,,,,,,,,,
2136.0931999999493,0.8277935629176003,0.2584090567617651,72.08279599999848,21360931.999999493,23085333332.62703,10720342572.430199,2592.054450595768,6888186325.854047,3198728649.5672855,1010.4869010286659,2672773603.476424,2655.919458153768,1210.3910946726965,2183.3630719071166,5798836.466892496,2.194265531069492,,,,,,,,,,
2136.2455999999493,0.8374141109320811,0.2551021958059354,72.08736799999848,21362455.999999493,22959755607.11879,10498891141.29193,2591.381012234754,7012126300.140436,3206460554.4554863,1010.4850971165727,2672780866.2998476,2661.354529914156,1210.5431139533732,2188.0909929474724,5823285.875945119,2.1984797561011646,,,,,,,,,,
2136.397999999949,0.8434112927206919,0.2533299395820484,72.09193999999847,21363979.999999493,22881698049.009705,10361205557.981295,2590.9612095095517,7075220173.399107,3203774930.844212,1010.4832930910139,2672788126.5732136,2663.160357055668,1209.3487381616826,2190.578834432482,5833862.7108657975,2.2021442393067763,,,,,,,,,,
2136.550399999949,0.8465462910438166,0.2532297474486193,72.09651199999848,21365503.999999493,22840961740.65439,10289339423.345398,2590.741759626933,7067545009.640302,3183770032.0878243,1010.4814889519931,2672795384.2966475,2660.0217067812055,1205.5687858952926,2190.572850380831,5826971.332298588,2.2064454039474746,,,,,,,,,,
2136.702799999949,0.8487542971017455,0.2543403862514979,72.10108399999847,21367027.99999949,22812298649.429737,10238767647.769295,2590.587199202878,7004285467.125347,3143710002.1630826,1010.4796846995134,2672802639.4702673,2652.0465378716913,1198.4720681068559,2188.702043645198,5804539.677281943,2.2128563597322275,,,,,,,,,,
2136.855199999949,0.8521916611634557,0.2558804708208985,72.10565599999848,21368551.999999493,22767722331.037117,10160110889.380974,2590.346583718558,6915649541.495132,3086113103.1057587,1010.4778803335781,2672809892.094205,2640.594321361889,1188.1519802995833,2186.089036061207,5772574.294614709,2.2224381772238293,,,,,,,,,,
2137.007599999949,0.8082621727822588,0.2615960113601589,72.11022799999847,21370075.99999949,23341662708.435913,11172200680.906006,2593.421647905242,6808235987.0054,3258678684.543778,1010.4760758541904,2672817142.1685805,2661.7998074570646,1222.810983748889,2179.329400056462,5800938.57745581,2.1767876170825105,,,,,,,,,,
2137.159999999949,0.8169419310498428,0.2625728387916836,72.11479999999847,21371599.99999949,23227518575.817772,10971010989.87593,2592.8140648265107,6727566364.264452,3177619007.236824,1010.4742712613535,2672824389.6935186,2647.2301352537293,1208.059497373897,2177.334613297061,5763905.802851005,2.191307746852145,,,,,,,,,,
2137.312399999949,0.8267546605800642,0.26361670964598505,72.11937199999846,21373123.99999949,23098920902.611282,10744300035.31425,2592.1271737593956,6640146929.100884,3088617480.6878185,1010.4724665550706,2672831634.669145,2631.146589390238,1191.6118265112248,2175.1765640501076,5723208.397822018,2.208056794043117,,,,,,,,,,
2137.464799999949,0.8352248089492555,0.26534189183727597,72.12394399999847,21374647.99999949,22988293654.549225,10549222556.880772,2591.534263373552,6526219199.751827,2994852068.0892773,1010.4706617353452,2672838877.0955815,2613.260835266539,1174.2392467531597,2172.011856199813,5676033.517541548,2.225492668970449,,,,,,,,,,
2137.6171999999488,0.8397860642254447,0.2680991762996975,72.12851599999846,21376171.999999486,22928862498.864395,10444402175.19024,2591.214975504219,6379455470.784761,2905926911.9387684,1010.4688568021802,2672846116.972958,2594.695944749776,1157.8998062150758,2167.4182431412587,5623791.326055308,2.2408639597507802,,,,,,,,,,
2137.7695999999487,0.8387980178164638,0.27170253270078676,72.13308799999847,21377695.99999949,22941727883.32623,10467094534.003365,2591.284138752848,6215113802.313204,2835627030.328522,1010.467051755579,2672853354.301391,2578.0450763856184,1145.3008862168679,2161.77213247901,5573146.002405151,2.2509762346394044,,,,,,,,,,
2137.9219999999486,0.8323048890563325,0.2754968549834054,72.13765999999846,21379219.999999486,23026391226.7228,10616408382.818657,2591.7386577660563,6062964431.465799,2795353634.930218,1010.4652465955448,2672860589.081012,2566.2066535027957,1138.6326851322656,2156.1028061196994,5533005.366700421,2.253761627442392,,,,,,,,,,
2138.0743999999486,0.8222241639053921,0.2786751308411448,72.14223199999846,21380743.99999949,23158235515.95489,10848875304.532995,2592.4443085266225,5952096474.460309,2788362369.2954645,1010.4634413220809,2672867821.31194,2560.9044158002557,1138.40106584647,2151.585583370209,5510005.021424937,2.2495625598312916,,,,,,,,,,
2138.2267999999485,0.8117688486976282,0.28060010617004666,72.14680399999845,21382267.999999486,23295502904.616524,11090843701.07312,2593.176180591166,5899540180.39098,2808734300.2133894,1010.4616359351905,2672875050.994301,2561.982942365822,1143.2215984661732,2149.0663113238224,5505871.23162467,2.2410204161670486,,,,,,,,,,
2138.3791999999485,0.8043602314291477,0.2809866846789382,72.15137599999846,21383791.99999949,23393097476.801903,11262849267.952381,2593.6947837999596,5906621381.449974,2843804090.848019,1010.4598304348768,2672882278.12822,2567.5794767925036,1150.4006727773908,2148.8268431860915,5517283.701745432,2.231900187083205,,,,,,,,,,
2138.5315999999484,0.8024015104845716,0.27990269392935085,72.15594799999845,21385315.999999486,23418945710.510033,11308402205.911955,2593.83189426608,5962717626.164555,2879241874.9529114,1010.458024821143,2672889502.713819,2575.079117849356,1157.0578841412607,2150.6412827111017,5538071.4570941115,2.22554044455651,,,,,,,,,,
2138.6839999999484,0.8064400688405289,0.27769460670902635,72.16051999999846,21386839.999999486,23365671939.460632,11214515209.679903,2593.5491951811628,6050538472.543587,2903997621.0784626,1010.4562190939926,2672896724.751224,2582.128850258167,1161.1332239518738,2153.932813802814,5561732.0600379985,2.2238006776431627,,,,,,,,,,
2138.8363999999483,0.8148939144265913,0.27489437750816387,72.16509199999845,21388363.999999486,23254417701.998264,11018426284.766043,2592.9574259901383,6150914727.7565975,2914431200.9947276,1010.4544132534286,2672903944.2405586,2587.4619450638165,1162.1377240864354,2157.9362453990866,5583577.91484403,2.226467561835529,,,,,,,,,,
2138.9887999999482,0.8241981398595261,0.2721629912702101,72.16966399999845,21389887.999999482,23132379360.252594,10803290821.462593,2592.306130209833,6245286026.510577,2916675373.374716,1010.4526072994541,2672911161.1819477,2591.321241421869,1161.5499323371585,2161.7841436632243,5601877.170843499,2.230916785650242,,,,,,,,,,
2139.141199999948,0.829021194322455,0.2702165534715639,72.17423599999844,21391411.99999948,23069284152.50368,10692043943.986088,2591.968516397428,6319036783.392132,2928717619.716891,1010.4508012320728,2672918375.5755177,2595.859130023618,1163.183660118226,2164.6162501512235,5619038.855952541,2.2316846591189003,,,,,,,,,,
2139.293599999948,0.8224690421081209,0.26977642952398023,72.17880799999845,21392935.999999482,23155026943.017574,10843218701.89446,2592.4271670524313,6363217080.420757,2979817497.9640427,1010.4489950512874,2672925587.4213862,2605.0868709992155,1173.0081365639292,2165.6467442250896,5641697.900602977,2.2208600177576328,,,,,,,,,,
2139.445999999948,0.7964557073448798,0.2715440694588787,72.18337999999844,21394459.99999948,23497527519.334652,11446881961.970678,2594.2481004858582,6373201061.83463,3104721559.0958877,1010.4471887571013,2672932796.719684,2623.9305662794377,1197.7467600234224,2164.1763557023496,5678648.490546636,2.1907223244988163,,,,,,,,,,
2139.598399999948,0.7429061904885564,0.27616638237596575,72.18795199999845,21395983.99999948,24213499595.99076,12708626937.218805,2597.996566665801,6343317969.242577,3329335410.425695,1010.4453823495184,2672940003.470531,2655.85630013006,1241.6388791189067,2159.5682992564934,5735503.073141517,2.138992540258333,,,,,,,,,,
2139.750799999948,0.6569578508814525,0.2840845660372812,72.19252399999844,21397507.99999948,25395942977.316376,14798074322.668945,2604.0129504382985,6259955515.56626,3647641162.9484534,1010.4435758285408,2672947207.674052,2699.239902701479,1302.1323019416998,2151.3044862019838,5806886.912017098,2.0729382864371426,,,,,,,,,,
2139.903199999948,0.5423729107444746,0.295144271437789,72.19709599999844,21399031.99999948,27044809784.645943,17750331764.210453,2612.033896247887,6103369234.717086,4005826983.379607,1010.4417691941725,2672954409.3303733,2745.3186749459674,1368.3805196957508,2139.3331547681196,5873151.2617159905,2.006253841991531,,,,,,,,,,
2140.055599999948,0.41532038502226226,0.3082172162919894,72.20166799999843,21400555.999999475,28988043029.039787,21369064873.17369,2620.927573048442,5864463590.113579,4323096346.240426,1010.4399624464166,2672961608.4396167,2781.921722710811,1426.4752076065886,2124.5475648359484,5910325.02154948,1.9502068510384127,,,,,,,,,,
2140.207999999948,0.2990235393318603,0.32150255425203145,72.20623999999845,21402079.99999948,30896011095.009674,25237747581.794666,2629.06835224677,5560156413.302165,4541875119.176218,1010.4381555852761,2672968805.0019045,2801.1424316024595,1467.617258052916,2108.6746096306315,5906697.923479114,1.9086327966180556,,,,,,,,,,
2140.3603999999477,0.2109266045546612,0.3334407512719206,72.21081199999843,21403603.999999475,32441233634.860016,28822722047.521423,2635.235137681174,5226897999.968717,4643887156.681921,1010.4363486107546,2672975999.017369,2801.785731863698,1489.3898533532808,2093.4610087878264,5865429.184634715,1.881163434513555,,,,,,,,,,
2140.5127999999477,0.15521342400625024,0.3432308880114026,72.21538399999844,21405127.99999948,33470675446.860275,31607291395.408203,2639.1350603195624,4905005551.237579,4631933406.907209,1010.434541522855,2672983190.486125,2786.5163311061956,1492.235983407979,2080.1147349483367,5796273.679508176,1.8673429417928458,2651.06014707291,1513.619639001079,2021.7562712953018,2500.3788285072114,1612.4660165429952,1781.480881844868,5359797.4779257,1.7514705007543974,4454377.080355265,1.5506552093840922
2140.6651999999476,0.12588920739395718,0.3505714499853153,72.21995599999843,21406651.999999475,34030702227.373497,33325242071.854042,2641.187755482423,4633079628.614224,4537035384.405031,1010.4327343215806,2672990379.408298,2761.831036460508,1480.6562660213342,2069.491603143233,5715586.139255394,1.8652749458737061,2622.8543544994295,1502.451581131051,2009.884940669155,2467.069536970262,1603.534822319652,1764.4744552942238,5271635.468676921,1.7457163927538586,4353081.177418577,1.5385194650163145
2140.8175999999476,0.11353826631501757,0.35524704485258835,72.22452799999843,21408175.99999948,34270584798.357773,34118205044.896484,2642.052321357949,4446714304.774625,4426942560.771388,1010.4309270069349,2672997565.784017,2738.670805672072,1465.085615019062,2062.4236426964912,5648299.419180729,1.8692906254740886,2596.920861776787,1487.0224737863484,2002.0218945460867,2436.2093809221483,1588.980715095216,1753.3419928541955,5199092.423680619,1.7463897873475625,4271508.2109561255,1.5331900241320198
2140.9699999999475,0.10996565976439614,0.3570201083024501,72.22909999999843,21409699.999999475,34340429511.095177,34356443052.57334,2642.302403816492,4374191151.349108,4376230913.007094,1010.4291195789208,2673004749.6134014,2728.532205095192,1457.6360389560439,2059.69082714212,5619932.754396427,1.8718885456820629,2585.6236159093546,1479.60256470585,1998.9875014092613,2422.706788052358,1581.7815647680352,1749.070078336861,5168629.29155142,1.7475122560519387,4237483.951565983,1.5316317006183107
2141.1223999999474,0.11000253857654307,0.35582399498286316,72.23367199999842,21411223.999999475,34339707469.12715,34353962362.39032,2642.299822299642,4429036928.252115,4430875483.479403,1010.427312037542,2673011930.8965807,2738.3141288014176,1466.0146558754732,2061.6404263954682,5645419.10810689,1.8678627241732135,2596.405169199494,1488.0105030955967,2001.1403653913262,2435.643493198077,1590.266113568944,1752.0638783491677,5195771.188995804,1.7448836307257496,4267402.984968537,1.5315949151000272
2141.2747999999474,0.11149579805738614,0.3520067941069062,72.23824399999842,21412747.999999475,34310489853.13608,34253895094.053745,2642.1952941359827,4603188454.478308,4595595547.973419,1010.425504382801,2673019109.63367,2767.91282119607,1490.7901140287083,2067.8012417244645,5723493.5686543,1.8566750578430304,2629.0427995242403,1512.8450252979087,2007.9501054201646,2474.655693023824,1615.189577850839,1761.5492619799734,5278986.766458823,1.7378136924544076,4359227.909700656,1.5321146984594745
2141.4271999999473,0.11426927071433651,0.34641404142775695,72.24281599999843,21414271.999999475,34256319074.414585,34069968029.017708,2642.0011510499967,4863721721.109345,4837263547.793077,1010.4236966147017,2673026285.824802,2810.727766569453,1526.1687512281226,2076.799811156654,5837318.894824203,1.8416887151618282,2676.184125171866,1548.2821569146695,2017.8994965924053,2530.663420263589,1650.6297929879722,1775.4170668022202,5400270.598972895,1.7284860599987903,4492983.026668056,1.5331502139450537
2141.5795999999473,0.11864555511761846,0.3402051958827021,72.24738799999841,21415795.99999947,34171094679.114586,33784704995.16704,2641.694811141767,5158636484.851442,5100305198.139686,1010.4218887332472,2673033459.4700947,2856.7378735966527,1563.3824585840064,2086.7272870356283,5961232.872742273,1.8272802396568206,2726.780221750721,1585.5123483871912,2028.882551263494,2590.341888213112,1687.6432353320151,1790.7496659919943,5532316.813040439,1.7198101449821226,4638653.871122702,1.5348871337155012
2141.731999999947,0.12424620347446405,0.3344853299232971,72.25195999999842,21417319.999999475,34062473112.583244,33428113899.4587,2641.3027657567877,5433854727.857492,5332657853.572889,1010.4200807384404,2673040630.569676,2897.0822926183405,1595.13451253137,2095.796432792233,6071694.734375062,1.8161993674256773,2771.1222667801203,1617.2282767814638,2038.924138766963,2642.2881373627006,1718.9273062824345,1804.798405481405,5650108.081212611,1.713500998322318,4768797.417134634,1.537172705154845
2141.884399999947,0.12963250633178902,0.3299290559234331,72.25653199999842,21418843.99999947,33958476330.513504,33093705603.70389,2640.925724556775,5655447602.716299,5511428610.63213,1010.4182726302851,2673047799.1236663,2927.9395166940417,1618.8818263754845,2102.9739402665455,6157380.502284193,1.8086184358801576,2805.0276032195206,1640.9158127271442,2046.876246449094,2681.7965550264526,1742.13166953309,1815.943094128781,5741544.3716640705,1.7094281019558608,4869989.933958642,1.5393765017458199
2142.036799999947,0.13291410134639361,0.3266366572973458,72.26110399999841,21420367.99999947,33895339079.387917,32893883237.455406,2640.696012905753,5820348012.021304,5648382730.745697,1010.4164644087839,2673054965.132193,2951.035476058492,1636.8447804800987,2108.186950724477,6221334.481751507,1.802880463224455,2830.347229122386,1658.8408292173913,2052.6489633437936,2711.2016941057987,1759.7331850075736,1824.0236645922996,5809709.305761045,1.7062198972144234,4945296.049531709,1.5406890755964973
2142.189199999947,0.13285825851927852,0.3242921209866705,72.26567599999841,21421891.99999947,33896412083.170868,32897259498.757824,2640.69992190365,5947297163.493433,5771990782.493685,1010.4146560739405,2673062128.5953774,2970.7728504925863,1653.1592835510555,2112.011255234416,6274305.69698517,1.797027594407746,2851.8499257290086,1675.1712130592982,2056.8718111266635,2736.134643078907,1776.0296835487695,1829.8908635953976,5865889.721795667,1.7024229544398564,5006827.784936947,1.54059060410055
2142.341599999947,0.12978703618169224,0.32251052447814094,72.27024799999842,21423415.99999947,33955499439.016598,33084230673.996918,2640.914907467282,6055186278.34781,5899815432.45066,1010.4128476257576,2673069289.5133457,2990.0648507383808,1670.1588581257197,2115.0608329851025,6324169.053882196,1.7902876940064743,2872.7243729527727,1692.2400487913324,2060.2242166831256,2760.312068947745,1793.3337295696372,1834.4935610324962,5918456.32101315,1.6975868021824627,5063774.716924926,1.5392071333037174
2142.493999999947,0.1255015196622892,0.32114259600577233,72.2748199999984,21424939.999999467,34038195135.284008,33349446534.94937,2641.21489362364,6145595573.961464,6021242025.456156,1010.4110390642394,2673076447.886221,3007.756560867682,1686.2886467471058,2117.494310194214,6368907.404086634,1.783654635088555,2891.7872862970817,1708.4606765406836,2062.8901865141643,2782.359082396632,1809.9062571005509,1838.1202570490682,5965439.614388675,1.692627360995171,5114310.591737706,1.5372945816839925
2142.646399999947,0.12237417777642315,0.32033883688028825,72.27939199999841,21426463.99999947,34098724609.216022,33546274093.36012,2641.4338075556507,6201304307.798104,6100833870.763149,1010.4092303893883,2673083603.714127,3019.1347682690275,1696.8127065780734,2118.9532915830464,6397405.554956473,1.7792975951704495,2904.0212012241172,1719.0505844433171,2064.4857350666352,2796.488667975344,1820.7589460386853,1840.2816434355761,5995310.344258265,1.6893168982369016,5146326.761750631,1.535891763190012
2142.798799999947,0.12198747346151212,0.32036496726171343,72.2839639999984,21427987.999999467,34106220001.354866,33570810022.159492,2641.4608768576945,6201208475.687765,6103859989.082616,1010.4074216012078,2673090756.9971848,3019.4814793730766,1697.2434113356614,2118.9284900623456,6398065.3318592105,1.779050346701224,2904.380231155373,1719.4890898777896,2064.456393976171,2796.905554563518,1821.2323986088097,1840.2372952258795,5995966.3387466995,1.6890948876923657,5146969.912732206,1.5357213921188744
2142.9511999999468,0.12433134436774763,0.3213308193263561,72.2885359999984,21429511.99999947,34060825690.221058,33422764051.68532,2641.296805894258,6139232657.392658,6024226377.616749,1010.4056126997012,2673097907.7355227,3007.858627986478,1686.8073052217273,2117.2412025529125,6368362.218627244,1.7831667071130577,2891.8451852381027,1709.0022373264705,2062.604784463794,2782.43634975157,1810.5553208537972,1837.7129902155748,5964733.715000697,1.69212486799435,5113319.424386467,1.5367861548905706
2143.1035999999467,0.1277635882822956,0.3230322498758617,72.2931079999984,21431035.999999467,33994509097.6736,33208817263.99939,2641.056548820239,6033459730.981157,5894012503.612355,1010.4038036848715,2673105055.929261,2988.5376020488147,1669.6363862046735,2114.3031237929113,6318674.387584385,1.7899332014692106,2870.971926455386,1691.755373372302,2059.377311290186,2758.304589724311,1793.0359202262853,1833.2980349163204,5912414.446693298,1.6970372736174402,5056794.384042246,1.538343185771876
2143.2559999999467,0.12964496532336786,0.325054814476505,72.29767999999841,21432559.99999947,33958236304.37435,33092941444.314053,2640.9248524273644,5916663241.196708,5765899866.873415,1010.4019945567222,2673112201.578526,2968.844140618832,1652.7155705922726,2110.915547362522,6266979.254128418,1.7963430571147263,2849.60811760531,1674.786348011669,2055.645736303034,2733.565324906399,1775.9352519769618,1828.1542650845608,5857784.77708987,1.7014756067174817,4997379.107614896,1.5392257808179708
2143.4083999999466,0.12723231348879682,0.32703470808086504,72.30225199999839,21434083.999999467,34004762077.034332,33241716624.330727,2641.093738055784,5817699802.888591,5687154281.948544,1010.4001853152564,2673119344.6834416,2955.5489736414183,1642.6035952776633,2107.8003480659368,6229707.155367304,1.7993075031239152,2835.025093483078,1664.708971968556,2052.1937927280933,2716.685561292218,1766.1031023339813,1823.3200311294136,5818020.899074355,1.7030154466763021,4953387.202184156,1.5382372397749606
2143.5607999999465,0.1184107854293266,0.32886089062269225,72.3068239999984,21435607.999999467,34175658821.32794,33799857725.969063,2641.711245019947,5748663271.1715975,5685450036.118834,1010.3983759604773,2673126485.244129,2952.532604877661,1643.357324119974,2105.2362420167906,6215778.645524693,1.7966467557253605,2831.385308344745,1665.6265397464717,2049.3190771806335,2712.574512213035,1767.8511882087598,1819.17063810476,5802411.927239857,1.6998920470946122,4934635.906289295,1.5343907509327737
2143.7131999999465,0.10224407030518826,0.33070015292696986,72.3113959999984,21437131.999999464,34492098949.734116,34886088444.35193,2642.842915078637,5702957131.955721,5768099737.5571,1010.3965664923882,2673133623.2607164,2960.369749291279,1656.1417380947887,2102.992657956091,6225635.847594873,1.787509897973384,2839.28006244538,1678.7369055357403,2046.7626585663052,2721.983901275226,1782.536934514183,1815.3304258040498,5811332.409025011,1.691319260976914,4941300.194533724,1.5270280511842982
2143.8655999999464,0.07935152768682215,0.33279581482841386,72.31596799999839,21438655.999999464,34947619101.0932,36590392163.13088,2644.4453930619225,5665250807.067214,5931555684.335552,1010.3947569109923,2673140758.7333226,2977.773950492103,1680.3837450608228,2100.640180133186,6255231.607757639,1.7720797164604327,2857.3086359008453,1703.484358490454,2044.0537486042924,2743.3236151208293,1809.6979623261395,1811.158327537038,5840492.428132541,1.6773318884083297,4968593.410655103,1.5159013670958834
2144.0179999999464,0.05213113687316687,0.3352058137793399,72.32053999999839,21440179.99999946,35501136148.01893,38942914707.17981,2646.3508204188784,5624543731.894306,6169834280.928659,1010.3929472162931,2673147891.6620765,3003.207064280795,1714.8940595790978,2097.9682302232877,6300633.009643255,1.7512493249978949,2883.8486966246514,1738.6743014250098,2040.9719174149782,2774.7198461784355,1848.1217729836765,1806.393376409825,5885854.2038847,1.658648025257555,5012235.551529614,1.5013728460645885
2144.1703999999463,0.02450155608885092,0.33766607305800495,72.3251119999984,21441703.999999464,36076929885.646805,41830996227.03723,2648.2848910737803,5582247244.382237,6472584118.390979,1010.3911374082935,2673155022.047095,3035.166322437659,1757.6145883495917,2095.22373918732,6359352.531153259,1.7268668242493903,2917.3736804908867,1782.2027681901793,2037.8089977201485,2814.351120677492,1895.4845381840416,1801.5122141771978,5945050.335816274,1.6369482376314954,5070087.918883787,1.4847660658702948
2144.3227999999463,0.02,0.33802398136192907,72.32968399999838,21443227.99999946,36172131705.477516,42363475699.46145,2648.6,5577654306.644438,6532344419.27422,1010.3893274869969,2673162149.8885083,3041.555196995289,1765.8692243915061,2094.8455061675513,6371588.236186142,1.7224124838821893,2924.104346017323,1790.6042238609818,2037.369806555452,2822.2854579996665,1904.577540298401,1800.8260224309668,5957481.90579327,1.6330266102646833,5082445.095494298,1.4818432950529719
2144.475199999946,0.02,0.337834180633179,72.33425599999839,21444751.99999946,36172131705.477516,42363475699.46145,2648.6,5587896961.326598,6544340241.258357,1010.3875174524062,2673169275.1864347,3043.3307548083308,1767.3589782081626,2095.1558282554874,6376252.168245846,1.7219652556911853,2926.0245121937996,1792.0969540771628,2037.7122998544874,2824.489779719144,1906.0721358651851,1801.3047948318,5962396.138173032,1.6327378412963995,5087766.983161509,1.4818378206012017
2144.627599999946,0.02,0.33751773343677915,72.33882799999839,21446275.99999946,36172131705.477516,42363475699.46145,2648.6,5604998233.296326,6564368624.584456,1010.3857073045252,2673176397.9410043,3046.29098864241,1769.8426503800126,2095.673625045687,6384031.679112249,1.721221368457995,2929.2265935004116,1794.5854978896286,2038.2838023382321,2828.165765430399,1908.564727011371,1802.1011950391721,5970595.118910286,1.6322580322559623,5096640.905650997,1.481828583230203
2144.779999999946,0.02,0.33725947594020955,72.34339999999838,21447799.99999946,36172131705.477516,42363475699.46145,2648.6,5618977174.371878,6580740248.335585,1010.3838970433567,2673183518.1523356,3048.707924751603,1771.8696935296693,2096.09609564003,6390384.777818654,1.7206163274221347,2931.8403873752804,1796.616477327562,2038.750084552093,2831.165129893898,1910.5984609866125,1802.7516499880453,5977289.837654594,1.6318676937307988,5103887.6093048435,1.481821108780709
2144.932399999946,0.02,0.33731687925821974,72.34797199999838,21449323.999999456,36172131705.477516,42363475699.46145,2648.6,5615868318.029722,6577099269.662379,1010.3820866689042,2673190635.820557,3048.172356938039,1771.4194523499089,2096.001445930242,6388973.667586723,1.7207513177606975,2931.259243846753,1796.1654329676862,2038.6455730837497,2830.49633305815,1910.144662600649,1802.6104244255916,5975798.681029003,1.6319539336661357,5102282.196269033,1.4818230202546274
2145.084799999946,0.027101285909097876,0.33729386552852125,72.35254399999837,21450847.99999946,36022129865.78485,41532342833.9211,2648.1029099863636,5593821025.071993,6449493503.868474,1010.3802761811709,2673197750.94579,3033.133052680776,1754.2735039738143,2095.7091121666595,6356564.576916979,1.7289966734434878,2915.268246861386,1778.781790068679,2038.3570513492461,2811.8097677555074,1891.6651732151477,1802.3414601483955,5942357.587564461,1.6389128015240293,5067841.322475982,1.4864204340012488
2145.237199999946,0.05123954509824365,0.3364647560562104,72.35711599999837,21452371.999999456,35519492704.372284,39027284801.92325,2646.413231843123,5559960238.580096,6109044223.250522,1010.3784655801597,2673204863.528152,2993.5104210165405,1707.2482390302232,2095.945193312976,6274233.778061921,1.7534125106006606,2873.2742566543234,1731.03699913078,2038.7340100209506,2762.5258659722585,1840.570258361666,1803.302019135151,5857841.947158835,1.659857217435043,4981668.472020856,1.5009075874295863
2145.389599999946,0.0750343090292482,0.3363848755835258,72.36168799999838,21453895.99999946,35034530380.35866,36937350208.278824,2644.7475983679524,5488258008.965894,5786340102.455484,1010.3766548658741,2673211973.567777,2953.321261537568,1661.931353547141,2094.969931880676,6187119.242105111,1.7770416661519444,2830.520133054513,1685.0941016573704,2037.7722303842536,2712.354519237258,1791.7459840564004,1802.3995779767586,5767955.324682029,1.679740098947923,4888746.640796588,1.5138052733885066
2145.541999999946,0.0962503454324354,0.33708190897395823,72.36625999999836,21455419.999999456,34610508331.997086,35311973954.02693,2643.26247581973,5385602202.481184,5494754450.77325,1010.3748440383175,2673219081.0647807,2914.5212656429503,1620.3377512766065,2092.8455957588853,6099642.994546461,1.7987121903113734,2789.052237230269,1642.9920750964905,2035.5292722097465,2663.636678739495,1747.3400158846275,1799.6723483008682,5677197.470604295,1.697544546626296,4793673.276647432,1.5243951689568405
2145.6943999999457,0.11295480375596972,0.338295621082464,72.37083199999837,21456943.99999946,34281977403.325356,34156829172.606945,2642.0931637370823,5272321891.0110855,5253074992.015872,1010.3730330974929,2673226186.019293,2880.477474760263,1585.3471280169395,2090.089388709603,6020455.404413459,1.816938021872447,2752.497155746727,1607.6237340592095,2032.5665881865757,2620.594946096364,1710.291318478335,1795.8638910769105,5594633.752849379,1.7121525997857352,4706231.836833103,1.532250627587782
2145.8467999999457,0.12347526522471756,0.33950006899836754,72.37540399999837,21458467.999999456,34077395496.662582,33476651290.86031,2641.35673143427,5179955227.738162,5088638739.373209,1010.3712220434036,2673233288.431435,2856.280752206495,1561.253098215525,2087.637038460733,5962877.4905487625,1.8294796375239581,2726.4098495923577,1583.2973667753838,2029.909335534663,2589.803356462473,1684.951075653417,1792.3673719904116,5534364.806181183,1.721982178966854,4641879.035994589,1.5370199134465419
2145.9991999999456,0.12669177513123497,0.34007900638468375,72.37997599999836,21459991.999999456,34015198381.95067,33275270697.987244,2641.131575740814,5141426323.8957615,5029585621.707547,1010.3694108760528,2673240388.3013277,2847.2803183765554,1552.574221424862,2086.5435990638703,5940974.52304914,1.8339093095101682,2716.667816242164,1574.5459197689815,2028.7173534124827,2578.289812366402,1675.8908778240252,1790.7737998501464,5511351.142267671,1.7253658862110262,4617133.844406303,1.538459243667494
2146.1515999999456,0.12245491953015071,0.33961704989138003,72.38454799999836,21461515.999999456,34097159911.61319,33541156670.568707,2641.4281556328897,5177062848.652447,5092643391.71224,1010.367599595444,2673247485.629096,2856.650339398757,1561.9215044590094,2087.4921813972587,5963235.248480731,1.8289333562816863,2726.773160104848,1583.9846141704916,2029.7443842056332,2590.2415117326696,1685.7267478730707,1792.1275254249617,5534652.508725463,1.7214644231458127,4642043.110674481,1.5365725880548853
2146.3039999999455,0.1118540928310521,0.33814929350980305,72.38911999999837,21463039.999999456,34303484723.593513,34229993945.202606,2642.1702135018263,5283105985.097125,5271787613.96676,1010.3657882015798,2673254580.4148693,2883.229603585538,1588.0591510295783,2090.376699940378,6027035.983913541,1.8155681428593313,2755.4580061029906,1610.3610385064856,2032.8783760052756,2624.077207369969,1713.1306908157917,1796.291911292588,5601510.996597382,1.7110808944176361,4713608.662205919,1.5317437376131446
2146.4563999999455,0.09711985750478956,0.33618412865249375,72.39369199999835,21464563.999999452,34593293496.9318,35249353482.06833,2643.2016099746647,5429592483.487607,5532564418.331863,1010.3639766944641,2673261672.658762,2920.945283370315,1625.3509960540523,2094.2675129993604,6117240.814211162,1.7971166169409827,2796.0838939962273,1647.998149518685,2037.1032418661719,2671.815104748817,1752.2597359646568,1801.8951483015446,5695911.564989504,1.69665475341271,4814330.674405676,1.524782570706006
2146.6087999999454,0.08123348639429545,0.33446356463107835,72.39826399999836,21466087.999999456,34909834243.658104,36441888389.60179,2644.313655952399,5570186369.06112,5814639753.194543,1010.3621650740997,2673268762.3609033,2960.1828873343015,1664.8597996576293,2097.8164158789787,6209920.255053931,1.7780373386053585,2838.2173105306933,1687.8964418612297,2040.9446071085633,2721.1338626517622,1793.8622647609318,1806.9437141907347,5792644.313729789,1.6815115193921577,4916935.728590156,1.516913486674189
2146.7611999999453,0.06721250438814222,0.3336274958177155,72.40283599999836,21467611.999999452,35192827443.812706,37589541296.23905,2645.29512469283,5660187123.003635,6045659103.244116,1010.3603533404902,2673275849.5214167,2990.674879769889,1696.7941025705743,2099.83593110124,6279926.570782693,1.7625443624769426,2870.8153214488634,1720.189759838438,2043.1061869235125,2759.210945703032,1827.760537450638,1809.6936486303364,5865380.544766985,1.668894553655809,4993326.523670081,1.5096129329674564
2146.9135999999453,0.057430582620733195,0.3339357293052726,72.40740799999836,21469135.999999452,35392329365.59852,38451895415.30468,2645.979859216549,5675622523.576269,6166263922.301507,1010.3585414936384,2673282934.1404257,3005.0474359844993,1713.65497240782,2099.7874616154977,6309960.927640052,1.7535895407009332,2886.027927093242,1737.3059932627832,2043.0052060065589,2777.044481458848,1846.0612614230206,1809.3804398479133,5896170.079731811,1.6612087555589894,5024729.965339231,1.504307868590551
2147.0659999999452,0.053025487483597866,0.33520291952807946,72.41197999999835,21470659.999999452,35482737490.20131,38858802417.4153,2646.288215876148,5621784319.542324,6156678474.053646,1010.3567295335479,2673290016.218048,3001.6276604677423,1713.0847833423666,2097.919205506198,6297172.316673914,1.7521769439871648,2882.1376330720677,1736.8411475838664,2040.9213775354058,2772.6865707185148,1846.1400809432575,1806.4135038723787,5882216.308336078,1.6594134916030936,5008618.463351522,1.50188309074675
2147.218399999945,0.05370199625897545,0.3368987543712635,72.41655199999836,21472183.999999452,35468830055.56496,38795519388.77057,2646.2408602618716,5528904734.99382,6047471272.920215,1010.3549174602217,2673297095.754416,2985.1653875034494,1698.9601371327128,2095.1129238385356,6254258.583153947,1.7570544018421934,2864.2881012571397,1722.6747564844638,2037.8266360265907,2752.0422670828625,1831.8636682392305,1802.1358054558764,5836922.585995828,1.6626981329327744,4959553.90763799,1.5023182755341715
2147.370799999945,0.05795497422868516,0.33837143229722594,72.42112399999834,21473707.99999945,35381590579.157455,38404254108.4817,2645.943151803992,5437441762.5001,5901964601.617893,1010.3531052736633,2673304172.7496467,2964.466457687477,1679.4416634868735,2092.5062051084383,6203164.457546878,1.7651500032056024,2841.9576603848463,1703.018471228034,2034.9694021665782,2726.0547318665003,1811.6448032123792,1798.2517652860045,5783296.881136078,1.66877676807318,4902132.733845199,1.5047401825306508
2147.523199999945,0.06364191867143962,0.3391041283027341,72.42569599999835,21475231.999999452,35265449938.94909,37898016826.58166,2645.545065692999,5381218090.867665,5782926181.525014,1010.3512929738756,2673311247.2038646,2948.212567677099,1662.9999169145983,2091.0441067890215,6164842.515202527,1.7728278502544876,2824.49395626813,1686.4142809812538,2033.382614896425,2705.6225528015048,1794.327913555529,1796.1558702139316,5743276.906555639,1.6748517775980143,4859719.830797626,1.5078751951421248
2147.675599999945,0.06869646262730973,0.33895430616038064,72.43026799999835,21476755.99999945,35162711987.66998,37463370878.94974,2645.191247616088,5373352464.791324,5724925208.339576,1010.3494805608622,2673318319.1171985,2941.117984362905,1654.6350631293242,2091.0545907818732,6150038.263233183,1.7775025139383445,2816.9634950520253,1677.921064739298,2033.418473777032,2696.734050274659,1785.2353282579104,1796.3000095470923,5728065.610794303,1.67884148679527,4844143.400254338,1.5105762291328941
2147.827999999945,0.07168436937704167,0.3382365476486735,72.43483999999835,21478279.999999452,35102193912.50394,37212837690.05235,2644.982094143607,5401553105.214391,5726340623.596738,1010.3476680346259,2673325388.489765,2942.537760721201,1654.4304398108416,2092.0889891888346,6156050.849477194,1.7785805253061195,2818.623120545776,1677.6515262307441,2034.574819816275,2698.587838729365,1784.6306308941525,1797.9619319649007,5734699.62761441,1.680100471686456,4851958.204098836,1.5121268188573527
2147.980399999945,0.07206236927599953,0.33759738060901046,72.43941199999834,21479803.99999945,35094549021.24621,37181470284.95907,2644.95563415068,5433844252.4241905,5756971502.391777,1010.3458553951705,2673332455.3216915,2947.5367677020313,1658.4425315482708,2093.115654524946,6169535.350764981,1.7772920747216376,2824.0791892775223,1681.6634200651501,2035.710069433865,2704.919367026493,1788.6087479062573,1799.5477654487,5749006.4424908785,1.679336754062304,4867631.602651438,1.5123035544765548
2148.132799999945,0.07007860889787368,0.3376792648367837,72.44398399999835,21481327.999999452,35134697882.74272,37346903323.15007,2645.094497377149,5435761548.699495,5778016413.418184,1010.3440426424987,2673339519.6131015,2950.0705899352606,1661.4878918096085,2093.0731656307544,6174713.588509983,1.7755594876603,2826.7589571800463,1684.7577058818863,2035.6535563432487,2708.080571211108,1791.9298784945145,1799.4374274563866,5754301.924108694,1.677843019985108,4873021.536404737,1.5112648121511847
2148.285199999945,0.0665394274768148,0.33874697131464016,72.44855599999833,21482851.99999945,35206499795.77473,37647157305.003525,2645.342240076623,5390878070.6977,5764595626.288507,1010.342229776614,2673346581.3641176,2946.5217551124506,1660.1847884484075,2091.4909384880893,6162623.550875711,1.7748155359658735,2822.757065367239,1683.5294901789537,2033.889673654308,2703.5196591267563,1791.095858261927,1796.930121210316,5741176.446485166,1.6766900026605351,4858035.908769114,1.5094220929918525
2148.4375999999447,0.062471181415206814,0.3405404180047857,72.45312799999834,21484375.99999945,35289311421.88098,38000704906.435684,2645.6270173009357,5310039798.169377,5718027563.6250515,1010.3404167975197,2673353640.5748606,2937.483913341566,1654.551630150257,2088.745834807877,6135657.28880734,1.7753957385269388,2812.758459679328,1677.97436068833,2030.8395071860684,2691.9987777644537,1785.9854907794584,1792.628892164306,5712261.004088611,1.676282144457495,4825754.786691559,1.5072903960656385
2148.5899999999447,0.0588454593709825,0.3424270047237097,72.45769999999834,21485899.999999445,35363366169.656624,38323732303.44146,2645.8808178440313,5223623965.928903,5660908115.016255,1010.3386037052187,2673360697.245458,2926.902203474917,1647.4183942265654,2085.8269963572934,6105011.63170563,1.776659902385664,2801.092838566407,1670.9056844874467,2027.5997671332254,2678.513219880567,1779.3051394937038,1788.0729749655693,5679495.187195792,1.6763919499296258,4789377.101556451,1.5053703608380125
2148.7423999999446,0.05639130528085433,0.3437692030169476,72.46227199999834,21487423.999999445,35413627061.70889,38546808771.74052,2646.0526086303403,5162181709.5093155,5618900059.423341,1010.3367904997144,2673367751.376031,2919.172416627052,1642.1146837766319,2083.7438854693605,6082807.673777436,1.7776909526887414,2792.5758916661102,1665.6441521970503,2025.28832302678,2668.6514839530296,1774.302601811364,1784.8261849615935,5655771.344557472,1.6765741277826915,4763079.047095981,1.5040565691718175
2148.8947999999446,0.05557943748612282,0.3442187468750004,72.46684399999833,21488947.99999944,35430278202.116714,38621415457.90108,2646.1094393759713,5141651602.690693,5604750308.6057205,1010.3349771810103,2673374802.9667053,2916.5690504142044,1640.3207830046933,2083.045203829094,6075345.172101684,1.7780479773424047,2789.706372779981,1663.8640541445411,2024.5130973539447,2665.325470109659,1772.6065722561661,1783.7400319563244,5647797.089464838,1.6766432124253567,4754247.739227409,1.5036193094541244
2149.0471999999445,0.05665672465308769,0.3437792878940465,72.47141599999834,21490471.999999445,35408186006.20702,38522506175.9627,2646.034029274284,5160873228.239804,5614796837.470782,1010.3331637491093,2673381852.0176005,2918.6344160097005,1641.5267852872255,2083.713950516364,6081599.249096595,1.7779998731479814,2791.996161243684,1665.048963906138,2025.2564690593324,2667.9644186938663,1773.6704743600508,1784.7943133173312,5654508.287147595,1.6768252596570934,4761767.722617792,1.5042052383808673
2149.1995999999444,0.059636822268921,0.34269253484143625,72.47598799999832,21491995.99999944,35347182439.56284,38252570609.35092,2645.8254224411758,5207592837.496322,5635634836.289425,1010.3313502040147,2673388898.5288424,2923.2200224128906,1643.923286164746,2085.35381310808,6095948.020292608,1.7781973447390778,2797.104135851839,1667.3849158703213,2027.0810254011062,2673.835355964091,1775.6716823855074,1787.3825242544026,5669956.719856221,1.6775395466450174,4779166.587983766,1.5058162961589583
2149.3519999999444,0.06422379259528267,0.34129364617621677,72.48055999999833,21493519.99999944,35253599583.32498,37847266446.18245,2645.5043345183303,5265710807.124452,5653118044.718685,1010.3295365457301,2673395942.5005565,2927.9119063401727,1645.652416822804,2087.4295655828028,6111809.878716382,1.7791800239281246,2802.3888950228384,1669.0170847817003,2029.3945491704944,2679.8678543342007,1776.786631095959,1790.678002373197,5687152.748215273,1.67906543352693,4798780.416023312,1.5082665568466163
2149.5043999999443,0.06969387270194542,0.3399733673231263,72.48513199999833,21495043.99999944,35142492526.9912,37379223030.25976,2645.121428910864,5317291561.232123,5655723680.71385,1010.327722774258,2673402983.9328623,2930.5426823502426,1645.280841653785,2089.3351077569487,6122885.711014582,1.7811808222385623,2805.4622936227875,1668.5263125938293,2031.52449633916,2683.3049942935418,1775.6810641870613,1793.734892656305,5699365.373050538,1.6814012895376635,4813137.795903253,1.5111413014487525
2149.6567999999443,0.07500104650665497,0.3391795331212138,72.48970399999833,21496567.99999944,35035201262.43016,36940058229.99915,2644.749926744534,5342169353.030586,5632622044.819919,1010.3259088896024,2673410022.8258853,2928.9468326277783,1641.5041429382022,2090.3867514464,6122631.654616004,1.7843066953124618,2803.924669948665,1664.62910511392,2032.7110266551927,2681.3832082295303,1771.1893967563656,1795.480130051435,5699568.594515173,1.6844140603661837,4814370.271429691,1.5138884712950693
2149.809199999944,0.07918212248406822,0.3393126136010844,72.49427599999832,21498091.999999437,34951023331.63901,36603840148.61029,2644.4572514261154,5322445591.797957,5574141443.391948,1010.324094891766,2673417059.179746,2921.1848743751634,1633.1212124246679,2089.975259110255,6105204.114731191,1.7887128353676387,2795.621625140802,1656.1419662127473,2032.2768041338377,2671.6080348595037,1762.2278176743068,1794.956299785641,5681476.981908594,1.6880325975518922,4795419.672729002,1.5160400988252176
2149.961599999944,0.0819761138156224,0.3404923387111403,72.49884799999833,21499615.99999944,34894941072.34688,36383734208.16915,2644.2616720329065,5253165116.582487,5477291477.784651,1010.3222807807522,2673424092.9945703,2906.619028089523,1619.668832839441,2087.917827393204,6068781.686188423,1.794576131340337,2779.837911771931,1642.6041316559058,2030.0186650666801,2653.1207511908674,1748.3520465321758,1791.8765268480006,5643122.846757003,1.6923358819081882,4754064.7969522495,1.5174980098849564
2150.113999999944,0.084256904855044,0.3423656441984812,72.50341999999831,21501139.999999437,34849259946.827484,36206676761.3702,2644.102016660147,5150794536.314939,5351423620.620218,1010.3204665565642,2673431124.270482,2886.973463145062,1602.1660855214486,2084.7513437793405,6018621.806746964,1.8019189703453582,2758.4730397029284,1625.0164751667742,2026.5335330714806,2628.0722801042843,1730.4621220348863,1787.0846983742263,5590138.115031602,1.697504660326492,4696587.75799583,1.5187112428753307
2150.266399999944,0.08787952093904494,0.3441727527041894,72.50799199999832,21502663.99999944,34776887433.4342,35930136080.01187,2643.848433534267,5049134178.628261,5216570300.363929,1010.3186522192053,2673438153.007602,2866.079928054563,1583.0351397726427,2081.6319920747897,5966123.67008179,1.8104967199061626,2735.768654642627,1605.769218612808,2023.106788447935,2601.354023539193,1710.764535892375,1782.3975926989299,5534752.136830573,1.7037122289627666,4636647.149313933,1.5205798161944393
2150.418799999944,0.09483553444237766,0.345085844277064,72.51256399999832,21504187.999999437,34638546221.129715,35414489318.357414,2643.3615125890333,4983628814.994567,5095267806.811758,1010.3168377686789,2673445179.2060566,2848.2978700747453,1565.2025161678907,2079.820912236488,5923949.474460103,1.8197631556638925,2716.562992383203,1587.7615209202918,2021.1403389376462,2578.6180310295485,1691.9923135006156,1779.7960717606475,5490555.047170853,1.7109389266523098,4589414.242197566,1.5240128518637093
2150.571199999944,0.10607818679820886,0.34462889061704627,72.51713599999832,21505711.99999944,34416665962.65603,34620511720.584885,2642.574526924125,4974260538.135502,5003722482.840781,1010.315023204988,2673452202.8659673,2836.6112965376515,1550.9923020828533,2080.0507449582683,5900295.440520181,1.8289009511706273,2704.1683840331816,1573.313773879155,2021.4477730232984,2563.804363955444,1676.4266982167424,1780.4266138199368,5466335.157783886,1.7187724590790283,4564665.522213968,1.5293268513813505
2150.723599999944,0.12072221065775823,0.3429080568544721,72.52170799999831,21507235.999999437,34130760873.261353,33651398320.319145,2641.549445253957,5017705307.684958,4947232222.272794,1010.3132085281359,2673459223.9874578,2831.577326802242,1541.4216342086195,2082.185397047704,5895868.960479003,1.8369907778386676,2699.1808302550708,1563.4691317872368,2023.874945676723,2557.696696016018,1665.2380458807409,1784.060784773675,5462804.456204133,1.7264049384649995,4563086.374707373,1.535934578448367
2150.875999999944,0.13611289539567553,0.3405138871472524,72.52627999999831,21508759.999999437,33833955810.87301,32701848828.189888,2640.472097322303,5092369865.743793,4921975735.195187,1010.3113937381256,2673466242.5706496,2831.7487286016694,1536.3039927500608,2085.3797394701546,5905271.425896291,1.8432216162718538,2699.9313017537297,1558.0874882702137,2027.4763086068792,2558.3944872719826,1658.529873350434,1789.340004091879,5474046.749171818,1.7328496134393514,4577837.602323891,1.5425676247264162
2151.0283999999438,0.1487997449377988,0.3382342138086418,72.5308519999983,21510283.999999437,33592045616.21663,31965354034.412033,2639.584017854354,5169287065.136133,4918964835.616149,1010.3095788349608,2673473258.615671,2834.7265173171645,1534.683496371076,2088.5076588941133,5920348.042287135,1.8471082304723938,2703.6666485276805,1556.2622253512852,2030.9917801718211,2562.678429562291,1655.6586002992105,1794.453211816869,5491124.739484415,1.7372821909350136,4598606.538781864,1.5478302284656775
2151.1807999999437,0.15596109734994879,0.336726953016164,72.53542399999832,21511807.999999437,33456566612.95056,31566136840.764366,2639.0827231855037,5223860416.138204,4928691417.757179,1010.3077638186444,2673480272.122638,2838.293130263913,1535.4200040283763,2090.630293968875,5933821.601293483,1.8485451035008518,2707.84599631379,1556.888611311617,2033.3706217304307,2567.549481330195,1655.7101332841821,1797.8895766305884,5506054.4970748285,1.7392676500038988,4616170.449966831,1.550724024523142
2151.3331999999436,0.1564990449786484,0.3363304589650448,72.5399959999983,21513331.999999434,33446420493.07389,31536600345.692886,2639.0450668514945,5242215221.110093,4942880102.475899,1010.3059486891797,2673487283.0916796,2840.8622266045854,1537.4004717491578,2091.250491705641,5940954.528254821,1.8478348867503798,2710.6829305351794,1558.864462557448,2034.0581431281191,2570.890346922106,1657.645348178698,1798.8578165350623,5513686.688293476,1.7388830110913405,4624666.196015368,1.5509290631719361
2151.4855999999436,0.1511976779720909,0.33703278063635855,72.5445679999983,21514855.999999437,33546596056.2507,31830412294.29957,2639.416162541954,5222521822.798737,4955346961.4895935,1010.3041334465698,2673494291.522915,2841.5911504936616,1539.6688428600548,2090.3520054077962,5939925.7599834725,1.845585928215047,2711.281417892515,1561.2198288902466,2033.0401289358892,2571.6378270897208,1660.4295412195518,1797.3521075765714,5512143.923413679,1.7366429555405791,4622138.668443344,1.548778652300359
2151.6379999999435,0.1420120634531097,0.3385740666295664,72.5491399999983,21516379.999999434,33721166811.98406,32354537924.122307,2640.0591555582823,5172104527.393564,4962492935.434516,1010.3023180908184,2673501297.4164715,2840.316086322521,1541.5480541476254,2088.2657554795815,5931334.817805108,1.8425089498056737,2709.5378295192786,1563.2482651599214,2030.6916859704786,2569.664681868394,1663.2107710775015,1793.92930249136,5502235.943227295,1.7332741637439726,4609796.77038085,1.545002429369581
2151.7903999999435,0.13107420972065723,0.3405639821601072,72.5537119999983,21517903.999999434,33930717576.083485,33005560538.02838,2640.824805319554,5104434595.548682,4965256767.05818,1010.3005026219283,2673508300.7724705,2837.700930992995,1542.9894342759,2085.5269557840184,5918101.784039295,1.8390929114331116,2706.2629214115896,1564.8696662377758,2027.6144033788948,2565.9178176861437,1665.7482921880503,1789.4639704582567,5487257.678784385,1.7293855071764062,4591617.485906232,1.5403994887580956
2151.9427999999434,0.11997105978107155,0.34258795390473895,72.5582839999983,21519427.999999434,34145342148.137947,33699466944.850746,2641.602025815325,5035716740.605906,4969959566.005831,1010.2986870399027,2673515301.5910316,2835.227016273984,1544.7535275031425,2082.737152786284,5905032.643377229,1.8353911907595346,2703.1409913271837,1566.8219516425615,2024.4803251165606,2562.3722810171375,1668.6578072528607,1784.9180688289853,5472455.752957959,1.725238141125974,4573624.5834540315,1.5355888246707776
2152.0951999999434,0.10967456969865114,0.34424298905373607,72.5628559999983,21520951.999999434,34346129475.130394,34376039423.82619,2642.322780121094,4983121172.779897,4987460668.9880705,1010.2968713447451,2673522299.8722854,2835.019040625623,1548.2992766346008,2080.509303070784,5898283.488404417,1.8310536492582037,2702.5361577200997,1570.5518818741673,2021.9709364858156,2561.8069973970664,1673.3111623663863,1781.2548815242087,5464449.565712088,1.72075573491728,4563231.2196364,1.5309806418635101
2152.2475999999433,0.10089660711848719,0.3451348574895663,72.56742799999829,21522475.99999943,34518666790.615616,34980672369.13726,2642.937237501706,4963958291.665338,5030397022.807806,1010.2950555364587,2673529295.6163483,2839.444972992035,1555.343486869234,2079.455510697676,5904499.496411101,1.8256063673160592,2707.0660097469295,1577.7681505802382,2020.7653806450057,2567.295717118766,1681.3602439018298,1779.4292065024865,5470345.27561741,1.7157565316243595,4568320.980769877,1.5269159161043322
2152.3999999999432,0.09432114135633214,0.34494566681957656,72.5719999999983,21523999.999999434,34648748490.68855,35451955004.56679,2643.3975201050566,4992055930.43487,5107778778.030571,1010.2932396150463,2673536288.823347,2850.2352607945863,1567.0308906459948,2080.0652750855256,5928675.391803156,1.8188762441176904,2718.6424694194993,1589.6046842995445,2021.40721533386,2581.0595254227546,1693.8728394818656,1780.2068616619583,5495483.503597639,1.7102632473793085,4594819.877515545,1.5237622714419745
2152.552399999943,0.09057234881659422,0.3435711433271434,72.57657199999831,21525523.999999437,34723235266.99687,35728177976.27898,2643.6599355828384,5071475772.10955,5218251916.765818,1010.2914235805118,2673543279.4934034,2867.327981076908,1582.9672476094186,2082.4816484396442,5971157.900650157,1.81136279692907,2737.2064115997496,1605.6509003080344,2024.0572255033771,2602.968950380316,1710.3572085107128,1783.8215102302395,5540262.415092644,1.7047332088654097,4643232.0041498365,1.521886151868148
2152.704799999943,0.08983366907307884,0.34127295624935616,72.58114399999829,21527047.999999434,34737940529.76033,35783278202.60684,2643.711643164884,5189740754.276601,5345910965.867139,1010.289607432858,2673550267.626638,2888.0961820451284,1600.7581482571843,2086.268876227774,6025345.176153014,1.8042052043836387,2759.878278547755,1623.4978100541298,2028.2351606222405,2629.580588299507,1728.3499199725568,1789.6099006442855,5597682.163588139,1.699958116023413,4705923.455362822,1.5214399340738014
2152.857199999943,0.0915447756893286,0.3386905920516635,72.5857159999983,21528571.999999434,34703890785.95645,35655982637.756676,2643.591865701747,5316823909.40774,5462689534.470511,1010.2877911720884,2673557253.2231784,2907.743552807903,1616.5450760791805,2090.4071416989023,6078367.889018579,1.7987395438798628,2781.3950395638135,1639.285518574976,2032.8124594249368,2654.716353844867,1744.0162998245482,1795.9963073920514,5654054.491008035,1.6967117735424566,4767860.768678672,1.5221855174816528
2153.009599999943,0.09444374892282778,0.3366477529580889,72.5902879999983,21530095.999999434,34646316336.80436,35443015489.585045,2643.388937575402,5413748336.362667,5538238590.132192,1010.285974798206,2673564236.283148,2920.989998931237,1626.4401805320106,2093.6084948072616,6115409.475009492,1.7959406278168668,2795.9574440434,1649.143451326913,2036.3611004660527,2671.6557011438417,1753.6050017081636,1800.9767671653685,5693578.977608469,1.6953997796818414,4811589.847624962,1.5235219439619623
2153.161999999943,0.09691826615552013,0.33582260062757513,72.59485999999829,21531619.99999943,34597283530.45242,35263845892.4792,2643.2157213691135,5449079549.129104,5554063263.585827,1010.2841583112141,2673571216.8066664,2924.4055362751997,1628.2831961279876,2094.8403972161586,6126162.855231873,1.7960054757239743,2799.776397480128,1650.9417413577933,2037.7332224487902,2676.0605989913133,1755.1573872369943,1802.9292710766044,5705197.380573246,1.695866260657685,4824747.98509623,1.5246841214644713
2153.314399999943,0.09747765580473278,0.3364851860530169,72.59943199999829,21533143.999999426,34586213381.95309,35223669505.06795,2643.1765640936687,5412808838.531619,5512571946.428612,1010.2823417111159,2673578194.793857,2917.900888151721,1622.6191819686348,2093.731847870379,6109302.018452523,1.7982659890730444,2792.7005158921083,1645.2566663722566,2036.5119005582226,2667.798629036069,1749.4050076978951,1801.248117365647,5687367.835309367,1.697425436998795,4805367.258061874,1.5249748441881512
2153.466799999943,0.09506585006330212,0.3384436055466702,72.6040039999983,21534667.99999943,34633979673.05438,35397747916.6237,2643.3453904955686,5318829661.32864,5436123522.058076,1010.2805249979148,2673585170.244845,2904.665849495852,1612.5177656483168,2090.6450293249545,6072625.220098449,1.8013233164770894,2778.1623654010905,1635.1821884777873,2033.0919496830277,2650.8667251499473,1739.544726150885,1796.462339868567,5648259.540009315,1.6989925556780425,4762182.239742599,1.5238853507466619
2153.619199999943,0.08915858517663847,0.34119736525631655,72.60857599999828,21536191.999999426,34751387860.53,35833831820.65874,2643.7588990376353,5195596494.450131,5357430089.909816,1010.2787081716139,2673592143.1597548,2889.7513559138506,1602.4238952802161,2086.419761715764,6029234.335423581,1.8033626211050224,2761.650886044506,1625.1806298726453,2028.3982990458921,2631.6617840379286,1730.0964799161216,1789.8468327264934,5601727.959811257,1.6992885807781983,4710271.50896764,1.5211069524663252
2153.7715999999427,0.07981090750577059,0.34417641055149717,72.61314799999829,21537715.999999426,34938390280.8769,36553992129.454956,2644.413236474596,5072398196.947056,5306953247.647177,1010.2768912322163,2673599113.538703,2878.0873197823375,1596.5559399025785,2081.9820548173316,5992126.1519841375,1.8026849218687306,2748.558101041025,1619.4814354958282,2023.4538971005031,2616.509929567428,1725.3154120153029,1782.8231222202057,5561580.600958621,1.6971840743574274,4664774.401951573,1.5165400548477919
2153.9239999999427,0.06774908835229176,0.346906408804365,72.61771999999829,21539239.999999426,35181933484.25116,37543783817.68635,2645.25756381534,4970558291.519635,5304244180.711594,1010.2750741797255,2673606081.3818192,2873.032418402422,1597.6494509321556,2078.071659877829,5970367.2465923345,1.7982871128119744,2742.589767682706,1620.8210992815425,2019.0791566220387,2609.79077391419,1727.9209154561918,1776.543252616858,5537505.835093032,1.6920990039544817,4636406.190138983,1.51036471089024
2154.0763999999426,0.05450594020391918,0.3490538734446415,72.62229199999828,21540763.999999426,35452313767.251595,38720694296.57771,2646.1845841857257,4901557004.519693,5353435930.733884,1010.2732570141444,2673613046.689223,2875.6489862881313,1606.1649902505185,2075.163398824521,5967441.524211967,1.790382061459083,2744.9635049346743,1629.641140475625,2015.8056102739222,2612.9397907143234,1738.2506483981233,1771.771899093932,5533312.833244486,1.6843975257850528,4629533.295212018,1.503200814636408
2154.2287999999426,0.04237920085695561,0.3503698359971209,72.62686399999828,21542287.999999423,35702715407.02614,39895142229.911545,2647.033455940013,4870700193.080391,5442647001.688814,1010.2714397354766,2673620009.461038,2884.76087134042,1620.1179444368813,2073.5614167561125,5981728.839379239,1.780586951243912,2754.4676317253757,1643.9080988246408,2013.9797416698034,2624.4719412965223,1754.0320950810942,1769.0295859443918,5547442.009380107,1.6755605947161896,4642768.511634461,1.4962508090111002
2154.3811999999425,0.03404321910166427,0.35061016005100065,72.63143599999827,21543811.999999426,35876441848.21426,40764572217.09865,2647.6169746628834,4882440983.496777,5547668827.068569,1010.2696223437254,2673626969.6973877,2897.693122045986,1635.6801723788815,2073.546357407181,6008501.018102296,1.7715523920741014,2768.2671782422326,1659.715906243615,2013.9237116388254,2640.9316828465153,1770.9845751721634,1768.8091263552549,5575078.910413534,1.6679162788212158,4671304.062699658,1.49122229514042
2154.5335999999425,0.0317608593257894,0.34955148934918345,72.63600799999827,21545335.999999423,35924238464.20401,41012392733.636955,2647.7767398471947,4941830219.442678,5641769747.873464,1010.2678048388933,2673633927.398394,2911.5459074632417,1648.7641882753146,2075.3830527924474,6042573.033776419,1.7658958923100196,2783.2790499774796,1672.8956104990236,2015.9403358221462,2658.5690267680984,1784.5494530273977,1771.569450968099,5610924.502698344,1.6637493890890356,4709839.671112354,1.4897704416417101
2154.6859999999424,0.036687924292200844,0.3470954259486466,72.64057999999828,21546859.999999426,35821181796.239746,40482801503.49139,2647.431845299546,5051283026.52396,5708636003.801265,1010.2659872209845,2673640882.564184,2924.5204566710777,1656.991304501209,2079.179064441186,6080601.70704048,1.764958240110634,2797.5932065707543,1681.0241277774821,2020.15390990706,2675.0883907224425,1792.094599502937,1777.503604456926,5651568.854583339,1.6642195435169107,4754979.256750019,1.4927160605608747
2154.8383999999423,0.048580918612958685,0.34343204445681536,72.64515199999826,21548383.999999423,35574317032.80589,39281992844.13319,2646.599335697093,5202932584.302858,5745199840.565199,1010.2641694900017,2673647835.194875,2935.824219545498,1660.1148721963684,2084.629404150009,6120105.493480298,1.7684464302529488,2810.3494140896255,1683.869798233811,2026.227123809927,2689.542452906974,1793.4722308435641,1786.1413569047281,5694406.210211735,1.6689826119794797,4803903.006288134,1.4996287127579004
2154.9907999999423,0.0662332598787667,0.3390881753416608,72.64972399999827,21549907.999999426,35212721716.083176,37673446684.40819,2645.3636718084863,5374004813.367113,5749549422.80613,1010.2623516459479,2673654785.290591,2944.082035961074,1658.2430353947439,2090.9201486558304,6155840.448286689,1.7754225243950665,2820.0154808593666,1681.592744296708,2033.2564651026478,2700.275394989737,1789.114954341249,1796.2108686759336,5733814.708146859,1.6769907520258605,4850264.0128987655,1.5092799869776823
2155.143199999942,0.08846591139406267,0.3347540012374522,72.65429599999827,21551431.999999423,34765193627.4456,35885899935.72565,2643.8073862024157,5531765155.322449,5710089607.414653,1010.2605336888269,2673661732.851457,2946.400200596975,1650.156921336347,2096.9710411146457,6178515.89618624,1.7855272807696925,2823.4009908185353,1673.022037953559,2040.0443082377922,2703.697044186635,1778.1104705813384,1806.0320160099436,5759863.121192296,1.6876053792286683,4882963.423392515,1.5205450330106227
2155.295599999942,0.11545208080820135,0.3308935427138456,72.65886799999826,21552955.999999423,34233254508.656418,33992277542.69001,2641.918354343426,5649890773.621395,5610119692.659034,1010.2587156186418,2673668677.877597,2939.6177528102603,1633.6852729889627,2102.012715982589,6179113.8965353295,1.7993782532127414,2817.063919140677,1656.0009920872276,2045.742378312228,2695.8667982538027,1758.3919911333292,1814.4321519933137,5762987.041800415,1.7011245359159133,4891467.3962429715,1.533143242148326
2155.447999999942,0.149947182064591,0.32736350570149236,72.66343999999826,21554479.999999423,33570286749.150215,31900620949.46584,2639.503697255479,5725918938.27588,5441132242.992548,1010.2568974353953,2673675620.3691297,2922.444317949419,1607.3121331167204,2106.147753213439,6155099.5341405505,1.8182182898616843,2799.6820105989573,1628.9851436614204,2050.477622880263,2675.2413828942704,1728.277808546878,1821.6384065765828,5740685.313913585,1.7186663865492335,4873322.449943253,1.5479232387665682
2155.600399999942,0.19762987630308723,0.3233267821715934,72.66801199999827,21556003.999999423,32683003722.67672,29441085781.08654,2636.165908658784,5785153732.209478,5211308260.769705,1010.2550791390914,2673682560.3261843,2896.4733812856603,1571.3910102957984,2110.4653920522355,6112906.830203906,1.843254392005481,2773.1871246479814,1592.2695179146353,2055.48163638869,2644.063424923397,1687.7613099976093,1829.4675453045638,5700235.208983478,1.7416568573641797,4837228.223624186,1.5666098098475445
2155.752799999942,0.26503304565245683,0.3176773305826898,72.67258399999825,21557527.99999942,31481040921.915154,26531512096.834282,2631.447686804328,5863329132.716444,4941481706.346434,1010.2532607297328,2673689497.7488766,2865.0387251523703,1528.0112158699,2116.4309691734143,6063656.685793594,1.8750115806717411,,,,,,,,,,
2155.905199999942,0.35409201597652207,0.30988882744179813,72.67715599999826,21559051.999999423,29975438846.860893,23316201666.78007,2625.2135588816436,5977594527.110302,4649633327.751608,1010.2514422073227,2673696432.6373324,2830.4746402575247,1479.2955096469882,2124.754842182514,6014064.697561985,1.9133936538027991,,,,,,,,,,
2156.057599999942,0.45685098953947867,0.30070337463639396,72.68172799999826,21560575.99999942,28338055834.7182,20133681193.160675,2618.0204307322365,6108909826.145986,4340271033.226756,1010.2496235718647,2673703364.991678,2792.561892463162,1425.950376953011,2134.5583233772336,5960886.231103322,1.958386447100876,,,,,,,,,,
2156.209999999942,0.5580240649266314,0.29181046437445013,72.68629999999825,21562099.99999942,26814230958.614017,17333038839.03977,2610.938315455136,6216924010.356114,4018693860.6286716,1010.2478048233619,2673710294.8120255,2751.013049836996,1369.1349891993134,2143.8400742279023,5897732.020964473,2.009307388635084,,,,,,,,,,
2156.3623999999418,0.6448441785927833,0.28469094737072814,72.69087199999825,21563623.99999942,25566149421.666813,15100107724.619286,2604.860907498505,6272103906.349413,3704486079.7698836,1010.2459859618176,2673717222.098514,2707.975016099539,1312.366202286808,2150.888474794726,5824552.252160561,2.0634294081795708,,,,,,,,,,
2156.5147999999417,0.7127660670197279,0.27983592575823935,72.69544399999826,21565147.99999942,24623293939.844208,13431479332.7152,2600.106375308619,6272575157.946163,3421555369.5895867,1010.2441669872346,2673724146.851252,2666.9876283166,1259.9909082489687,2155.2058124149657,5747907.23818674,2.116672121089317,,,,,,,,,,
2156.6671999999417,0.7628665558508897,0.27692616830467526,72.70001599999824,21566671.999999415,23944856501.320374,12235124346.241322,2596.5993410904375,6236881914.256883,3186865026.714556,1010.2423478996168,2673731069.070371,2631.279453687572,1215.4217632479013,2157.295577402778,5676447.528350997,2.1649105958545256,,,,,,,,,,
2156.8195999999416,0.7976038155713355,0.27536152511186995,72.70458799999825,21568195.99999942,23482339835.08719,11420118373.013912,2594.1677329100066,6189343054.775417,3010050567.069666,1010.2405286989668,2673737988.7559905,2603.320176514041,1181.026531179,2158.0151222922746,5618004.309085894,2.204285939211872,,,,,,,,,,
2156.9719999999415,0.8193538668535543,0.2746216173044257,72.70915999999825,21569719.999999415,23195866082.289673,10915214209.381458,2592.645229320251,6148051973.157646,2893071723.183611,1010.2387093852883,2673744905.90823,2584.290926638269,1157.8321637261934,2158.0821915826436,5577112.226646656,2.2320082371190786,,,,,,,,,,
2157.1243999999415,0.8308190546065134,0.2743536148490524,72.71373199999825,21571243.99999942,23045793346.6355,10650622146.06004,2591.8426661775443,6120611707.332432,2828643024.652745,1010.2368899585842,2673751820.527218,2573.570811111312,1144.9092358597131,2157.923404205731,5553568.685677827,2.247838283162085,,,,,,,,,,
2157.2767999999414,0.8353295716407465,0.27433742478043327,72.71830399999824,21572767.999999415,22986927526.46872,10546813250.720938,2591.5269299851475,6105721577.986231,2801414202.475215,1010.2350704188581,2673758732.613075,2568.9011933403076,1139.4392634533667,2157.719393405469,5542967.924612834,2.2545310449936444,,,,,,,,,,
2157.4291999999414,0.836363628660898,0.2744271183064011,72.72287599999825,21574291.99999942,22973446019.768837,10523036813.23359,2591.454545993737,6098023317.129695,2793212816.174553,1010.2332507661127,2673765642.165925,2567.3711349330447,1137.8215127558235,2157.524542539705,5539166.2334260605,2.2563918032405867,,,,,,,,,,
2157.5815999999413,0.8366732046759513,0.27454721771365137,72.72744799999823,21575815.999999415,22969410921.310307,10515920226.656464,2591.4328756726836,6091442261.41472,2788801206.3422503,1010.2314310003517,2673772549.1858873,2566.455049268157,1136.9769312712547,2157.318418393089,5536660.747764138,2.2572622000330314,,,,,,,,,,
2157.7339999999413,0.8377038103800176,0.2747482509121667,72.73201999999824,21577339.999999415,22955981026.089745,10492233798.986105,2591.360733273399,6078668478.245387,2778309094.601198,1010.2296111215783,2673779453.673088,2564.382676104153,1134.93364433159,2156.947722999395,5531239.374121947,2.2595000940468424,,,,,,,,,,
2157.886399999941,0.8395877838956582,0.2752251995296117,72.73659199999824,21578863.99999941,22931443940.47118,10448955460.83746,2591.228855127304,6050366308.179261,2756913530.6103044,1010.2277911297955,2673786355.62765,2560.061327360739,1130.7780567623543,2156.0975218320614,5519741.8836605875,2.2639821422523103,,,,,,,,,,
2158.038799999941,0.8416237752183584,0.27621799904908834,72.74116399999824,21580387.99999941,22904945962.606567,10402215449.688622,2591.086335734715,5998163959.570115,2724048941.738054,1010.2259710250067,2673793255.0496926,2553.064062202261,1124.4543755329005,2154.4242490185875,5500383.1249064505,2.2704914647980403,,,,,,,,,,
2158.191199999941,0.8427835346932233,0.2778255416679608,72.74573599999823,21581911.999999408,22889860754.019302,10375605062.1354,2591.0051525714744,5921414287.586511,2684081686.538672,1010.224150807215,2673800151.9393415,2543.9954344026814,1116.8491284758807,2151.8238144978973,5474229.959721613,2.277832671879657,,,,,,,,,,
2158.343599999941,0.8421346219028818,0.2798377822837608,72.75030799999824,21583435.99999941,22898300497.54146,10390492946.265562,2591.0505764667987,5833064513.2768,2646852140.263508,1010.2223304764237,2673807046.2967196,2534.83494131121,1109.8887887202184,2148.6751059373246,5446536.736055496,2.283863903368244,,,,,,,,,,
2158.495999999941,0.8389834854331801,0.2817787257798846,72.75487999999822,21584959.999999408,22939312548.77195,10462834349.822088,2591.271156019677,5756695072.887626,2625682300.7228565,1010.2205100326358,2673813938.1219454,2528.5649947449383,1106.190789661564,2145.7647195999853,5425705.556939211,2.2858308154224876,,,,,,,,,,
2158.648399999941,0.8330735122311621,0.2831165660593255,72.75945199999823,21586483.999999408,23016358666.674637,10598716341.855295,2591.6848541438185,5716371794.189204,2632310524.3800573,1010.2186894758552,2673820827.4151444,2527.9901176754656,1108.055926508512,2143.9455842640127,5419873.249853376,2.2814643712444833,,,,,,,,,,
2158.800799999941,0.8247267515084604,0.28349437034974223,72.76402399999823,21588007.999999408,23125458552.61254,10791089030.613087,2592.269127394408,5726597782.345617,2672216266.3806615,1010.2168688060844,2673827714.176444,2534.544496688605,1116.4700829134997,2143.7662184855235,5433470.871249424,2.270140987633587,,,,,,,,,,
2158.953199999941,0.8150070034996987,0.2827566405443985,72.76859599999823,21589531.999999408,23252931825.07833,11015807170.895634,2592.949509755021,5791311372.495203,2743566696.2743177,1010.215048023327,2673834598.40596,2548.028957138186,1130.8409185659586,2145.420830481921,5466594.401315389,2.2532160937096184,,,,,,,,,,
2159.1055999999408,0.8363811916757312,0.2780658672256455,72.77316799999822,21591055.999999404,22973217086.36324,10522633051.879257,2591.453316582699,5932093127.708633,2717130952.0034757,1010.2132271275862,2673841480.1038136,2549.460587923452,1123.719517004229,2151.7644198164057,5485838.582817899,2.268769518856597,,,,,,,,,,
2159.2579999999407,0.8284824099979243,0.2748108272073404,72.77773999999823,21592579.999999408,23076326938.064575,10704462215.507689,2592.0062313001454,6107654552.61235,2833170008.350376,1010.2114061188652,2673848359.270138,2573.7781457234382,1145.987418478571,2157.3118869197874,5552442.188063542,2.245904365285635,,,,,,,,,,
2159.4103999999406,0.8236940010565377,0.27015645133280214,72.78231199999821,21594103.999999404,23138981025.65595,10814929792.496672,2592.3414199260424,6340949861.431782,2963696953.339897,1010.2095849971669,2673855235.9050417,2602.0254121218186,1170.0276936957757,2164.918297861003,5633172.426201842,2.2239007043523733,,,,,,,,,,
2159.5627999999406,0.8226545446161204,0.26435535060898735,72.78688399999822,21595627.999999408,23152596548.469612,10838933978.081556,2592.4141818768717,6620102040.720167,3099213895.828538,1010.2077637624953,2673862110.008661,2632.1431892157498,1193.9360851323581,2174.1494494804556,5722672.665787153,2.204593044797665,,,,,,,,,,
2159.7151999999405,0.8254886173101337,0.2581715887831362,72.79145599999822,21597151.999999404,23115486272.647736,10773507021.652206,2592.215796788291,6908793464.626975,3220002989.527327,1010.2059424148529,2673868981.5811067,2659.878324704746,1214.2919577392206,2183.7857992141226,5808604.513127675,2.1904767694063714,,,,,,,,,,
2159.8675999999405,0.8319928751262086,0.25278545025883037,72.79602799999822,21598675.999999408,23030464642.52312,10623591582.041098,2591.7604987411655,7148203507.892592,3297353995.7570205,1010.2041209542432,2673875850.6225114,2679.2291135034343,1226.4952618038137,2191.9660576725737,5872779.277527708,2.1844594079907624,,,,,,,,,,
2160.0199999999404,0.8415824349097525,0.24941082742322368,72.80059999999821,21600199.999999404,22905483801.59402,10403164180.774576,2591.089229556317,7276790317.53661,3304957233.7405047,1010.2022993806696,2673882717.132989,2684.690858417689,1226.5570967720173,2196.798912238649,5897725.957469024,2.1888021890567546,,,,,,,,,,
2160.1723999999404,0.8531377398058411,0.24884759224774403,72.80517199999821,21601723.999999404,22755463140.296944,10138477185.49108,2590.280358213591,7257057414.30029,3233311955.68548,1010.2004776941351,2673889581.112667,2673.822810670432,1213.1115614850783,2197.081284387222,5874606.055091644,2.2041029824142195,,,,,,,,,,
2160.3247999999403,0.8650036713831347,0.25122414839141394,72.8097439999982,21603247.999999404,22602059186.04323,9867694245.546835,2589.4497430031806,7091427300.647999,3096002704.502614,1010.1986558946428,2673896442.561668,2648.393680734728,1188.257837938142,2192.7037335481236,5807142.711652296,2.2288038809238615,,,,,,,,,,
2160.4771999999402,0.8753821619751629,0.2560264348624645,72.81431599999821,21604771.999999404,22468416311.612396,9631674611.415949,2588.7232486617386,6817745278.799892,2922604922.3139696,1010.1968339821963,2673903301.4801135,2613.422848015918,1156.6479766270015,2184.578758375107,5709228.040427751,2.2594798943384142,,,,,,,,,,
2160.62959999994,0.8829175151274299,0.2623128925933407,72.8188879999982,21606295.9999994,22371690729.976845,9460777212.393936,2588.19577394108,6491814279.676447,2745327089.738472,1010.1950119567988,2673910157.868126,2575.144091433988,1123.6750229256704,2174.2658295504875,5599047.804173756,2.2917160557054848,,,,,,,,,,
2160.78199999994,0.8871759336062294,0.26895089810022976,72.8234599999982,21607819.999999404,22317141544.77694,9364368473.49796,2587.897684647564,6170454728.907037,2589149314.4222465,1010.1931898184533,2673917011.725827,2539.2782212581214,1093.938249062454,2163.572643826505,5493912.894578499,2.3212262880783063,,,,,,,,,,
2160.93439999994,0.8886113904499099,0.27480429821522406,72.8280319999982,21609343.9999994,22298771993.680584,9331897631.080156,2587.7972026685065,5902148080.710392,2470012326.6103907,1010.191367567163,2673923863.053341,2510.385019844246,1070.7795398295902,2154.2643382932392,5408032.923636025,2.3444461968742534,,,,,,,,,,
2161.08679999994,0.8881421732475853,0.27887077709786195,72.8326039999982,21610867.9999994,22304775558.854195,9342510082.960178,2587.830047872669,5724165278.037011,2397606363.95924,1010.1895452029315,2673930711.8507876,2491.920244991984,1056.5370259872236,2147.8722149120977,5352326.25599523,2.358573512995008,,,,,,,,,,
2161.23919999994,0.8865895645152854,0.28047290043587003,72.8371759999982,21612391.9999994,22324647958.512535,9377636415.259083,2587.93873048393,5659216277.974724,2377196395.1586866,1010.1877227257614,2673937558.118292,2486.061099133487,1052.630945397113,2145.4223291723797,5333650.993767812,2.3617594656554597,,,,,,,,,,
2161.39159999994,0.8842780590768133,0.27946930345159715,72.8417479999982,21613915.9999994,22354253704.826878,9429961879.50559,2588.100535864623,5710608545.388162,2408974220.42595,1010.1859001356565,2673944401.8559756,2493.1395689454707,1059.2238044301246,2147.121831711368,5353074.39798629,2.3537420123283677,,,,,,,,,,
2161.54399999994,0.881031339367426,0.27641094805281036,72.84631999999819,21615439.999999397,22395878113.337494,9503518362.325302,2588.3278062442805,5856281107.386045,2485067777.085171,1010.18407743262,2673951243.06396,2510.868277715658,1074.5749806009399,2152.111601999852,5403668.751565255,2.336615241415255,,,,,,,,,,
2161.69639999994,0.8765164126269963,0.2724581145234063,72.8508919999982,21616963.9999994,22453840403.00006,9605925690.272152,2588.64385111611,6048750910.746078,2587702180.3285623,1010.1822546166547,2673958081.7423716,2534.2911786315267,1094.8967177845072,2158.5791806862626,5470468.175990864,2.3146394883342,,,,,,,,,,
2161.8487999999397,0.8707341973052948,0.26904232943786865,72.8554639999982,21618487.999999397,22528206920.924454,9737282066.21062,2589.0486061886295,6224614371.714746,2690441636.2794886,1010.1804316877643,2673964917.891327,2556.7321695242354,1114.9527054926825,2164.2662346456013,5533449.1055334965,2.293130602696237,,,,,,,,,,
2162.0011999999397,0.8642989446009637,0.26735506584611335,72.86003599999819,21620011.9999994,22611151771.876564,9883748031.466808,2589.4990738779325,6325504305.350413,2764993634.8577824,1010.1786086459518,2673971751.5109534,2571.8046239027335,1129.5139149398412,2167.259746903722,5573768.63828526,2.2769127408578314,,,,,,,,,,
2162.1535999999396,0.8581923028658095,0.2679428237231219,72.86460799999819,21621535.999999397,22690037388.35282,10023006790.545803,2589.9265387993933,6320262803.836488,2791887731.0182304,1010.1767854912205,2673978582.60137,2575.6387004890003,1135.1550954887716,2166.6439291220963,5580491.954026418,2.2689751477352,,,,,,,,,,
2162.3059999999396,0.853140179586267,0.2705575410420795,72.8691799999982,21623059.9999994,22755431531.282032,10138421404.241816,2590.2801874289617,6217333867.595542,2770061761.9092407,1010.1749622235734,2673985411.162699,2568.460617910524,1131.7212670123583,2162.7708031096504,5554991.633353853,2.269516967451736,,,,,,,,,,
2162.4583999999395,0.8489565618139422,0.27435822474828564,72.87375199999818,21624583.999999397,22809674110.293472,10234136827.85688,2590.573040673024,6057691906.972662,2717936588.536462,1010.1731388430142,2673992237.1950665,2554.468025051431,1122.5271911943446,2156.9773292145774,5509929.618239472,2.2756402206467112,,,,,,,,,,
2162.6107999999394,0.844550562497581,0.27828041793947395,72.87832399999819,21626107.999999393,22866888951.06539,10335080598.657232,2590.8814606251694,5894973323.420594,2664333769.008292,1010.1713153495457,2673999060.698591,2539.9771919801383,1112.9458403174335,2151.000780756702,5463492.923053494,2.282210957593128,,,,,,,,,,
2162.7631999999394,0.8386058950737965,0.28142382203066557,72.88289599999818,21627631.999999393,22944230060.166733,10471507863.69267,2591.297587344834,5773758138.701566,2635083138.2848177,1010.1694917431712,2674005881.673396,2530.7210534371407,1108.0232283316323,2146.330475560547,5431763.722134826,2.28399638990212,,,,,,,,,,
2162.9155999999393,0.8308100833255017,0.2832748080722358,72.88746799999818,21629155.999999393,23045910526.492455,10650828776.896439,2591.8432941672145,5716666561.523861,2641997444.6836004,1010.1676680238941,2674012700.119604,2529.529169779366,1110.1320140273283,2143.794434738932,5422790.556682796,2.278584112355034,,,,,,,,,,
2163.0679999999393,0.8226165800490699,0.2837309732269578,72.89203999999818,21630679.99999939,23153093934.431015,10839810858.482342,2592.416839396565,5722876299.156072,2679335073.9656873,1010.1658441917174,2674019516.0373406,2535.526928088881,1118.0300336138414,2143.4832246377714,5434859.435975857,2.267852250706739,,,,,,,,,,
2163.220399999939,0.8170667048699727,0.28300212488292814,72.89661199999819,21632203.999999393,23225880434.330734,10968123358.90813,2592.805330659102,5773546234.339261,2726482963.504383,1010.1640202466447,2674026329.4267225,2544.7540527834103,1127.4476972890318,2144.9144768848746,5458279.807926593,2.257092775924167,,,,,,,,,,
2163.372799999939,0.8175409393944643,0.2814564366291343,72.90118399999817,21633727.99999939,23219654960.342094,10957149344.553724,2592.7721342423874,5841593899.944416,2756596378.4236174,1010.1621961886789,2674033140.2878766,2552.0060738357956,1133.0173220670486,2147.3363805039357,5480015.485614617,2.2523981091303877,,,,,,,,,,
2163.525199999939,0.8260509113778252,0.2794708535414252,72.90575599999818,21635251.99999939,23108128052.65396,10760533606.29002,2592.176436203552,5903122772.13212,2748848839.1117535,1010.1603720178234,2674039948.6209235,2553.206456958863,1130.7100301103537,2150.0490564293204,5489519.133653652,2.2580559020155486,,,,,,,,,,
2163.677599999939,0.8419630868753735,0.2773240060392532,72.91032799999817,21636775.99999939,22900531811.722145,10394428975.019539,2591.062583918724,5946850319.268693,2699243571.150159,1010.1585477340811,2674046754.4259806,2547.341474942248,1119.7867917453668,2152.6399434403743,5483509.008543001,2.2748450809745746,,,,,,,,,,
2163.829999999939,0.8619096888845894,0.27514055918163494,72.91489999999817,21638299.99999939,22641995659.871017,9938201948.226929,2589.666321778079,5977814467.617441,2623829112.9746294,1010.1567233374558,2674053557.703179,2537.039258799633,1103.4080774802017,2155.079167630366,5467520.4540994745,2.299275590399287,,,,,,,,,,
2163.982399999939,0.8809509538605244,0.2728848525759371,72.91947199999817,21639823.999999385,22396909292.658703,9505340449.692387,2588.3334332297636,6014195428.370985,2552449283.544138,1010.1548988279503,2674060358.4526324,2527.5546039924357,1087.6415896597948,2157.672416531016,5453634.850310454,2.3238855777692664,,,,,,,,,,
2164.134799999939,0.8944645354189762,0.27044360894960867,72.92404399999816,21641347.99999939,22223964080.413467,9199637028.491638,2587.3874825206717,6077256252.506717,2515687635.6485257,1010.153074205568,2674067156.6744714,2524.4280372341823,1078.9904562179975,2160.8345169764343,5454871.238478692,2.3396203577950376,,,,,,,,,,
2164.287199999939,0.8997273321043988,0.2677505532699042,72.92861599999816,21642871.999999385,22156830592.80234,9080907110.180496,2587.019086752692,6180456819.764018,2533040727.268573,1010.1512494703118,2674073952.3688116,2531.159862748499,1081.7104068019344,2164.8118508868174,5479484.867367001,2.339960720385271,,,,,,,,,,
2164.4395999999388,0.8964738550741511,0.2649211310252624,72.93318799999817,21644395.99999939,22198318322.80905,9154285135.239143,2587.2468301448093,6321248301.594151,2606796988.940394,1010.1494246221856,2674080745.535781,2547.8507943143472,1096.17462229089,2169.4404017367488,5527410.450782612,2.3243110563804206,,,,,,,,,,
2164.5919999999387,0.8862964083312703,0.2623181426073534,72.93775999999815,21645919.999999385,22328401378.04312,9384270603.72494,2587.959251416811,6479008004.929754,2723023620.5691805,1010.1475996611922,2674087536.175495,2571.3578482830335,1119.1514965565607,2174.070629544037,5590313.575999695,2.2975958627537607,,,,,,,,,,
2164.7443999999387,0.8715548482760986,0.260460636050261,72.94233199999816,21647443.99999939,22517643060.395782,9718624974.66911,2588.991160620673,6621464385.666919,2857827036.9960065,1010.1457745873346,2674094324.2880816,2596.7251199582715,1145.5460560914446,2177.7640871494095,5655054.710443866,2.2668011522977864,,,,,,,,,,
2164.8967999999386,0.8545213425052349,0.2598115396652205,72.94690399999816,21648967.999999385,22737542090.110886,10106850566.089653,2590.183506024634,6717149966.391386,2985777032.1559324,1010.1439494006164,2674101109.8736596,2619.0592331864177,1170.3970374970202,2179.6709960861954,5708687.447608186,2.237752787539063,,,,,,,,,,
2165.0491999999385,0.8371557906750643,0.2605157399902505,72.95147599999815,21650491.999999385,22963121677.39161,10504827928.231304,2591.399094652745,6749803789.230399,3087800010.4401817,1010.1421241010408,2674107892.932352,2635.145864307782,1190.283609032614,2179.4567648547263,5743186.480344551,2.21388066197892,,,,,,,,,,
2165.2015999999385,0.8213074809569341,0.262240670542363,72.95604799999815,21652015.999999385,23170249163.351154,10870054648.474794,2592.5084763330146,6727031703.397038,3155909188.6507945,1010.1402986886108,2674114673.464283,2644.257855983592,1203.8668666529588,2177.547184382649,5757996.249078771,2.196470331752936,,,,,,,,,,
2165.3539999999384,0.8088443661244902,0.2641869511407213,72.96061999999816,21653539.999999385,23333994832.95132,11158686340.1983,2593.3808943712856,6680112902.065462,3194535917.441625,1010.1384731633299,2674121451.4695697,2648.2231464498,1211.8905093068388,2175.1089061957023,5760173.751436565,2.185200004548675,,,,,,,,,,
2165.5063999999384,0.8014278617392918,0.2653469752147776,72.96519199999814,21655063.99999938,23431801610.31871,11331058010.231533,2593.900049678249,6651882158.035308,3216690882.903775,1010.1366475252012,2674128226.948339,2650.4540002747244,1216.4927766313033,2173.6532214610725,5761167.876031541,2.178766739260326,,,,,,,,,,
2165.6587999999383,0.7999883818139719,0.2648564013529114,72.96976399999815,21656587.999999385,23450816995.57232,11364568099.364407,2594.000813273022,6681051859.263425,3237723821.917163,1010.1348217742278,2674134999.900714,2654.5354231575266,1220.22471793521,2174.50376653939,5772297.276068276,2.1754480007988772,,,,,,,,,,
2165.8111999999383,0.8043959210265768,0.26237918315300884,72.97433599999815,21658111.99999938,23392626677.723988,11262019556.33527,2593.69228552814,6784834286.52183,3266453890.5357933,1010.1329959104132,2674141770.3268127,2662.318424707065,1224.5864782235062,2178.1992926438816,5799060.109489702,2.1740550561764,,,,,,,,,,
2165.963599999938,0.8135745974131324,0.25829815039126464,72.97890799999814,21659635.99999938,23271756863.639343,11048989100.49117,2593.0497781810805,6949269114.933812,3299381269.6303687,1010.1311699337607,2674148538.2267594,2672.74589540475,1229.0556826443094,2184.1848294508827,5837771.037720171,2.174633690846574,,,,,,,,,,
2166.115999999938,0.8260274811159041,0.2536231467643009,72.98347999999814,21661159.99999938,23108434632.0756,10761074146.047878,2592.1780763218867,7130769104.515466,3320637519.320626,1010.1293438442731,2674155303.6006727,2681.999089282668,1231.1078424163643,2190.933898456441,5876082.7203387,2.178524899994592,,,,,,,,,,
2166.268399999938,0.840414946480173,0.2495717136106914,72.98805199999815,21662683.99999938,22920676223.87172,10429962582.06664,2591.170953746388,7273590806.91391,3309818576.572576,1010.1275176419538,2674162066.448681,2685.3148428788927,1227.5179935122085,2196.587234104869,5898528.303420098,2.1875971326461747,,,,,,,,,,
2166.420799999938,0.8558004463267264,0.24708301802884786,72.99262399999813,21664207.999999378,22720982502.9837,10077625044.33627,2590.093968757129,7333740254.183601,3252794391.462268,1010.1256913268062,2674168826.770904,2679.2605602166036,1216.0334701793868,2199.7106383798045,5893597.957299897,2.203278631649312,,,,,,,,,,
2166.573199999938,0.8715837500459414,0.24645441562243273,72.99719599999814,21665731.99999938,22517271077.259018,9717967992.793036,2588.9891374967838,7299057273.820255,3150115514.494345,1010.1238648988333,2674175584.567461,2663.442309518188,1196.6431258243906,2199.870819392103,5859229.015843371,2.2257615926078973,,,,,,,,,,
2166.725599999938,0.8871000863647027,0.24734500829966105,73.00176799999814,21667255.999999378,22318112418.07818,9366084561.851849,2587.9029939544707,7190887227.6600065,3017748839.478406,1010.1220383580385,2674182339.838474,2640.6700847152983,1171.8245792409346,2197.6467503974236,5803260.030546265,2.2534687627271213,,,,,,,,,,
2166.877999999938,0.9013744173146337,0.24908059751876255,73.00633999999813,21668779.99999938,22135844992.472015,9043785180.649742,2586.9037907879756,7048207598.160584,2879604345.262863,1010.1202117044251,2674189092.58407,2615.5566412728163,1145.5986716738553,2194.157594752072,5738943.468952971,2.283135190311611,,,,,,,,,,
2167.030399999938,0.9130911464677167,0.25106929727205846,73.01091199999813,21670303.999999378,21986902761.222103,8780210340.46357,2586.08361974726,6905792491.9126835,2757746796.130242,1010.118384937996,2674195842.8043656,2592.5136996078872,1122.056617899386,2190.407135718503,5678660.507069092,2.3105016790163044,,,,,,,,,,
2167.1827999999377,0.9208143661966839,0.25310004348276205,73.01548399999814,21671827.999999378,21889049876.267567,8606938607.81919,2585.542994366232,6779107588.706266,2665595956.0427103,1010.1165580587548,2674202590.499487,2574.1765519198807,1104.0592484621063,2186.8024948329166,5629215.7058787905,2.331556531504597,,,,,,,,,,
2167.3351999999377,0.9233552331471347,0.2553798972785879,73.02005599999812,21673351.999999374,21856912948.53961,8550013286.127812,2585.3651336797006,6662339390.174725,2606181871.923162,1010.1147310667043,2674209335.6695538,2560.908785742772,1092.6164842877529,2183.0778476723394,5590663.240064515,2.343831364957082,,,,,,,,,,
2167.4875999999376,0.9200643238616395,0.25829658163521646,73.02462799999813,21674875.999999374,21898541684.874763,8623749951.507803,2585.5954973296853,6539280690.586527,2575199862.6142297,1010.1129039618481,2674216078.314688,2551.54850974623,1087.2048105422368,2178.653729036987,5558940.675577391,2.3468885393117978,,,,,,,,,,
2167.6399999999376,0.9110680706375477,0.26205936016937853,73.02919999999813,21676399.999999374,22012577435.40914,8825659135.611092,2586.2252350553717,6399255970.385274,2565699181.836626,1010.1110767441894,2674222818.4350114,2544.6977887173357,1086.560823168804,2173.1897671744446,5530111.194991951,2.341974544320563,,,,,,,,,,
2167.7923999999375,0.8974217936682161,0.26640715826325684,73.03377199999812,21677923.999999374,22186225580.356285,9132898529.834734,2587.1804744432247,6249814337.544485,2572718823.5946646,1010.1092494137314,2674229556.0306487,2539.937429623487,1089.589620812639,2167.0374110043645,5504139.431604361,2.3310954703562135,,,,,,,,,,
2167.9447999999375,0.8811468120909025,0.27054376964140703,73.03834399999812,21679447.99999937,22394396888.691998,9500901034.371376,2588.319723153637,6119315461.826162,2596140940.5165143,1010.107421970477,2674236291.1017175,2538.393126680851,1095.9788257578984,2161.3442178971054,5486341.307101412,2.3160968688655865,,,,,,,,,,
2168.0971999999374,0.8650018147691748,0.27342775432582817,73.04291599999813,21680971.999999374,22602083137.603786,9867736534.873337,2589.4498729661577,6044659736.31906,2639009393.860545,1010.1055944144299,2674243023.6483445,2542.003901415097,1105.9453359577208,2157.6133135744135,5484661.4608513145,2.298489643897079,,,,,,,,,,
2168.2495999999373,0.8519175598673926,0.274287248753674,73.04748799999811,21682495.99999937,22771274890.25354,10166379913.085411,2590.365770809283,6050724178.578823,2701384136.162394,1010.1037667455932,2674249753.6706486,2551.7292992376983,1119.1186891613906,2156.920053404686,5503876.096386078,2.2801239260420463,,,,,,,,,,
2168.4019999999373,0.8440867356106728,0.27310434634686714,73.05205999999812,21684019.99999937,22872917385.360466,10345715580.984865,2590.913928507253,6131933457.006876,2773552601.04782,1010.1019389639698,2674256481.168749,2565.7781937344635,1133.3734753145627,2159.187303405744,5539995.699266776,2.2638417517423752,,,,,,,,,,
2168.5543999999372,0.842090667598857,0.27075508790387515,73.05663199999812,21685543.99999937,22898872238.371067,10391501496.894476,2591.0536532680803,6247361671.706381,2835050891.912227,1010.1001110695634,2674263206.1427727,2579.4057861185975,1144.8587959717586,2163.002437978178,5579261.003909545,2.2530339944055653,,,,,,,,,,
2168.706799999937,0.8445039724226153,0.26865659555369825,73.06120399999811,21687067.99999937,22867494443.94065,10336148778.849297,2590.884721930417,6336346264.866501,2864039952.8038545,1010.0982830623768,2674269928.5928435,2587.0806076698263,1149.8485961547842,2166.196018966675,5604123.713080265,2.2499315269169338,,,,,,,,,,
2168.859199999937,0.8484477196487434,0.2680547028331624,73.06577599999811,21688591.999999367,22816277092.909225,10245787271.726267,2590.6086596245877,6350205802.238044,2851598335.542343,1010.0964549424136,2674276648.5190773,2585.742571661665,1147.1500780957022,2166.9449302743215,5603161.7566567315,2.254057791596076,,,,,,,,,,
2169.011599999937,0.8509230977960565,0.269387249193901,73.07034799999812,21690115.99999937,22784166822.241005,10189129094.671549,2590.435383154276,6279333904.451923,2808131817.1596656,1010.0946267096768,2674283365.9215956,2576.5782130257217,1138.9606227451186,2164.711733986657,5577549.091271152,2.2622188700568615,,,,,,,,,,
2169.163999999937,0.8502601004593252,0.27208480477341335,73.0749199999981,21691639.999999367,22792764312.81907,10204299789.054972,2590.4817929678475,6157187416.503456,2756567189.1786075,1010.0927983641697,2674290080.800526,2564.184180727602,1129.559126578334,2160.481961905055,5539873.669464275,2.2700752181915798,,,,,,,,,,
2169.316399999937,0.8467872512743867,0.27490547534870874,73.07949199999811,21693163.99999937,22837832613.923042,10283818745.143505,2590.724892410793,6040220343.097959,2719896070.666474,1010.0909699058958,2674296793.1559863,2554.1425687105975,1123.1341606609647,2156.19997259229,5507242.136650592,2.2741206332887995,,,,,,,,,,
2169.468799999937,0.8422874500912215,0.27659903136863884,73.08406399999811,21694687.999999367,22896312638.09591,10386986350.904713,2591.0398784936147,5978602709.290283,2712212473.7044296,1010.0891413348576,2674303502.9880996,2550.5930976422183,1122.184240396664,2153.750435953967,5493340.995988107,2.272882656720119,,,,,,,,,,
2169.621199999937,0.8386427533285906,0.27646725526469734,73.0886359999981,21696211.99999937,22943750010.320152,10470661155.825802,2591.2950072669987,5996982133.741035,2736796201.654021,1010.087312651059,2674310210.2969875,2555.0434173989174,1127.1558742696805,2154.14285593311,5503928.524188797,2.2668057504064465,,,,,,,,,,
2169.773599999937,0.8366447961063739,0.27459558576104015,73.0932079999981,21697735.999999367,22969781187.27507,10516573256.972189,2591.4348642725536,6089322060.097007,2787958710.1066318,1010.0854838545031,2674316915.082771,2566.3384171501493,1136.835508974642,2157.2033048638013,5536113.714875239,2.257440409707851,,,,,,,,,,
2169.9259999999367,0.8356929743008294,0.2717254169791286,73.0977799999981,21699259.999999367,22982189084.948616,10538456464.657818,2591.501491798942,6225013794.743455,2854472940.994208,1010.0836549451926,2674323617.3455744,2581.4871387887074,1149.0957181699525,2161.7900706616256,5580633.264174118,2.2465379497714766,,,,,,,,,,
2170.0783999999367,0.7668422846734174,0.27498747557035397,73.10235199999809,21700783.999999367,23891602261.84471,12141278834.492489,2596.321040072861,6315018198.217043,3209177682.984225,1010.0818259231316,2674330317.0855155,2637.4637523853044,1218.8701118059848,2160.1251229231248,5697251.712326592,2.163859567019333,,,,,,,,,,
2170.2307999999366,0.7567957804660551,0.274001640989539,73.1069239999981,21702307.999999367,24026335511.11236,12378717646.53166,2597.024295367376,6397939351.33488,3296311445.962228,1010.0799967883228,2674337014.3027196,2653.1777304858206,1234.7137735682463,2162.1989533977226,5736698.112034586,2.148820064441576,,,,,,,,,,
2170.3831999999366,0.7445527076077291,0.2749278547353653,73.11149599999808,21703831.999999363,24191257929.767334,12669416388.3732,2597.881310467459,6397098823.000439,3350280870.1169577,1010.0781675407693,2674343708.997307,2661.0292805427757,1245.0249615534851,2161.3499986405536,5751415.631883602,2.137330063826564,,,,,,,,,,
2170.5355999999365,0.7308673328405434,0.2779028994561574,73.1160679999981,21705355.999999367,24376576324.742397,12996180791.503773,2598.839286701162,6302296245.925938,3360019894.612274,1010.0763381804747,2674350401.169401,2659.142133532207,1247.998017784017,2157.3174567587494,5736613.744671736,2.130726247669736,,,,,,,,,,
2170.6879999999364,0.7169126455203875,0.2823779428075137,73.12063999999809,21706879.999999363,24566613384.943974,13331441583.659973,2599.8161148135728,6136509521.725603,3330069022.317732,1010.0745087074421,2674357090.8191185,2648.921427655976,1244.2730220461337,2150.908150485811,5697586.688741749,2.128890830808162,,,,,,,,,,
2170.8403999999364,0.7037096996211304,0.28726331201313904,73.12521199999809,21708403.999999363,24747429486.627186,13650651253.166351,2600.7403210265206,5949629247.950994,3281808075.998536,1010.0726791216748,2674363777.9465885,2635.136618538907,1237.269963670607,2143.799865900805,5649205.52945401,2.1297992321103885,,,,,,,,,,
2170.9927999999363,0.691593776821706,0.29129434039724167,73.12978399999808,21709927.999999363,24914245086.04323,13945376442.282757,2601.5884356224806,5800421644.262974,3246699351.06825,1010.0708494231756,2674370462.5519266,2624.528936541084,1232.3054462204195,2137.9883701199437,5611212.343368102,2.1297714333655886,,,,,,,,,,
2171.1451999999363,0.6799309423220491,0.29350285427420353,73.13435599999809,21711451.999999363,25075638539.505814,14230774203.443844,2602.4048340374566,5734945457.938729,3254661441.7181787,1010.0690196119484,2674377144.6352587,2623.3405745803284,1234.6643604725775,2135.0497275405314,5600962.579003751,2.1247398552722654,,,,,,,,,,
2171.297599999936,0.667189776871467,0.2935780064003831,73.13892799999807,21712975.99999936,25252885955.854004,14544540853.158329,2603.2967156189975,5771968433.512571,3324397489.8996778,1010.0671896879958,2674383824.1967025,2635.0839234922223,1247.6725720206516,2135.5595676579464,5627378.684395456,2.111999560288968,,,,,,,,,,
2171.449999999936,0.6515524342419793,0.2919347160317449,73.14349999999808,21714499.999999363,25471779852.52226,14932593414.295544,2604.3913296030614,5899772239.115898,3458686459.8290734,1010.0653596513216,2674390501.2363853,2659.5118086478956,1271.6132780315288,2138.952230303164,5688568.714625018,2.091447026068215,,,,,,,,,,
2171.602399999936,0.6319497454613934,0.28948251331209457,73.1480719999981,21716023.999999367,25748344686.725983,15423935927.551098,2605.7635178177024,6082151395.399842,3643368712.2681255,1010.0635295019284,2674397175.754422,2692.8277449684992,1303.6342279154444,2143.8362747079723,5772981.801203537,2.065631361393773,,,,,,,,,,
2171.754799999936,0.60901064963525,0.28728812349679966,73.15264399999808,21717547.999999363,26075129107.105225,16006318527.770388,2607.3692545255326,6267597317.191583,3847388776.1280937,1010.06169923982,2674403847.7509403,2728.435592596962,1338.1882151449183,2148.4817643202396,5861994.1158168595,2.038902720647176,,,,,,,,,,
2171.907199999936,0.5852280882047438,0.2862685523198661,73.15721599999809,21719071.99999936,26417637603.415276,16619287742.368454,2609.0340338256683,6401217172.742416,4026994074.6497025,1010.0598688649993,2674410517.226056,2758.3001555765727,1368.1704527840413,2151.298014425511,5933925.647881459,2.016050083499323,,,,,,,,,,
2172.059599999936,0.5640063629743167,0.2870340570495594,73.16178799999808,21720595.99999936,26726567415.93106,17174858648.721592,2610.5195545917977,6437092451.121567,4136563863.0745325,1010.0580383774695,2674417184.1798954,2774.854766759096,1386.712009062155,2151.13259244111,5969080.528066065,2.0010317561436235,,,,,,,,,,
2172.211999999936,0.5480905973571146,0.28982953448607945,73.16635999999808,21722119.99999936,26960366625.02057,17597293913.210552,2611.633658185002,6350840762.743526,4145255628.4705515,1010.0562077772341,2674423848.612578,2773.3126941764713,1389.358134685763,2147.4492112899165,5955548.157769577,1.9961107398732172,,,,,,,,,,
2172.364399999936,0.5381617688081878,0.29453516315173034,73.17093199999807,21723643.999999356,27107157892.68966,17863493934.93578,2612.328676183427,6147848940.013485,4051404528.928848,1010.0543770642962,2674430510.52423,2753.5058522716986,1375.799268982,2140.402554078549,5893610.958872576,2.0013863318223084,,,,,,,,,,
2172.5167999999358,0.5325128140185438,0.3006712407503081,73.17550399999809,21725167.99999936,27191001427.13157,18015903039.974674,2612.724103018702,5863205215.416733,3884775518.382402,1010.0525462386589,2674437169.914966,2720.2491727126358,1350.2271763392903,2130.8468575264187,5796434.40136356,2.014660362627067,,,,,,,,,,
2172.6691999999357,0.5278484834065627,0.3074784717803048,73.18007599999807,21726691.999999356,27260411796.32511,18142284488.396645,2613.0506061615406,5549963496.874167,3693598519.816981,1010.0507153003256,2674443826.78491,2681.694015156567,1319.8976452873696,2120.162649455539,5685627.488203409,2.0317439194860487,,,,,,,,,,
2172.8215999999356,0.5207004841295129,0.3140538341923181,73.18464799999808,21728215.999999356,27367102457.023758,18336928753.140724,2613.550966110934,5263078282.946254,3526449014.766587,1010.0488842492994,2674450481.1341853,2646.7313764991773,1292.7995137198318,2109.9649891669233,5584510.540142843,2.0472867976903975,,,,,,,,,,
2172.9739999999356,0.5086069706267138,0.3195783989957635,73.18921999999807,21729739.999999356,27548504558.453247,18669000070.302322,2614.39751205613,5044422309.979637,3418491201.9388394,1010.0470530855835,2674457132.9629116,2622.4677665938198,1275.3628303682292,2101.6817609502045,5511592.673730049,2.056252310439883,,,,,,,,,,
2173.1263999999355,0.4906312098124156,0.32353402724466135,73.19379199999807,21731263.999999356,27820261380.064796,19169351407.61589,2615.655815313131,4915116167.070736,3386725513.777814,1010.0452218091812,2674463782.2712135,2612.765677924807,1271.0864110310827,2096.186153810107,5476843.2372162575,2.055537416850659,,,,,,,,,,
2173.2787999999355,0.46723991626306227,0.32584384627127927,73.19836399999807,21732787.99999935,28177800421.26919,19833547867.67621,2617.2932058615856,4874050540.992984,3430704784.227556,1010.0433904200959,2674470429.0592074,2617.802589903983,1280.1086036365962,2093.580744079327,5480581.09402397,2.044984763376482,,,,,,,,,,
2173.4311999999354,0.4399876888002559,0.3268319392773782,73.20293599999806,21734311.999999356,28600147939.785908,20628137809.87449,2619.200861783982,4902232347.516202,3535783264.2506857,1010.0415589183305,2674477073.3270197,2634.584917821097,1299.6593916514676,2093.2762062221673,5514913.921746686,2.0271349053026495,,,,,,,,,,
2173.5835999999354,0.41133232712245843,0.32702123072661,73.20750799999806,21735835.99999935,29051271982.444305,21490973448.036133,2621.2067371014277,4970852160.312827,3677238361.7472067,1010.0397273038885,2674483715.0747695,2658.087056031859,1325.0713859109385,2094.320918651324,5566887.325043837,2.0059953631890712,,,,,,,,,,
2173.7359999999353,0.38448499435824807,0.3268694151459967,73.21207999999807,21737359.999999356,29480787291.409225,22328522651.528538,2623.0860503949225,5051429392.291281,3825913958.588225,1010.0378955767728,2674490354.302579,2682.772070845833,1351.1064865683622,2095.829943427185,5622634.037468853,1.9856111250414694,,,,,,,,,,
2173.8883999999352,0.3629230623078685,0.3266322995482123,73.21665199999805,21738883.99999935,29830764912.225708,23024508396.87355,2624.5953856384494,5122604578.861608,3953819236.1780086,1010.036063736987,2674496991.010567,2703.8028250363723,1373.0475091160258,2097.2281615687725,5670491.427995484,1.9691983031068552,,,,,,,,,,
2174.040799999935,0.3494741675210279,0.32637873812757956,73.22122399999806,21740407.999999356,30051405684.27498,23470369481.982613,2625.536808273528,5172582647.764001,4039825198.0152583,1010.0342317845343,2674503625.198864,2717.8832606905967,1387.5558913093537,2098.2711159171968,5702855.942341927,1.9587558798268605,,,,,,,,,,
2174.193199999935,0.34525341048683017,0.3261105210948415,73.22579599999806,21741931.99999935,30121031477.610878,23612297550.041252,2625.832261265922,5197401838.539457,4074315940.6724,1010.0323997194176,2674510256.8675795,2723.6792909323253,1393.2568116918385,2098.902926432019,5716738.434400144,1.9549011123261248,,,,,,,,,,
2174.345599999935,0.349233013928727,0.32578743845376945,73.23036799999805,21743455.99999935,30055378826.793064,23478452154.6663,2625.553689024989,5201523735.705213,4063290197.2025046,1010.0305675416404,2674516886.016842,2722.284566136272,1391.2597810973036,2099.236549514091,5714719.259411372,1.956704709733773,,,,,,,,,,
2174.497999999935,0.3587056508364591,0.32525703548753737,73.23493999999805,21744979.99999935,29899758088.169975,23163306841.32319,2624.890604441448,5199880352.441165,4028341091.8102994,1010.0287352512056,2674523512.6467705,2717.293013714152,1385.1287342949806,2099.6454201467664,5705351.831441724,1.9617620705105308,,,,,,,,,,
2174.650399999935,0.37035723124551095,0.3241839410522401,73.23951199999806,21746503.99999935,29709581552.55362,22782023206.32535,2624.0749938128142,5217855599.621467,4001177436.5638437,1010.0269028481171,2674530136.7574897,2714.119058938796,1380.062673504632,2100.8265226360345,5701893.304610577,1.9666636240848134,,,,,,,,,,
2174.802799999935,0.38138189488882007,0.32216947908258614,73.24408399999804,21748027.999999348,29530874226.99691,22427337632.03952,2623.3032673577823,5282479085.747065,4011799348.694211,1010.0250703323773,2674536758.3491173,2718.022065047168,1380.9970192217315,2103.5542710068135,5717506.923620729,1.9681592553899385,,,,,,,,,,
2174.955199999935,0.3899945849979897,0.3190204024602933,73.24865599999805,21749551.99999935,29392085906.759804,22154139314.014923,2622.7003790501403,5408991713.383376,4077000739.137329,1010.0232377039899,2674543377.4217763,2731.868111218928,1390.631534324746,2108.2234683793763,5759388.464588984,1.9644801975136073,,,,,,,,,,
2175.107599999935,0.39551605825107106,0.31496574959407075,73.25322799999805,21751075.999999348,29303484205.788704,21980711835.871296,2622.313875922425,5590452973.860966,4193430889.9060225,1010.0214049629581,2674549993.975587,2754.7065795033513,1408.2547069593772,2114.4969692418,5824818.713510281,1.9561138804578582,,,,,,,,,,
2175.2599999999347,0.3981179568914047,0.31065730736097485,73.25779999999804,21752599.999999348,29261832371.057697,21899438446.96809,2622.131743017602,5796634956.419231,4338178444.122433,1010.0195721092853,2674556608.010673,2782.0007442001493,1430.0488972199687,2121.3173168393687,5901506.354131787,1.9453885455304294,,,,,,,,,,
2175.4123999999347,0.39849115727400314,0.3069267899230203,73.26237199999804,21754123.999999348,29255863324.188194,21887804449.71004,2622.10561899082,5984361403.510298,4477206182.739109,1010.017739142974,2674563219.5271544,2807.472365190513,1450.734319044494,2127.312660955313,5972371.507751936,1.935207796724362,,,,,,,,,,
2175.5647999999346,0.3974287899782326,0.3044525222537253,73.26694399999805,21755647.999999348,29272858503.709785,21920937608.81912,2622.1799847015236,6115007891.426326,4579214785.204702,1010.0159060640284,2674569828.5251513,2825.699529539152,1465.7768530397614,2131.352564673485,6022561.9392799325,1.9277828843313716,,,,,,,,,,
2175.7171999999346,0.3954017361103164,0.3035353448393187,73.27151599999803,21757171.999999344,29305315770.022816,21984289391.53347,2622.321878472278,6169344872.472991,4628124948.285237,1010.0140728724512,2674576435.0047903,2834.1045569707344,1473.0391515558879,2132.9294727124093,6044945.138311425,1.9239845417395933,,,,,,,,,,
2175.8695999999345,0.39241067760959003,0.30408800899587435,73.27608799999804,21758695.999999348,29353279792.33483,22078088916.27877,2622.531252567329,6150715443.770221,4626264711.371336,1010.0122395682454,2674583038.9661865,2833.245839115981,1473.0006711304045,2132.183556436445,6041000.189505073,1.923451831791565,,,,,,,,,,
2176.0219999999345,0.3882129983512459,0.3057773510984955,73.28065999999804,21760219.999999344,29420736607.862648,22210380968.54737,2622.825090115413,6077283596.95531,4587879145.969732,1010.0104061514146,2674589640.4094615,2825.6360161618463,1467.744809238187,2129.662888240144,6017652.159294613,1.9251548350754886,,,,,,,,,,
2176.1743999999344,0.38301474261792373,0.3081830239912503,73.28523199999803,21761743.999999348,29504506922.23405,22375286801.535095,2623.188968016745,5970698469.080758,4527989266.293854,1010.0085726219619,2674596239.3347406,2813.9521960463317,1459.3772629181985,2126.03415552058,5982558.480796644,1.9281869517546815,,,,,,,,,,
2176.3267999999343,0.3780471985658948,0.3108867334565245,73.28980399999803,21763267.999999344,29584803486.30783,22534019188.80642,2623.5366961003874,5848973817.190157,4455019898.725649,1010.0067389798908,2674602835.7421412,2799.8743925420163,1448.9759484179604,2121.91163839695,5941086.059584495,1.9323125381059716,,,,,,,,,,
2176.4791999999343,0.37557473534997277,0.313432599003592,73.29437599999804,21764791.999999348,29624858578.061005,22613450785.949272,2623.709768525502,5728395970.119696,4372638607.249358,1010.0049052252041,2674609429.631789,2784.416065388788,1436.8677774602236,2117.9220591965536,5897176.2068681875,1.9378373633727535,,,,,,,,,,
2176.631599999934,0.3782747004368539,0.31529055820157836,73.29894799999802,21766315.999999344,29581120847.187244,22526724720.75939,2623.5207709694205,5627281300.28488,4285308100.1441493,1010.0030713579051,2674616021.0038037,2768.8155141415295,1423.4984675954192,2114.7938747907792,5855474.089732189,1.9450779731562526,,,,,,,,,,
2176.783999999934,0.3883459850883415,0.315892548076289,73.30351999999803,21767839.99999934,29418596923.515396,22206177980.748234,2622.815781043816,5566684352.537748,4201926550.6265364,1010.0012373779974,2674622609.8583055,2755.070538827061,1410.0664326167955,2113.339685270723,5822399.905423421,1.953858680058224,,,,,,,,,,
2176.936399999934,0.40683004160621533,0.3148162207789419,73.30809199999803,21769363.99999934,29122829845.14923,21629350388.018585,2621.521897087565,5563310975.098833,4131837566.5325184,1009.9994032854836,2674629196.1954136,2745.1213326878433,1397.9761728571152,2114.1884758885376,5803703.886484423,1.9636395712507022,,,,,,,,,,
2177.088799999934,0.43337471793773974,0.31198306098120276,73.31266399999802,21770887.99999934,28703604540.796516,20824635088.659477,2619.6637697443584,5620960678.393496,4078040261.7684665,1009.9975690803675,2674635780.0152545,2739.547413566166,1387.7671090688614,2117.4751813032235,5800923.656229795,1.9740685563619516,,,,,,,,,,
2177.241199999934,0.4661303563092836,0.30778694518441074,73.31723599999802,21772411.999999337,28194872651.13172,19865446254.560627,2617.37087505835,5725075606.841633,4033754050.8963227,1009.995734762652,2674642361.317944,2736.8655953481575,1378.530413488227,2122.6417908613735,5809385.288656692,1.9853501733217518,,,,,,,,,,
2177.393599999934,0.5017569065954595,0.30301514137602903,73.32180799999803,21773935.99999934,27651761358.4404,18858690219.490738,2614.8770165383175,5846772818.408302,3987539019.189623,1009.9939003323406,2674648940.1036086,2734.436020742801,1368.6997404373774,2128.5731321891612,5820447.04544337,1.9978348354687296,,,,,,,,,,
2177.545999999934,0.5357492777139143,0.29858402886683255,73.32637999999801,21775459.999999337,27142935588.774853,17928496786.748043,2612.497550560026,5955044827.262941,3933436075.8928967,1009.9920657894363,2674655516.3723645,2730.365776720025,1357.6484051123616,2134.0150066360266,5826641.541125964,2.011099314401695,,,,,,,,,,
2177.698399999934,0.563470547009891,0.2952183844860328,73.33095199999802,21776983.999999337,26734408689.07026,17188997427.701405,2610.557061709308,6029675253.3777895,3876804369.4401255,1009.9902311339424,2674662090.124337,2724.7666177227297,1346.5701990382886,2138.040307724919,5825660.857834492,2.0234864990096617,,,,,,,,,,
2177.8507999999338,0.5817795718641675,0.29324167368084175,73.33552399999802,21778507.999999337,26467623597.417023,16708995712.349325,2609.275429969508,6066111531.665384,3829532757.263531,1009.9883963658621,2674668661.3596444,2719.2086658256967,1337.629350163607,2140.297823539506,5819916.389216503,2.0328566097126286,,,,,,,,,,
2178.0031999999337,0.590400291705456,0.29255648256243266,73.34009599999801,21780031.999999337,26342821074.834892,16485142450.113499,2608.671979580618,6071024931.814995,3799202467.1483693,1009.9865614851984,2674675230.0784097,2715.0152753257084,1332.113759232456,2140.96619693877,5812755.928644749,2.0381256904741076,,,,,,,,,,
2178.1555999999337,0.592096353717495,0.29277312797789884,73.34466799999801,21781555.999999333,26318327405.627975,16441257278.65395,2608.5532552397754,6054782052.813759,3782467934.3110485,1009.984726491955,2674681796.280752,2712.060008747176,1329.3104707255864,2140.5353467912482,5805260.311342313,2.040200591564463,,,,,,,,,,
2178.3079999999336,0.5914066267862634,0.2933556898982112,73.34923999999802,21783079.999999337,26328285713.26237,16459097665.060808,2608.6015361249615,6028611907.941351,3768779830.871112,1009.9828913861348,2674688359.9667954,2709.2036820035632,1327.1813395146103,2139.6376607134594,5796714.228558395,2.041321409020413,,,,,,,,,,
2178.4603999999335,0.5927771333243136,0.29371266239921173,73.353811999998,21784603.999999333,26308501474.64231,16423656526.257631,2608.505600667298,6006689347.417416,3749806989.083003,1009.9810561677411,2674694921.1366596,2705.722829887793,1324.0341803886527,2138.998700791846,5787537.617832826,2.0435445473874125,,,,,,,,,,
2178.6127999999335,0.5990454426764236,0.2932698741160793,73.35838399999801,21786127.999999337,26218177328.82769,16261976037.303753,2608.0668190126503,6007570100.408057,3726230080.374036,1009.9792208367772,2674701479.790468,2702.3453796108756,1319.7426656614716,2139.3958702691443,5781386.54518041,2.047630534287854,,,,,,,,,,
2178.7651999999334,0.6110696434365802,0.29162357572471254,73.36295599999801,21787651.999999333,26045655645.937088,15953701063.762081,2607.225124959439,6047812110.244208,3704456044.7333984,1009.9773853932463,2674708035.928335,2700.5647164029037,1315.255961390597,2141.4300278289315,5783070.375800501,2.053261719146777,,,,,,,,,,
2178.9175999999334,0.6281584994387884,0.28877070512498876,73.367527999998,21789175.999999337,25802116835.138344,15519621472.997517,2606.028905039285,6129495578.124643,3686808016.59491,1009.9755498371517,2674714589.55039,2700.7865058608277,1310.985539548253,2145.135452240461,5793552.8826547,2.060119219004872,,,,,,,,,,
2179.0699999999333,0.6487528783813532,0.2852413187253444,73.372099999998,21790699.999999333,25511128735.09842,15002424253.826946,2604.587298513305,6231672747.647165,3664682944.529603,1009.9737141684961,2674721140.65675,2701.049574673271,1305.6460990194316,2149.7376168574433,5806547.875671928,2.0687455633665337,,,,,,,,,,
2179.2223999999333,0.6709246086734727,0.2819649821528257,73.376671999998,21792223.999999333,25200827390.967243,14452346536.004814,2603.035277392857,6315115008.989177,3621636270.456346,1009.9718783872835,2674727689.2475343,2697.657128936557,1296.7163059352076,2153.8471845239305,5810341.211970913,2.0803757279746504,,,,,,,,,,
2179.374799999933,0.692680338783638,0.2798698791494941,73.38124399999799,21793747.999999333,24899249936.34362,13918873202.690878,2601.5123762851454,6341218027.384835,3544789899.271487,1009.9700424935165,2674734235.322867,2687.4345907524316,1282.2185253739835,2156.087615665578,5794344.439032609,2.0959255677331523,,,,,,,,,,
2179.527199999933,0.7122890185209467,0.27944908375770655,73.385815999998,21795271.999999333,24629821108.87195,13443000795.740967,2600.1397687035337,6292900209.907185,3434676287.5524297,1009.9682064871989,2674740778.8828664,2669.779713498404,1262.2399377268998,2155.767782624618,5755425.0930646425,2.1151126926836645,,,,,,,,,,
2179.679599999933,0.7285902137441769,0.2805593351909152,73.39038799999798,21796795.99999933,24407512015.305992,13050743545.83197,2598.9986850379073,6183096392.458247,3306113514.8280606,1009.9663703683333,2674747319.9276586,2647.111954547539,1239.1350103128705,2153.18083523733,5699710.729259391,2.136257899677265,,,,,,,,,,
2179.831999999933,0.7412376837883573,0.282553128527555,73.394959999998,21798319.999999333,24236053405.747787,12748389619.452951,2598.113362134815,6045713283.09029,3180101445.1494207,1009.9645341369232,2674753858.4573627,2623.563889024557,1216.3657818162812,2149.3769422166406,5639027.729501599,2.1568872852597374,,,,,,,,,,
2179.984399999933,0.7506822601669341,0.2845985490137921,73.39953199999799,21799843.99999933,24108587568.169685,12523688602.098244,2597.4522417883145,5918801016.605633,3074639715.8337975,1009.9626977929723,2674760394.4720955,2603.1801998817136,1197.0634419653766,2145.6550209926736,5585526.666424911,2.1746384599363675,,,,,,,,,,
2180.136799999933,0.7949039267863632,0.2826584120615769,73.40410399999799,21801367.99999933,23518065758.566452,11483073782.66576,2594.356725124954,5861816115.858557,2862125977.9539804,1009.960861336483,2674766927.9719825,2568.9758589711228,1154.7222111367514,2146.5139061895743,5514342.405946822,2.224756598768571,,,,,,,,,,
2180.289199999933,0.7951924663526672,0.2835463185938621,73.40867599999798,21802891.99999933,23514245935.54229,11476342652.38916,2594.336527355313,5820517227.031315,2840756633.0068173,1009.9590247674588,2674773458.9571414,2564.1516687470044,1150.7845988801578,2145.09211923359,5500341.5371488575,2.2281769075135442,,,,,,,,,,
2180.441599999933,0.797199684805692,0.28328546499978036,73.41324799999799,21804415.99999933,23487685096.119167,11429537774.764736,2594.1960220636015,5825767837.136629,2834925335.9397445,1009.9571880859033,2674779987.4276958,2563.466434054235,1149.5192559648635,2145.4041873095193,5499671.621647357,2.23003348639215,,,,,,,,,,
2180.5939999999327,0.8023192159707518,0.2822288432788795,73.41781999999797,21805939.999999326,23420032129.825127,11310316801.237051,2593.8376548820474,5856873517.720143,2828480105.534557,1009.9553512918194,2674786513.383768,2563.67834419119,1147.8330067664158,2146.8203844498903,5503756.928482388,2.2334941834556417,,,,,,,,,,
2180.7463999999327,0.8112247267923316,0.2809483928733233,73.42239199999798,21807463.99999933,23302661405.087143,11103460942.590647,2593.2142691245367,5885525613.381953,2804387989.8000426,1009.9535143852105,2674793036.825475,2561.11382422467,1142.5139389272529,2148.3997045811184,5502296.1833629,2.2416477707303875,,,,,,,,,,
2180.8987999999326,0.8235023766706986,0.279998139913057,73.42696399999798,21808987.999999326,23141490659.277084,10819354326.959293,2592.354833633051,5887753369.7482195,2752704691.109321,1009.9516773660795,2674799557.752943,2553.331200384368,1131.7039153246901,2149.2848932857482,5487836.176541287,2.256183057961594,,,,,,,,,,
2181.0511999999326,0.8377628969212293,0.27967025047708927,73.43153599999798,21810511.99999933,22955211219.02714,10490876059.386631,2591.356597215514,5855091263.767564,2675864585.9755316,1009.94984023443,2674806076.166287,2540.3204455183886,1115.8488058559933,2149.0841733844527,5459362.46478851,2.276581228735241,,,,,,,,,,
2181.2035999999325,0.8520606968403215,0.27992422950320045,73.43610799999797,21812035.999999326,22769419683.409622,10163106130.73851,2590.3557512211773,5796381798.107116,2587208818.1222425,1009.948002990265,2674812592.06563,2524.383911835959,1097.4949035378486,2147.961329996751,5422279.024689568,2.3001326964694213,,,,,,,,,,
2181.3559999999325,0.864439546121412,0.28052126238023023,73.44067999999798,21813559.999999326,22609337508.468246,9880544825.42296,2589.489231771501,5729249381.345738,2503748962.445758,1009.9461656335875,2674819105.451094,2508.790539905967,1080.0421056446608,2146.393816874554,5384852.502687541,2.322863642810025,,,,,,,,,,
2181.5083999999324,0.8732274722301384,0.2812329524860951,73.44525199999796,21815083.999999322,22496121647.090694,9680613197.348343,2588.8740769438905,5669350300.951638,2439655519.505111,1009.9443281644014,2674825616.322801,2496.389907625776,1066.517828618371,2144.8270019265065,5354324.4812125815,2.340692148447011,,,,,,,,,,
2181.6607999999324,0.8770821872895107,0.28198405817964006,73.44982399999797,21816607.999999322,22446571983.73065,9593085192.364275,2588.6042468897344,5624090671.716427,2403591113.264946,1009.9424905827093,2674832124.68087,2488.9007536320523,1058.9463080560133,2143.446798353282,5334826.351791693,2.350355947886643,,,,,,,,,,
2181.8131999999323,0.8750182988664379,0.28279116505330343,73.45439599999797,21818131.999999322,22473093440.81881,9639936637.568289,2588.7487190793495,5595585679.446492,2400252174.5392313,1009.9406528885146,2674838630.52542,2487.204973445104,1058.4997271038246,2142.27574664569,5328278.8915479835,2.3497455027696406,,,,,,,,,,
2181.9655999999322,0.8666361354086733,0.2836362385903915,73.45896799999797,21819655.999999322,22581005440.414677,9830519973.078539,2589.335470521393,5585594517.923181,2431658706.0240955,1009.938815081821,2674845133.8565807,2491.714254893582,1065.629735529671,2141.361343930268,5335660.585549127,2.3382551854702855,,,,,,,,,,
2182.117999999932,0.8525355930717833,0.28437128694767977,73.46353999999796,21821179.99999932,22763265211.968132,10152245538.085527,2590.322508484975,5598458874.277928,2496870664.0847178,1009.9369771626308,2674851634.674459,2502.4304542359614,1079.9389356288132,2140.9062410693473,5357468.977315771,2.3171962521926095,,,,,,,,,,
2182.270399999932,0.8344907812554688,0.2847736863308633,73.46811199999797,21822703.999999322,22997867009.455097,10566105923.843082,2591.5856453121173,5638377711.285502,2590487896.6203794,1009.9351391309478,2674858132.979187,2518.5985924763036,1099.9295869850682,2141.1732001798296,5392755.8082209015,2.2897816571875653,,,,,,,,,,
2182.422799999932,0.8151434084382284,0.28470926586041767,73.47268399999795,21824227.99999932,23251139684.948906,11012648207.327839,2592.939961409324,5703348258.385464,2701328572.471352,1009.9333009867755,2674864628.770881,2538.2921318791655,1122.934202335656,2142.2432972682686,5437639.306026926,2.260410384330288,,,,,,,,,,
2182.575199999932,0.7972724385801055,0.2842461070841332,73.47725599999796,21825751.99999932,23486722752.839077,11427841939.387634,2594.190929299393,5782042467.961576,2813345570.0073943,1009.9314627301166,2674871122.049666,2558.5148289055255,1145.545070589825,2143.8713433158905,5485126.623139314,2.233447547889305,,,,,,,,,,
2182.727599999932,0.7829674612740646,0.28362338128048625,73.48182799999796,21827275.99999932,23676458244.80747,11762175748.298609,2595.1922777108152,5857150685.316395,2909761039.114374,1009.9296243609743,2674877612.8156548,2576.0420528832806,1164.5465151420892,2145.574723750058,5527090.715983577,2.212055954303355,,,,,,,,,,
2182.879999999932,0.7731917097673153,0.2830917727704849,73.48639999999796,21828799.99999932,23806725487.013756,11991714841.650871,2595.876580316288,5913808913.976985,2978851928.338869,1009.9277858793521,2674884101.068977,2588.614546858461,1177.9254060048538,2146.9075245759223,5557516.048877121,2.1976048174716034,,,,,,,,,,
2183.032399999932,0.7678441324597537,0.28271918515656574,73.49097199999795,21830323.999999315,23878195847.065903,12117654454.651947,2596.2509107278174,5948768727.033959,3018868105.7197585,1009.9259472852531,2674890586.8097453,2595.9400182631543,1185.5736726659536,2147.7664096698163,5575472.772743252,2.189606667315549,,,,,,,,,,
2183.184799999932,0.7662886273977836,0.2823353760294063,73.49554399999795,21831847.99999932,23899013402.188286,12154338622.82058,2596.3597960821553,5971720987.292182,3037042484.519788,1009.9241085786807,2674897070.038088,2599.5204484223373,1188.9470593185965,2148.452879704392,5584947.193263424,2.1864055493876755,,,,,,,,,,
2183.3371999999317,0.767982300150502,0.28163243728974113,73.50011599999794,21833371.999999315,23876347345.169487,12114397097.94801,2596.241238989465,5998633887.089774,3043590876.8983064,1009.9222697596382,2674903550.754121,2601.49823904412,1189.94309710853,2149.4823613663184,5591874.577950874,2.186237514521123,,,,,,,,,,
2183.4895999999317,0.7727209115210715,0.2803627927388328,73.50468799999796,21834895.99999932,23813011686.226112,12002791715.939287,2595.909536193525,6041631382.367854,3045244510.125889,1009.9204308281282,2674910028.9579678,2603.3333132869902,1189.775210314296,2151.2572013599192,5600439.537748816,2.1880883806608167,,,,,,,,,,
2183.6419999999316,0.7802548272206129,0.27849965641503804,73.50925999999794,21836419.999999315,23712555893.369408,11825781688.700657,2595.3821620945573,6102750310.520863,3043526526.5120683,1009.9185917841544,2674916504.6497483,2605.3277313689614,1188.7286326391943,2153.8311025045505,5611435.900040089,2.191692586376639,,,,,,,,,,
2183.7943999999316,0.7895108989427889,0.2762918445083608,73.51383199999795,21837943.99999932,23589539062.04827,11609018302.078588,2594.734237074005,6173983319.209083,3038375830.9520245,1009.9167526277201,2674922977.829581,2607.17710553217,1186.8875046837034,2156.86209108724,5623321.463672894,2.196650563127264,,,,,,,,,,
2183.9467999999315,0.7980609456206786,0.2742043605342192,73.51840399999794,21839467.999999315,23476294569.831963,11409465378.85419,2594.1357338065523,6241950388.883882,3033584224.574068,1009.9149133588284,2674929448.4975905,2608.956162360481,1185.162079925139,2159.735476790688,5634655.181241618,2.2013496774426633,,,,,,,,,,
2184.0991999999314,0.8023967687971227,0.27278357511237067,73.52297599999794,21840991.999999315,23419008307.45224,11308512520.476885,2593.8322261842013,6293424086.586277,3038952979.7973857,1009.9130739774824,2674935916.653892,2611.6364237294756,1185.6533697011948,2161.7650971562975,5645744.467280475,2.202698099181933,,,,,,,,,,
2184.2515999999314,0.7991339707334069,0.27247711621117604,73.52754799999794,21842515.999999315,23462108611.273216,11384466613.22673,2594.0606220486616,6319467125.202229,3066380933.2840915,1009.9112344836853,2674942382.298616,2616.6509777167535,1190.8125780267533,2162.416165277256,5658288.373103244,2.1973659213884846,,,,,,,,,,
2184.4039999999313,0.7864674848983261,0.273470462287544,73.53211999999795,21844039.999999315,23629938656.363453,11680205502.900398,2594.947276057117,6317524019.991586,3122732559.5760612,1009.9093948774407,2674948845.4318705,2624.9146209377004,1201.9631654605878,2161.4862339476417,5673716.818444732,2.183856125018476,,,,,,,,,,
2184.5563999999313,0.7652229718591704,0.2755980779162449,73.53669199999793,21845563.99999931,23913282600.71222,12179483780.981186,2596.434391969858,6291671728.959696,3204466532.5805244,1009.9075551587515,2674955306.0537853,2636.043307507316,1218.2386534973025,2159.1906451821774,5691720.049864883,2.163815193303709,,,,,,,,,,
2184.708799999931,0.7389216845401922,0.2783834814003278,73.54126399999794,21847087.999999315,24267384870.57278,12803630677.755268,2598.2754820821865,6251090785.733825,3298116306.331354,1009.9057153276212,2674961764.164482,2648.376972955763,1236.7974359390896,2156.099576662024,5710164.470231373,2.1413182919035347,,,,,,,,,,
2184.861199999931,0.7129391998259149,0.2811620876782441,73.54583599999793,21848611.99999931,24620925388.481747,13427298546.526875,2600.0942560121857,6208228734.057194,3385727357.6041217,1009.9038753840525,2674968219.7640734,2659.720490856344,1254.0206312101766,2152.993008788918,5726359.622146337,2.120954332537268,,,,,,,,,,
2185.013599999931,0.6931136459164066,0.28323610453854503,73.55040799999793,21850135.99999931,24893271996.664787,13908308059.22113,2601.4820447858515,6176775592.335837,3451072955.069746,1009.9020353280492,2674974672.8526883,2668.184966620391,1266.7422350850857,2150.689122845603,5738436.385450633,2.1063361532594453,,,,,,,,,,
2185.165999999931,0.6842004408096718,0.28397594196064235,73.55497999999793,21851659.99999931,25016462276.717728,14126099387.817358,2602.105969143323,6171647696.560591,3484957536.515733,1009.9001951596141,2674981123.4304404,2672.956322720597,1273.162311591668,2149.9578346811254,5746743.387793599,2.099462337507423,,,,,,,,,,
2185.318399999931,0.688574545651148,0.28291947007429336,73.55955199999794,21853183.99999931,24955948649.70005,14019096950.50422,2601.7997818044196,6207599199.169476,3487141932.553832,1009.8983548787505,2674987571.4974527,2674.519000539524,1273.128452513157,2151.4198736880976,5754013.330317159,2.100745604467499,,,,,,,,,,
2185.470799999931,0.7054908894213147,0.2798978352747229,73.56412399999792,21854707.999999307,24722977469.001617,13607469869.310455,2600.615637740508,6294973305.34423,3464738811.819351,1009.8965144854619,2674994017.053849,2674.2733532430448,1267.866855560626,2155.3767986113157,5764066.738724542,2.109269866559082,,,,,,,,,,
2185.623199999931,0.7312478138927846,0.2752271094063043,73.56869599999793,21856231.99999931,24371410129.874886,12987069392.18481,2598.812653027505,6430202696.509571,3426534951.419013,1009.8946739797514,2675000460.0997477,2673.3839445320787,1259.0704414603438,2161.4993505704847,5778517.6599316485,2.123299742809728,,,,,,,,,,
2185.775599999931,0.760296878399628,0.26979455601966446,73.57326799999792,21857755.999999307,23979321502.623703,12295861631.440672,2596.779218512026,6588857606.628092,3378564378.1247115,1009.8928333616219,2675006900.6352696,2671.8977172040413,1248.1643541022997,2168.6459107767228,5794400.058428205,2.140661771362405,,,,,,,,,,
2185.9279999999308,0.7869695194957249,0.2648920087844867,73.57783999999792,21859279.99999931,23623271164.643036,11668456928.822475,2594.912133635299,6728443930.039673,3323441434.020016,1009.8909926310773,2675013338.6605344,2668.741506244388,1236.115701524746,2175.0526996288118,5804653.417768317,2.158973875141705,,,,,,,,,,
2186.0803999999307,0.8071561697288199,0.261759191832426,73.58241199999792,21860803.999999307,23356234153.788624,11197881944.421503,2593.499068118983,6804516886.047936,3262348556.5813103,1009.8891517881201,2675019774.175662,2662.549420363475,1223.598947042529,2178.9746162424003,5801627.601462928,2.17599845668299,,,,,,,,,,
2186.2327999999306,0.8192355546916474,0.2610224302991255,73.58698399999793,21862327.999999307,23197418059.73252,10917950094.015198,2592.653511171585,6794019723.580535,3197630360.7929416,1009.8873108327538,2675026207.1807756,2652.819126218266,1211.250851983721,2179.5160309638304,5781861.812840171,2.190148408873044,,,,,,,,,,
2186.3851999999306,0.8238646792264479,0.262385716797811,73.59155599999791,21863851.999999303,23136745867.413643,10810989145.630106,2592.329472454149,6710302891.438048,3135488980.9893804,1009.8854697649817,2675032637.6759934,2640.840255017705,1200.0838147184852,2177.1187685161544,5749422.883852034,2.200546514025932,,,,,,,,,,
2186.5375999999305,0.82298127146001,0.2647882112438191,73.59612799999792,21865375.999999303,23148316285.830246,10831387936.115091,2592.3913109977993,6598135348.055019,3087350402.824964,1009.8836285848072,2675039065.661439,2629.810091766041,1191.8646350250044,2173.3619324920614,5715529.143127768,2.2064670890338727,,,,,,,,,,
2186.6899999999305,0.8185454356398033,0.266957658609404,73.60069999999791,21866899.999999303,23206472166.483757,10933910869.925549,2592.701819505214,6510964831.281114,3067692005.563217,1009.881787292233,2675045491.137228,2623.7920630289714,1188.9412946820742,2170.155889705575,5694037.798945064,2.20683062718465,,,,,,,,,,
2186.8423999999304,0.8117940859954725,0.26803910223498245,73.60527199999791,21868423.999999303,23295170916.787857,11090258551.60807,2593.1744139803172,6484234252.348792,3086984621.17388,1009.8799458872629,2675051914.103486,2625.6681246841117,1193.0496655839975,2168.789586179041,5694521.685577154,2.2008037053502276,,,,,,,,,,
2186.9947999999304,0.8032491825565138,0.26791363623635284,73.6098439999979,21869947.9999993,23407757058.725822,11288684337.432823,2593.772557221044,6521579814.863105,3145113635.9055586,1009.8781043698997,2675058334.5603294,2635.541949336189,1204.05350683486,2169.4256349431053,5717612.266857851,2.1888910537409054,,,,,,,,,,
2187.1471999999303,0.7932966547378912,0.26712351878349905,73.61441599999792,21871471.999999303,23539351313.325867,11520581988.358885,2594.4692341683476,6596347261.685345,3228371013.304508,1009.8762627401468,2675064752.507883,2650.3551214842446,1219.3912834704283,2171.187183800846,5754417.072287526,2.17350669749028,,,,,,,,,,
2187.2995999999303,0.7828589179084527,0.266494612998546,73.6189879999979,21872995.9999993,23677901926.824356,11764719592.679161,2595.199875746408,6665757982.960521,3311981516.966729,1009.874420998007,2675071167.946264,2664.924317424703,1234.645144878488,2172.719182206489,5790132.1835971875,2.158453648385732,,,,,,,,,,
2187.45199999993,0.7736294596687309,0.2667410001509775,73.62355999999791,21874519.9999993,23800881596.05621,11981417382.086216,2595.8459378231887,6688326194.337641,3366918464.699979,1009.8725791434844,2675077580.875593,2673.6495837426237,1244.81909534219,2172.801817916159,5809310.676026755,2.14782179494737,,,,,,,,,,
2187.60439999993,0.7676716043102682,0.26823555884157024,73.6281319999979,21876043.9999993,23880504187.885765,12121722127.127228,2596.262987698281,6637571904.4543705,3369225439.7810473,1009.8707371765817,2675083991.2959933,2672.237480025935,1245.8378285973981,2170.7361758376564,5800722.568321554,2.1449320438715693,,,,,,,,,,
2187.75679999993,0.7667330799701407,0.27093539794756355,73.6327039999979,21877567.9999993,23893063925.06134,12143854547.314367,2596.32868440209,6509879773.987024,3308702196.7442875,1009.868895097302,2675090399.2075815,2659.0301359665305,1235.8035432388829,2166.5005700589895,5760790.305375521,2.1516608772601127,,,,,,,,,,
2187.90919999993,0.7715980942924429,0.274396966001781,73.6372759999979,21879091.999999296,23828008464.79755,12029217577.125229,2595.988133399529,6326292035.428397,3193734946.9650354,1009.8670529056488,2675096804.610483,2635.7230955501564,1215.754922558638,2160.7613212005417,5695168.518259738,2.1679723821336454,,,,,,,,,,
2188.06159999993,0.7818529828664441,0.27785740964280237,73.6418479999979,21880615.9999993,23691284266.742844,11788299976.384216,2595.2702911993492,6127246744.604448,3048793043.10721,1009.865210601625,2675103207.504811,2607.045790912116,1189.501928721938,2154.7537422699274,5617541.674236945,2.191712117451764,,,,,,,,,,
2188.21399999993,0.7960467642528116,0.28042805377900787,73.64641999999789,21882139.999999296,23502938809.637062,11456417612.687849,2594.276726502303,5959966780.717382,2905163007.514953,1009.8633681852342,2675109607.890692,2579.2717249444763,1162.4379577806853,2149.9627720479857,5545338.187626616,2.218846784622205,,,,,,,,,,
2188.36639999993,0.8120043398374116,0.28143232964610215,73.6509919999979,21883663.9999993,23292405223.563477,11085383832.321697,2593.1596962113813,5860988565.483694,2789377364.0649123,1009.8615256564793,2675116005.7682443,2557.942678691574,1139.6726687012733,2147.568403547704,5493356.874844201,2.2444538234004563,,,,,,,,,,
2188.51879999993,0.8271896987176858,0.28076519916453774,73.6555639999979,21885187.999999296,23093230500.25926,10734266858.881899,2592.096721089762,5840877435.372169,2714974723.0298805,1009.8596830153639,2675122401.137589,2545.8075436346103,1124.294143050866,2147.8596239692956,5468037.23336923,2.264360763035151,,,,,,,,,,
2188.6711999999297,0.8391584303655304,0.27906571768932487,73.66013599999789,21886711.9999993,22937034400.837967,10458816112.380314,2591.258909874413,5877643582.815139,2680084632.236934,1009.8578402618907,2675128793.998846,2541.9046580113295,1116.5049983567249,2149.9440854283284,5464952.885214176,2.2766621392224056,,,,,,,,,,
2188.8235999999297,0.8460457777113255,0.27751396325876015,73.66470799999789,21888235.999999296,22847462317.922947,10300808152.113674,2590.776795560207,5924495584.78818,2671066552.939412,1009.8559973960635,2675135184.3521323,2542.3565954225687,1114.0796892308251,2152.049199263473,5471276.475421349,2.2820240060007237,,,,,,,,,,
2188.9759999999296,0.8469193020281319,0.2773224901439892,73.66927999999788,21889759.999999296,22836117909.56899,10280793493.384817,2590.715648858031,5930191613.56315,2669765307.6006536,1009.8541544178852,2675141572.197578,2542.3812444013674,1113.7415271217883,2152.3072026471414,5471985.4642000655,2.2827390220166914,,,,,,,,,,
2189.1283999999296,0.8418385741287461,0.27916688162609155,73.67385199999788,21891283.999999296,22902151551.256615,10397286174.05081,2591.0712998109875,5864157523.512908,2662253099.02516,1009.8523113273587,2675147957.5352926,2538.650000980453,1112.8613596074797,2149.64732562805,5457202.185313278,2.2811916139094515,,,,,,,,,,
2189.2807999999295,0.8316111781848987,0.28289368505067153,73.67842399999789,21892807.999999296,23035448423.808838,10632380060.377832,2591.7872175270572,5731038332.341086,2645252506.873884,1009.850468124488,2675154340.3654027,2530.8000707481892,1110.693181828292,2144.2673009714836,5426711.837001659,2.2785771193645803,,,,,,,,,,
2189.4331999999295,0.8175565036059399,0.2876398412320149,73.68299599999787,21894331.999999292,23219450661.182987,10956789212.317392,2592.7710447475843,5565677926.393,2626330861.697868,1009.8486248092757,2675160720.6880283,2521.307454755005,1108.4746667347736,2137.459491193932,5389192.549384101,2.2745738178951833,,,,,,,,,,
2189.5855999999294,0.8014775182547141,0.29227286176084044,73.68756799999788,21895855.999999296,23431145838.577133,11329902358.0699,2593.89657372217,5412359073.049066,2617093515.0554895,1009.8467813817254,2675167098.503285,2513.7247356139274,1108.2196939987766,2130.9218077431633,5356550.857783135,2.2682548859456584,,,,,,,,,,
2189.7379999999293,0.7857179174949176,0.2958574544923763,73.69213999999788,21897379.999999292,23639896023.435913,11697751025.582062,2594.9997457753557,5303997860.738424,2624582035.116757,1009.84493784184,2675173473.8112984,2510.526842836528,1111.082776406422,2126.019879323794,5337429.975446461,2.2595317794020096,,,,,,,,,,
2189.8903999999293,0.7729508954136017,0.29789079023701975,73.69671199999787,21898903.999999292,23809940747.117584,11997380428.660086,2595.8934373210477,5253758591.04172,2647269943.5297527,1009.8430941896225,2675179846.6121845,2512.055737825258,1116.5567198327583,2123.423647249931,5334158.556908025,2.24982367058032,,,,,,,,,,
2190.0427999999292,0.7654223716771869,0.2983055731556967,73.70128399999787,21900427.999999292,23910612167.470875,12174777925.837719,2596.420433982597,5257960390.601247,2677242207.3538322,1009.8412504250771,2675186216.9060674,2516.923146858328,1122.936050402347,2123.135021274574,5343767.678951523,2.241377098861967,,,,,,,,,,
2190.195199999929,0.7640185310328047,0.297331702576669,73.70585599999788,21901951.999999292,23929417373.051697,12207916810.6814,2596.5187028277037,5304470153.634657,2706147389.666092,1009.8394065482062,2675192584.6930623,2523.306583358796,1128.55295621268,2124.7486462217694,5361392.24699408,2.2358778730479614,,,,,,,,,,
2190.347599999929,0.7677366507030183,0.2953989773933609,73.71042799999786,21903475.99999929,23879633881.08863,12120188504.03751,2596.2584344507886,5377883081.213548,2729562648.3035,1009.837562559013,2675198949.9732966,2529.8775392820926,1132.656821157051,2127.631331178474,5382646.716621281,2.233578160680416,,,,,,,,,,
2190.499999999929,0.7741779649405308,0.29309679016126605,73.71499999999787,21904999.999999292,23793560551.82101,11968517079.273287,2595.807542454163,5459637368.140684,2746279311.3672695,1009.8357184575013,2675205312.7468886,2535.705911819852,1135.2310639532836,2130.9642915545332,5403498.751971833,2.2336473977285385,,,,,,,,,,
2190.652399999929,0.780801054937567,0.2911008778041075,73.71957199999788,21906523.999999292,23705284057.17751,11812968333.177464,2595.3439261543704,5527533493.805112,2754515742.7939367,1009.8338742436739,2675211673.013955,2539.651941835438,1136.1762772567342,2133.8005582759306,5419110.731315008,2.2352622499453663,,,,,,,,,,
2190.804799999929,0.7862272960409789,0.290022455226101,73.72414399999786,21908047.99999929,23633129047.584312,11685827182.315437,2594.9640892771313,5558498057.210518,2748499682.7552013,1009.8320299175339,2675218030.774617,2539.9395704327703,1134.552186698228,2135.240197564055,5423381.07017163,2.2387155039773874,,,,,,,,,,
2190.957199999929,0.7906985107767139,0.2901903812207962,73.72871599999787,21909571.99999929,23573787034.32316,11581261729.635159,2594.65110424563,5537104043.57815,2720252416.7853074,1009.8301854790848,2675224386.0289984,2534.735714778277,1128.8362757721522,2134.7513176620737,5411030.407048045,2.245441406500207,,,,,,,,,,
2191.109599999929,0.7954490458343347,0.29153288323819837,73.73328799999787,21911095.99999929,23510849569.599407,11470357705.889233,2594.3185667915964,5463210417.753984,2665364240.822986,1009.8283409283297,2675230738.7772136,2523.295495484693,1118.0087769445586,2132.3875627829343,5380643.9317977615,2.2569549967046654,,,,,,,,,,
2191.261999999929,0.8015123471190255,0.29363758351526875,73.73785999999787,21912619.99999929,23430685890.51484,11329091801.252403,2593.8941357016683,5352889814.546043,2588203366.915972,1009.8264962652719,2675237089.019387,2506.815668899653,1102.647328351381,2128.752341932829,5336389.725964047,2.273451904742479,,,,,,,,,,
2191.4143999999287,0.8088225094040331,0.295926146478367,73.74243199999786,21914143.999999285,23334282670.1204,11159193644.722906,2593.3824243417175,5232489649.809999,2502342414.879851,1009.8246514899147,2675243436.7556357,2488.3735056822757,1085.2199936373042,2124.7662748958182,5287212.104217977,2.2929668825415366,,,,,,,,,,
2191.5667999999287,0.8160937026003946,0.2978627780327,73.74700399999787,21915667.99999929,23238656900.944073,10990644847.996227,2592.8734408179726,5128885895.599299,2425689384.059839,1009.8228066022612,2675249781.9860873,2471.8907794445263,1069.3313302449537,2121.341581144053,5243724.694482258,2.3116228894914035,,,,,,,,,,
2191.7191999999286,0.8215083232992572,0.2990402479513785,73.75157599999785,21917191.999999285,23167616660.10653,10865413742.34154,2592.494417369052,5063740806.317758,2374851058.3465257,1009.8209616023146,2675256124.710854,2461.016862923406,1058.5979597480225,2119.2113547305016,5215414.88009052,2.324788972301817,,,,,,,,,,
2191.8715999999285,0.8235814344139367,0.2991549403278676,73.75614799999786,21918715.999999285,23140455247.621155,10817528878.00738,2592.349299591024,5053005042.546151,2362141426.4993367,1009.8191164900778,2675262464.930056,2458.523992051623,1055.832172866918,2118.9275770984113,5209434.285716259,2.3285177845792986,,,,,,,,,,
2192.0239999999285,0.8218114325988602,0.2979196912265888,73.76071999999786,21920239.999999285,23163644084.94045,10858410347.264374,2592.4731997180797,5109933825.52505,2395381232.8255725,1009.8172712655548,2675268802.6438193,2466.2592668688676,1062.723239633043,2120.9688341955734,5230859.042074892,2.320697595472236,,,,,,,,,,
2192.1763999999284,0.8168807255095983,0.2950535524464577,73.76529199999786,21921763.999999285,23228322164.462845,10972427511.479212,2592.818349214328,5245955619.173679,2478046729.000641,1009.8154259287481,2675275137.8522596,2485.0923801449653,1079.689519148325,2125.74771316579,5282679.444098891,2.3016731533202646,,,,,,,,,,
2192.3287999999284,0.8104788547491141,0.29039120605427005,73.76986399999785,21923287.99999928,23312476526.279716,11120760416.747025,2593.2664801675623,5466937907.282879,2607895673.871907,1009.8135804796613,2675281470.555497,2514.5061884867177,1105.6159918917308,2133.4456828970615,5364562.372444932,2.2743033810358946,,,,,,,,,,
2192.4811999999283,0.8048664579220425,0.2840360391964103,73.77443599999785,21924811.999999285,23386420189.158997,11251081526.21799,2593.6593479454573,5766804373.240999,2774378704.576683,1009.8117349182978,2675287800.753654,2552.047409335573,1137.6057979233444,2143.789545250534,5471052.555117311,2.243349509992158,,,,,,,,,,
2192.6335999999283,0.8022808978330871,0.27643576674518666,73.77900799999784,21926335.99999928,23420538002.172775,11311208298.701351,2593.840337151684,6123066035.2363405,2957202577.704933,1009.8098892446603,2675294128.4468484,2593.2356898211697,1171.171306317805,2155.9576657367843,5590906.364532169,2.214224064261252,,,,,,,,,,
2192.785999999928,0.8042205642673269,0.26830839996179984,73.78357999999785,21927859.999999285,23394939956.46454,11266096353.456049,2593.704560501287,6499127699.176232,3129728009.9281597,1009.8080434587522,2675300453.6352005,2632.5241715289376,1201.296944730439,2168.7318203085365,5709238.938526175,2.19140170386403,,,,,,,,,,
2192.938399999928,0.8107815215831321,0.2604754687851525,73.78815199999784,21929383.99999928,23308493323.41957,11113739918.759247,2593.2452934891808,6853293328.352697,3267723854.1948614,1009.8061975605767,2675306776.3188343,2665.0628560278915,1224.0944502831521,2180.7982526844394,5811964.419719827,2.1771709326934867,,,,,,,,,,
2193.090799999928,0.8204354473583599,0.2537237971029697,73.79272399999785,21930907.999999285,23181681465.803818,10890208684.265749,2592.569518684915,7148360806.846818,3358131766.749682,1009.8043515501374,2675313096.4978647,2688.118805864063,1238.0244755982035,2190.9843305571626,5889626.1823241925,2.1712969806717153,,,,,,,,,,
2193.243199999928,0.8303632973816153,0.24874021669945307,73.79729599999784,21932431.99999928,23051746785.260643,10661120162.44375,2591.874569183287,7356945693.964171,3402487577.3004603,1009.8025054274372,2675319414.1724157,2701.420510957999,1244.0845383854246,2198.349621210506,5938666.756994808,2.1714123338144753,,,,,,,,,,
2193.395599999928,0.8373984547569875,0.24607784756615886,73.80186799999784,21933955.99999928,22959959607.53936,10499250941.20148,2591.3821081670108,7461564361.827754,3412063348.0134997,1009.8006591924793,2675325729.342602,2706.256333983137,1244.747190476255,2202.189949452791,5959690.499340621,2.174141347487349,,,,,,,,,,
2193.547999999928,0.8392769254041205,0.24606840164632898,73.80643999999783,21935479.99999928,22935491431.12542,10456094581.96919,2591.2506152217115,7454089230.088321,3398255592.0501995,1009.7988128452669,2675332042.008547,2704.0654333124194,1242.249925103623,2202.1052979302335,5954636.816647291,2.1767483166375383,,,,,,,,,,
2193.700399999928,0.8355434358388822,0.24866778594770064,73.81101199999785,21937003.99999928,22984138854.45143,10541895118.747986,2591.5119594912785,7339000944.290212,3366102977.4067807,1009.7969663858033,2675338352.1703744,2695.6803453319476,1237.4596482647562,2198.1903941554574,5925618.640822354,2.1783985838342286,,,,,,,,,,
2193.852799999928,0.8276967488697389,0.25332895864548516,73.81558399999783,21938527.999999277,23086599320.881714,10722574778.4403,2592.0612275791186,7138626118.113988,3315536052.0148225,1009.7951198140915,2675344659.828196,2681.7232124281404,1230.0794189421313,2191.227402198959,5876265.388185562,2.180122007678515,,,,,,,,,,
2194.0051999999278,0.818391945249791,0.2590398173741883,73.82015599999784,21940051.99999928,23208486221.066914,10937461255.324318,2592.7125638325147,6894014847.018153,3248941769.172626,1009.7932731301354,2675350964.9821386,2663.7723362572333,1220.047057733962,2182.6734398508906,5814145.128158219,2.183335732315731,,,,,,,,,,
2194.1575999999277,0.8100927825268194,0.2645674403118604,73.82472799999783,21941575.999999277,23317558033.05475,11129716648.614168,2593.293505223123,6657028388.737386,3177469938.4642754,1009.7914263339376,2675357267.6323204,2645.1252976303003,1208.859861178379,2174.3504134829013,5751429.284616526,2.188115746561285,,,,,,,,,,
2194.3099999999276,0.8038444185042761,0.26885758198374327,73.82929999999783,21943099.999999277,23399902531.130905,11274842091.890795,2593.7308907047004,6474278239.211925,3119520036.8448434,1009.7895794255014,2675363567.7788596,2630.1460790716196,1199.5728975455436,2167.8762597500154,5701831.244493951,2.1925687754809933,,,,,,,,,,
2194.4623999999276,0.7988909054504848,0.2713533735181636,73.83387199999783,21944623.999999277,23465321554.03054,11390128547.706886,2594.077636618466,6373504429.361069,3093715744.8555164,1009.7877324048301,2675369865.4218774,2622.7214545851916,1195.6222628310356,2164.1752264793276,5676028.797969099,2.193603729304121,,,,,,,,,,
2194.6147999999275,0.7933381585158612,0.2721083837395471,73.83844399999784,21946147.999999277,23538801502.17902,11519613148.167196,2594.46632890389,6357601837.105971,3111335711.240787,1009.7858852719268,2675376160.561496,2624.749369588444,1199.2754041270075,2163.2614946435283,5678019.2443205565,2.1886126910933243,,,,,,,,,,
2194.7671999999275,0.7855587660153904,0.27164243013386735,73.84301599999782,21947671.999999274,23642010587.1056,11701477018.106,2595.010886378923,6407694308.1435,3171451404.673838,1009.7840380267951,2675382453.19783,2635.399423433239,1210.4885002942365,2164.3960129790994,5704048.00468632,2.1771371002637743,,,,,,,,,,
2194.9195999999274,0.7754274314309619,0.2706575586697443,73.84758799999783,21949195.999999277,23776889455.94806,11939141314.32381,2595.7200797998325,6491602563.935885,3259642541.1680064,1009.7821906694376,2675388743.3310027,2651.2882419500966,1226.6149331057213,2166.474002525952,5743947.049387621,2.161467442139467,,,,,,,,,,
2195.0719999999274,0.7646670392658924,0.26976291998513957,73.85215999999782,21950719.999999274,23920728958.036545,12192605856.77721,2596.4733072513873,6574295869.458631,3350976404.7227015,1009.7803431998582,2675395030.9611354,2667.462168178626,1243.1162444325903,2168.4423801489706,5784238.012922594,2.145786590855923,,,,,,,,,,
2195.2243999999273,0.7560901826311286,0.26932321371808976,73.85673199999782,21952243.999999277,24035818466.55297,12395430693.278072,2597.073687215821,6627422695.754732,3417805755.7973886,1009.7784956180598,2675401316.088347,2678.96153891755,1255.1222533474702,2169.5782450954407,5812216.67428292,2.1344227877185937,,,,,,,,,,
2195.3767999999272,0.7522463142714291,0.2694481108424621,73.86130399999782,21953767.999999274,24087525451.38895,12486564499.845623,2597.342758001,6635557441.317324,3439760391.769994,1009.7766479240453,2675407598.7127533,2682.4082643980473,1259.1476369882673,2169.5760688032483,5819688.7771980595,2.1303365749977115,,,,,,,,,,
2195.529199999927,0.7542786064684798,0.2700903983054593,73.86587599999783,21955291.999999274,24060177554.702225,12438362862.637506,2597.2004975472064,6596617952.144484,3410246145.0425196,1009.7748001178186,2675413878.834479,2676.8160523446886,1254.0589466509828,2168.4520586481817,5804547.279329339,2.1345217140655457,,,,,,,,,,
2195.681599999927,0.7615720234434826,0.27119768681039025,73.87044799999781,21956815.99999927,23962214628.20131,12265714110.004051,2596.689958358956,6516007646.352257,3335396505.241824,1009.7729521993823,2675420156.453643,2663.1827791177443,1240.8299168892422,2166.32173712841,5769310.744348818,2.1462915608888102,,,,,,,,,,
2195.833999999927,0.7721019030570125,0.27285749910923834,73.87501999999782,21958339.99999927,23821278584.807632,12017358815.680593,2595.952866786009,6397987651.577859,3227656862.8998995,1009.7711041687401,2675426431.5703645,2643.312092885185,1221.519017470178,2163.1512779055774,5717883.931627854,2.163954924221815,,,,,,,,,,
2195.986399999927,0.7830123612118081,0.2753078609810339,73.87959199999781,21959863.99999927,23675861070.54058,11761123495.44607,2595.189134715173,6242880021.1315775,3101187436.309999,1009.7692560258948,2675432704.1847644,2619.110674082654,1198.5793690843432,2158.7105791564177,5653901.9201237215,2.185179172642967,,,,,,,,,,
2196.138799999927,0.7912581310680549,0.27874761361582634,73.88416399999781,21961387.99999927,23566366939.447945,11568186749.090519,2594.6119308252364,6053636045.041005,2971590506.9286246,1009.7674077708498,2675438974.29696,2592.835705480966,1174.8666435844195,2152.8403020717137,5581961.203409968,2.2069191594123754,,,,,,,,,,
2196.291199999927,0.7942710652028044,0.2830172978252264,73.8887359999978,21962911.999999266,23526445357.35151,11497839898.389582,2594.4010254358036,5847571324.753749,2857823945.147037,1009.7655594036086,2675445241.907074,2567.899524161576,1154.0132407305584,2145.9217778013535,5510511.51210406,2.225190694117118,,,,,,,,,,
2196.443599999927,0.7907360408861778,0.287388905607108,73.89330799999782,21964435.99999927,23573289366.65582,11580384788.73626,2594.648477137968,5661723942.169552,2781323420.679047,1009.7637109241739,2675451507.015226,2549.0643697692403,1140.2578705791354,2139.1701786624085,5452882.483301246,2.2355156982819806,,,,,,,,,,
2196.595999999927,0.7811503792859601,0.2907439637695557,73.8978799999978,21965959.999999266,23700634370.89978,11804775344.535503,2595.319473449983,5542287159.476364,2760493824.285702,1009.7618623325493,2675457769.6215315,2541.198617587077,1137.2679280358652,2134.3281688087127,5423751.792053858,2.234476639094088,,,,,,,,,,
2196.7483999999267,0.7676549105210448,0.2921074143993277,73.90245199999781,21967483.999999266,23880727550.803627,12122115729.315222,2596.2641562635267,5523566396.96813,2803822076.1976385,1009.7600136287379,2675464029.726118,2547.1491112819476,1146.5596225036913,2132.8345332246563,5432647.585814631,2.221558357096032,,,,,,,,,,
2196.9007999999267,0.7530678563603331,0.29122023667167013,73.9070239999978,21969007.999999266,24076467550.381172,12467074321.551659,2597.285250054777,5608709890.310608,2904255074.1384478,1009.7581648127427,2675470287.329096,2565.8528919951136,1166.3314177533803,2134.9652365679053,5478006.726556792,2.199934643737481,,,,,,,,,,
2197.0531999999266,0.7396769449019704,0.2887578566205499,73.9115959999978,21970531.999999266,24257164271.818253,12785610132.765055,2598.222613856862,5763068702.326283,3037632460.6866713,1009.7563158845675,2675476542.4305916,2591.9570132600543,1191.5365195710463,2139.5404903404024,5545596.979091661,2.1753063969815716,,,,,,,,,,
2197.2055999999266,0.7285721315988145,0.28597129963098433,73.9161679999978,21972055.999999262,24407757784.973537,13051177041.013142,2598.999950788083,5928059340.588529,3169818081.826576,1009.7544668442149,2675482795.030725,2617.890557669513,1215.771564900922,2144.5213543119826,5614122.204173975,2.153275033935224,,,,,,,,,,
2197.3579999999265,0.7198117263839535,0.2839944485201937,73.9207399999978,21973579.999999266,24527043121.301594,13261614880.65625,2599.6131791531234,6050032190.654052,3271213595.9978414,1009.7526176916884,2675489045.129611,2637.3613546758966,1234.0337610571771,2148.1016057768775,5665320.160993175,2.1371873589718575,,,,,,,,,,
2197.5103999999264,0.7131788083259119,0.2832350555151589,73.92531199999779,21975103.999999262,24617647695.365448,13421513076.779844,2600.077483417186,6108434724.372245,3330311553.1729975,1009.7507684269913,2675495292.727375,2648.163823978343,1244.6849621604679,2149.6412080096984,5692602.081584387,2.127577583472833,,,,,,,,,,
2197.6627999999264,0.7088119420616479,0.28322638282398793,73.9298839999978,21976627.999999266,24677435172.198486,13527056166.130665,2600.3831640556846,6123683307.1291895,3356726801.675703,1009.7489190501266,2675501537.824131,2652.5906514516705,1249.5439518071544,2149.8735804467956,5702734.561296101,2.122847017598187,,,,,,,,,,
2197.8151999999263,0.7070982601987617,0.2829979984853466,73.9344559999978,21978151.999999262,24700927330.38639,13568534126.80122,2600.503121786087,6140414051.189544,3373007680.7181864,1009.7470695610978,2675507780.420006,2655.5727315314043,1252.4398610255948,2150.3223429279637,5710337.377882222,2.1203195571856166,,,,,,,,,,
2197.9675999999263,0.708150355337236,0.2816844336316625,73.93902799999779,21979675.999999266,24686502592.273453,13543065191.41728,2600.4294751263933,6199680645.953595,3401157326.368164,1009.7452199599078,2675514020.5151105,2661.776747367663,1257.0601460532803,2152.3584816230186,5729097.758383721,2.117461726652214,,,,,,,,,,
2198.119999999926,0.7112098990160868,0.27902354557337805,73.94359999999779,21981199.999999262,24644590850.489902,13469072780.194878,2600.2153070688737,6317247453.11096,3452581795.033567,1009.74337024656,2675520258.1095724,2673.3642263373945,1265.3296431300341,2156.436188121754,5764939.361704074,2.112780840038109,,,,,,,,,,
2198.272399999926,0.714644439802095,0.2755191359870575,73.94817199999778,21982723.999999262,24597605902.669273,13386138827.288725,2599.974889213853,6475582636.377249,3524044108.240613,1009.7415204210575,2675526493.203508,2689.143879287124,1276.7603269251201,2161.8351654262747,5813485.803133734,2.1062244985035767,,,,,,,,,,
2198.424799999926,0.7165524431835818,0.27221611227770026,73.95274399999778,21984247.999999262,24571533199.483215,13340123912.45536,2599.8413289771493,6631199805.594012,3600142749.608092,1009.7396704834036,2675532725.7970343,2705.3304389601044,1288.9361473020083,2166.9900373756586,5862424.109035663,2.0988863138200307,,,,,,,,,,
2198.577199999926,0.7156612284653554,0.2702697620934356,73.95731599999779,21985771.999999262,24583708998.12188,13361612046.185402,2599.903714007425,6731207586.816489,3658511593.3585486,1009.7378204336019,2675538955.890276,2716.991689293214,1298.4025113325795,2170.1299562621325,5896225.05585046,2.09256502939501,,,,,,,,,,
2198.729599999926,0.7120308705421825,0.2704436198991057,73.96188799999777,21987295.99999926,24633353734.87853,13449236551.465202,2600.157839062047,6736115587.277349,3677761986.7095113,1009.7359702716549,2675545183.4833493,2719.8952479566733,1301.8414679750297,2170.038391699673,5902277.109467482,2.0892676373163765,,,,,,,,,,
2198.881999999926,0.7070244377361334,0.272768600385674,73.96645999999778,21988819.999999262,24701939711.38565,13570321689.294434,2600.508289358471,6638931645.156375,3647180713.3624897,1009.7341199975663,2675551408.5763745,2712.3200129476154,1297.4474249938266,2166.595045652214,5876499.102275653,2.0905047562605636,,,,,,,,,,
2199.034399999926,0.7027015449456927,0.2764782757491833,73.97103199999778,21990343.99999926,24761277472.557213,13675108419.109667,2600.810891853802,6471502084.924524,3574068128.912957,1009.7322696113391,2675557631.1694717,2696.2249845537676,1286.0647978351906,2160.9122177948198,5826305.511045885,2.096492330007224,,,,,,,,,,
2199.186799999926,0.7008640289018305,0.2802799091750118,73.97560399999777,21991867.99999926,24786532690.166237,13719716134.301472,2600.9395179768717,6292638140.037876,3483069217.3193765,1009.7304191129765,2675563851.262762,2676.958928139754,1271.3405278200084,2154.955576268847,5768727.569637438,2.10561912372131,,,,,,,,,,
2199.3391999999258,0.702403736700662,0.28288606399533794,73.98017599999777,21993391.99999926,24765369284.412468,13682335336.448996,2600.831738430954,6161794067.093661,3404259057.553459,1009.728568502482,2675570068.8563633,2660.9173793648483,1258.1090053954756,2150.730825279383,5722917.031321614,2.1150133795667507,,,,,,,,,,
2199.4915999999257,0.7070003152319244,0.2835830701434065,73.98474799999778,21994915.99999926,24702270527.58754,13570905813.602043,2600.509977933765,6112839590.688505,3358264992.128764,1009.7267177798585,2675576283.9503937,2652.4480731790004,1249.9705779086153,2149.390777086583,5701147.425192022,2.1220084056833852,,,,,,,,,,
2199.6439999999257,0.713228989423934,0.28255997796544374,73.98931999999776,21996439.999999255,24616961291.06656,13420301511.100142,2600.0739707403245,6140404684.961991,3347532674.6468415,1009.7248669451095,2675582496.544974,2651.8423775169954,1247.5903122820243,2150.7049630145852,5703330.562458199,2.125571472790927,,,,,,,,,,
2199.7963999999256,0.7190542386590325,0.2807797387487021,73.99389199999777,21997963.99999926,24537377667.957947,13279850538.168484,2599.6662032938675,6205443993.235415,3358442367.733252,1009.723015998238,2675588706.6402254,2655.7328008897753,1248.8851208388396,2153.242370539722,5718436.391707995,2.1264828578516473,,,,,,,,,,
2199.9487999999255,0.722490036663049,0.2794716543743387,73.99846399999777,21999487.999999255,24490528391.2752,13197188595.087353,2599.4256974335867,6256227558.27914,3371287612.1450477,1009.7211649392475,2675594914.236266,2659.394461668921,1250.717763645972,2155.1483417710087,5731389.564180779,2.1262946277475985,,,,,,,,,,
